transaction_id,email,transaction_date,time_spent_min,total_bill_amount,name,phone,loyalty_enrolled,loyalty_id,tier,points_earned,gender,age,birthday,occupation
T000957,abigail.chen229@hotmail.com,2025-01-13,30,101.93,Abigail Chen,1-647-44-4022,Y,L000230,Frequent,4022,Male,29,1996-03-07,Nurse
T001882,abigail.chen229@hotmail.com,2025-04-13,100,94.43,Abigail Chen,1-647-44-4022,Y,L000230,Frequent,4022,Male,29,1996-03-07,Nurse
T003716,abigail.chen229@hotmail.com,2025-08-26,104,8.49,Abigail Chen,1-647-44-4022,Y,L000230,Frequent,4022,Male,29,1996-03-07,Nurse
T004058,abigail.chen229@hotmail.com,2025-09-21,77,141.43,Abigail Chen,1-647-44-4022,Y,L000230,Frequent,4022,Male,29,1996-03-07,Nurse
T004237,abigail.chen229@hotmail.com,2025-10-05,82,55.94,Abigail Chen,1-647-44-4022,Y,L000230,Frequent,4022,Male,29,1996-03-07,Nurse
T000710,abigail.chow473@gmail.com,2024-12-22,148,65.74,Abigail Chow,1-437-515-2073,Y,L000474,Frequent,4733,Male,39,1986-03-16,Consultant
T001261,abigail.chow473@gmail.com,2025-02-15,146,54.96,Abigail Chow,1-437-515-2073,Y,L000474,Frequent,4733,Male,39,1986-03-16,Consultant
T001342,abigail.chow473@gmail.com,2025-02-24,149,150.77,Abigail Chow,1-437-515-2073,Y,L000474,Frequent,4733,Male,39,1986-03-16,Consultant
T001455,abigail.chow473@gmail.com,2025-03-07,151,59.44,Abigail Chow,1-437-515-2073,Y,L000474,Frequent,4733,Male,39,1986-03-16,Consultant
T001847,abigail.chow473@gmail.com,2025-04-09,146,24.98,Abigail Chow,1-437-515-2073,Y,L000474,Frequent,4733,Male,39,1986-03-16,Consultant
T002337,abigail.chow473@gmail.com,2025-05-20,122,95.44,Abigail Chow,1-437-515-2073,Y,L000474,Frequent,4733,Male,39,1986-03-16,Consultant
T002427,abigail.chow473@gmail.com,2025-05-29,95,21.98,Abigail Chow,1-437-515-2073,Y,L000474,Frequent,4733,Male,39,1986-03-16,Consultant
T000175,abigail.johnson162@yahoo.com,2024-11-11,125,82.76,Abigail Johnson,1-437-929-5201,Y,L000163,Very Frequent,10856,Male,31,1994-10-04,Operations Manager
T000648,abigail.johnson162@yahoo.com,2024-12-16,86,19.98,Abigail Johnson,1-437-929-5201,Y,L000163,Very Frequent,10856,Male,31,1994-10-04,Operations Manager
T000694,abigail.johnson162@yahoo.com,2024-12-21,97,164.9,Abigail Johnson,1-437-929-5201,Y,L000163,Very Frequent,10856,Male,31,1994-10-04,Operations Manager
T001866,abigail.johnson162@yahoo.com,2025-04-12,109,80.14,Abigail Johnson,1-437-929-5201,Y,L000163,Very Frequent,10856,Male,31,1994-10-04,Operations Manager
T001878,abigail.johnson162@yahoo.com,2025-04-13,152,139.46,Abigail Johnson,1-437-929-5201,Y,L000163,Very Frequent,10856,Male,31,1994-10-04,Operations Manager
T001973,abigail.johnson162@yahoo.com,2025-04-21,66,80.94,Abigail Johnson,1-437-929-5201,Y,L000163,Very Frequent,10856,Male,31,1994-10-04,Operations Manager
T002641,abigail.johnson162@yahoo.com,2025-06-14,101,49.47,Abigail Johnson,1-437-929-5201,Y,L000163,Very Frequent,10856,Male,31,1994-10-04,Operations Manager
T002908,abigail.johnson162@yahoo.com,2025-07-01,40,39.96,Abigail Johnson,1-437-929-5201,Y,L000163,Very Frequent,10856,Male,31,1994-10-04,Operations Manager
T002982,abigail.johnson162@yahoo.com,2025-07-07,48,48.83,Abigail Johnson,1-437-929-5201,Y,L000163,Very Frequent,10856,Male,31,1994-10-04,Operations Manager
T003240,abigail.johnson162@yahoo.com,2025-07-25,105,96.54,Abigail Johnson,1-437-929-5201,Y,L000163,Very Frequent,10856,Male,31,1994-10-04,Operations Manager
T004331,abigail.johnson162@yahoo.com,2025-10-13,96,148.42,Abigail Johnson,1-437-929-5201,Y,L000163,Very Frequent,10856,Male,31,1994-10-04,Operations Manager
T004389,abigail.johnson162@yahoo.com,2025-10-19,105,61.97,Abigail Johnson,1-437-929-5201,Y,L000163,Very Frequent,10856,Male,31,1994-10-04,Operations Manager
T004491,abigail.johnson162@yahoo.com,2025-10-28,45,72.24,Abigail Johnson,1-437-929-5201,Y,L000163,Very Frequent,10856,Male,31,1994-10-04,Operations Manager
T000608,abigail.nguyen35@yahoo.com,2024-12-15,125,129.91,Abigail Nguyen,1-416-632-7300,Y,L000036,Frequent,5984,Female,30,1995-02-05,Research Assistant
T001093,abigail.nguyen35@yahoo.com,2025-01-28,94,33.47,Abigail Nguyen,1-416-632-7300,Y,L000036,Frequent,5984,Female,30,1995-02-05,Research Assistant
T001156,abigail.nguyen35@yahoo.com,2025-02-03,50,172.87,Abigail Nguyen,1-416-632-7300,Y,L000036,Frequent,5984,Female,30,1995-02-05,Research Assistant
T002399,abigail.nguyen35@yahoo.com,2025-05-26,122,83.46,Abigail Nguyen,1-416-632-7300,Y,L000036,Frequent,5984,Female,30,1995-02-05,Research Assistant
T003935,abigail.nguyen35@yahoo.com,2025-09-09,64,74.73,Abigail Nguyen,1-416-632-7300,Y,L000036,Frequent,5984,Female,30,1995-02-05,Research Assistant
T004473,abigail.nguyen35@yahoo.com,2025-10-26,41,103.97,Abigail Nguyen,1-416-632-7300,Y,L000036,Frequent,5984,Female,30,1995-02-05,Research Assistant
T000034,abigail.nowak26@outlook.com,2024-10-30,122,50.53,Abigail Nowak,1-416-650-5510,Y,L000027,Frequent,6161,Female,34,1991-07-09,Graphic Designer
T000852,abigail.nowak26@outlook.com,2024-12-30,125,45.97,Abigail Nowak,1-416-650-5510,Y,L000027,Frequent,6161,Female,34,1991-07-09,Graphic Designer
T000930,abigail.nowak26@outlook.com,2025-01-09,80,20.48,Abigail Nowak,1-416-650-5510,Y,L000027,Frequent,6161,Female,34,1991-07-09,Graphic Designer
T001454,abigail.nowak26@outlook.com,2025-03-07,64,109.45,Abigail Nowak,1-416-650-5510,Y,L000027,Frequent,6161,Female,34,1991-07-09,Graphic Designer
T001680,abigail.nowak26@outlook.com,2025-03-26,84,195.37,Abigail Nowak,1-416-650-5510,Y,L000027,Frequent,6161,Female,34,1991-07-09,Graphic Designer
T003027,abigail.nowak26@outlook.com,2025-07-11,131,67.46,Abigail Nowak,1-416-650-5510,Y,L000027,Frequent,6161,Female,34,1991-07-09,Graphic Designer
T003197,abigail.nowak26@outlook.com,2025-07-22,129,62.48,Abigail Nowak,1-416-650-5510,Y,L000027,Frequent,6161,Female,34,1991-07-09,Graphic Designer
T003663,abigail.nowak26@outlook.com,2025-08-23,81,17.48,Abigail Nowak,1-416-650-5510,Y,L000027,Frequent,6161,Female,34,1991-07-09,Graphic Designer
T004373,abigail.nowak26@outlook.com,2025-10-18,33,46.97,Abigail Nowak,1-416-650-5510,Y,L000027,Frequent,6161,Female,34,1991-07-09,Graphic Designer
T000985,abigail.park335@gmail.com,2025-01-16,96,49.47,Abigail Park,1-647-124-5943,Y,L000336,Frequent,3115,Male,38,1987-03-27,Sales Associate
T001810,abigail.park335@gmail.com,2025-04-06,110,83.61,Abigail Park,1-647-124-5943,Y,L000336,Frequent,3115,Male,38,1987-03-27,Sales Associate
T003382,abigail.park335@gmail.com,2025-08-03,63,108.46,Abigail Park,1-647-124-5943,Y,L000336,Frequent,3115,Male,38,1987-03-27,Sales Associate
T003582,abigail.park335@gmail.com,2025-08-17,72,69.96,Abigail Park,1-647-124-5943,Y,L000336,Frequent,3115,Male,38,1987-03-27,Sales Associate
T000119,abigail.singh287@yahoo.com,2024-11-08,32,92.94,Abigail Singh,1-416-985-5017,Y,L000288,Frequent,6729,Male,24,2001-02-17,Software Engineer
T001694,abigail.singh287@yahoo.com,2025-03-28,106,33.75,Abigail Singh,1-416-985-5017,Y,L000288,Frequent,6729,Male,24,2001-02-17,Software Engineer
T001874,abigail.singh287@yahoo.com,2025-04-12,65,102.96,Abigail Singh,1-416-985-5017,Y,L000288,Frequent,6729,Male,24,2001-02-17,Software Engineer
T001997,abigail.singh287@yahoo.com,2025-04-23,102,57.45,Abigail Singh,1-416-985-5017,Y,L000288,Frequent,6729,Male,24,2001-02-17,Software Engineer
T002566,abigail.singh287@yahoo.com,2025-06-08,111,120.88,Abigail Singh,1-416-985-5017,Y,L000288,Frequent,6729,Male,24,2001-02-17,Software Engineer
T003307,abigail.singh287@yahoo.com,2025-07-29,112,50.99,Abigail Singh,1-416-985-5017,Y,L000288,Frequent,6729,Male,24,2001-02-17,Software Engineer
T003806,abigail.singh287@yahoo.com,2025-08-31,85,142.49,Abigail Singh,1-416-985-5017,Y,L000288,Frequent,6729,Male,24,2001-02-17,Software Engineer
T003849,abigail.singh287@yahoo.com,2025-09-03,33,49.96,Abigail Singh,1-416-985-5017,Y,L000288,Frequent,6729,Male,24,2001-02-17,Software Engineer
T004273,abigail.singh287@yahoo.com,2025-10-08,44,21.49,Abigail Singh,1-416-985-5017,Y,L000288,Frequent,6729,Male,24,2001-02-17,Software Engineer
T000660,abigail.smith468@outlook.com,2024-12-18,170,90.94,Abigail Smith,1-647-237-9895,Y,L000469,Frequent,5711,Prefer not to say,32,1993-09-24,Electrician
T002039,abigail.smith468@outlook.com,2025-04-27,50,101.96,Abigail Smith,1-647-237-9895,Y,L000469,Frequent,5711,Prefer not to say,32,1993-09-24,Electrician
T002048,abigail.smith468@outlook.com,2025-04-27,151,161.93,Abigail Smith,1-647-237-9895,Y,L000469,Frequent,5711,Prefer not to say,32,1993-09-24,Electrician
T002527,abigail.smith468@outlook.com,2025-06-06,132,26.49,Abigail Smith,1-647-237-9895,Y,L000469,Frequent,5711,Prefer not to say,32,1993-09-24,Electrician
T002979,abigail.smith468@outlook.com,2025-07-07,141,189.83,Abigail Smith,1-647-237-9895,Y,L000469,Frequent,5711,Prefer not to say,32,1993-09-24,Electrician
T000427,abigail.thompson263@hotmail.com,2024-12-03,56,152.44,Abigail Thompson,1-647-660-5613,Y,L000264,Frequent,6646,Male,32,1993-04-12,Project Manager
T001143,abigail.thompson263@hotmail.com,2025-02-02,153,87.93,Abigail Thompson,1-647-660-5613,Y,L000264,Frequent,6646,Male,32,1993-04-12,Project Manager
T001462,abigail.thompson263@hotmail.com,2025-03-08,52,36.96,Abigail Thompson,1-647-660-5613,Y,L000264,Frequent,6646,Male,32,1993-04-12,Project Manager
T001674,abigail.thompson263@hotmail.com,2025-03-26,102,32.49,Abigail Thompson,1-647-660-5613,Y,L000264,Frequent,6646,Male,32,1993-04-12,Project Manager
T002148,abigail.thompson263@hotmail.com,2025-05-05,66,80.43,Abigail Thompson,1-647-660-5613,Y,L000264,Frequent,6646,Male,32,1993-04-12,Project Manager
T002358,abigail.thompson263@hotmail.com,2025-05-23,136,48.95,Abigail Thompson,1-647-660-5613,Y,L000264,Frequent,6646,Male,32,1993-04-12,Project Manager
T002632,abigail.thompson263@hotmail.com,2025-06-14,159,68.97,Abigail Thompson,1-647-660-5613,Y,L000264,Frequent,6646,Male,32,1993-04-12,Project Manager
T002722,abigail.thompson263@hotmail.com,2025-06-19,84,62.03,Abigail Thompson,1-647-660-5613,Y,L000264,Frequent,6646,Male,32,1993-04-12,Project Manager
T003824,abigail.thompson263@hotmail.com,2025-09-01,95,94.42,Abigail Thompson,1-647-660-5613,Y,L000264,Frequent,6646,Male,32,1993-04-12,Project Manager
T000586,abigail.thompson339@gmail.com,2024-12-13,68,102.92,Abigail Thompson,1-905-530-945,N,,,,,,,
T000702,abigail.thompson339@gmail.com,2024-12-21,90,100.23,Abigail Thompson,1-905-530-945,N,,,,,,,
T000804,abigail.thompson339@gmail.com,2024-12-28,97,26.47,Abigail Thompson,1-905-530-945,N,,,,,,,
T002714,abigail.thompson339@gmail.com,2025-06-18,95,125.92,Abigail Thompson,1-905-530-945,N,,,,,,,
T002934,abigail.thompson339@gmail.com,2025-07-03,56,70.43,Abigail Thompson,1-905-530-945,N,,,,,,,
T003331,abigail.thompson339@gmail.com,2025-07-31,97,191.44,Abigail Thompson,1-905-530-945,N,,,,,,,
T000860,aiden.chan248@hotmail.com,2024-12-31,83,99.46,Aiden Chan,1-365-840-722,Y,L000249,Very Frequent,12475,Male,40,1985-05-21,Graphic Designer
T000893,aiden.chan248@hotmail.com,2025-01-04,48,86.45,Aiden Chan,1-365-840-722,Y,L000249,Very Frequent,12475,Male,40,1985-05-21,Graphic Designer
T001461,aiden.chan248@hotmail.com,2025-03-08,98,38.46,Aiden Chan,1-365-840-722,Y,L000249,Very Frequent,12475,Male,40,1985-05-21,Graphic Designer
T001495,aiden.chan248@hotmail.com,2025-03-11,121,46.97,Aiden Chan,1-365-840-722,Y,L000249,Very Frequent,12475,Male,40,1985-05-21,Graphic Designer
T001730,aiden.chan248@hotmail.com,2025-03-31,135,101.95,Aiden Chan,1-365-840-722,Y,L000249,Very Frequent,12475,Male,40,1985-05-21,Graphic Designer
T001814,aiden.chan248@hotmail.com,2025-04-06,158,75.43,Aiden Chan,1-365-840-722,Y,L000249,Very Frequent,12475,Male,40,1985-05-21,Graphic Designer
T002184,aiden.chan248@hotmail.com,2025-05-08,80,114.98,Aiden Chan,1-365-840-722,Y,L000249,Very Frequent,12475,Male,40,1985-05-21,Graphic Designer
T002464,aiden.chan248@hotmail.com,2025-06-01,90,20.48,Aiden Chan,1-365-840-722,Y,L000249,Very Frequent,12475,Male,40,1985-05-21,Graphic Designer
T002802,aiden.chan248@hotmail.com,2025-06-24,75,105.41,Aiden Chan,1-365-840-722,Y,L000249,Very Frequent,12475,Male,40,1985-05-21,Graphic Designer
T002826,aiden.chan248@hotmail.com,2025-06-26,132,130.94,Aiden Chan,1-365-840-722,Y,L000249,Very Frequent,12475,Male,40,1985-05-21,Graphic Designer
T003308,aiden.chan248@hotmail.com,2025-07-29,157,53.45,Aiden Chan,1-365-840-722,Y,L000249,Very Frequent,12475,Male,40,1985-05-21,Graphic Designer
T003650,aiden.chan248@hotmail.com,2025-08-22,151,169.42,Aiden Chan,1-365-840-722,Y,L000249,Very Frequent,12475,Male,40,1985-05-21,Graphic Designer
T003683,aiden.chan248@hotmail.com,2025-08-24,47,17.99,Aiden Chan,1-365-840-722,Y,L000249,Very Frequent,12475,Male,40,1985-05-21,Graphic Designer
T004147,aiden.chan248@hotmail.com,2025-09-28,145,94.95,Aiden Chan,1-365-840-722,Y,L000249,Very Frequent,12475,Male,40,1985-05-21,Graphic Designer
T004187,aiden.chan248@hotmail.com,2025-10-02,137,91.24,Aiden Chan,1-365-840-722,Y,L000249,Very Frequent,12475,Male,40,1985-05-21,Graphic Designer
T000507,aiden.chen118@yahoo.com,2024-12-08,106,99.91,Aiden Chen,1-289-142-6460,Y,L000119,Frequent,4571,Male,38,1987-05-06,Product Manager
T001801,aiden.chen118@yahoo.com,2025-04-06,95,15.98,Aiden Chen,1-289-142-6460,Y,L000119,Frequent,4571,Male,38,1987-05-06,Product Manager
T002475,aiden.chen118@yahoo.com,2025-06-02,59,23.29,Aiden Chen,1-289-142-6460,Y,L000119,Frequent,4571,Male,38,1987-05-06,Product Manager
T003694,aiden.chen118@yahoo.com,2025-08-25,76,151.52,Aiden Chen,1-289-142-6460,Y,L000119,Frequent,4571,Male,38,1987-05-06,Product Manager
T003727,aiden.chen118@yahoo.com,2025-08-27,135,166.43,Aiden Chen,1-289-142-6460,Y,L000119,Frequent,4571,Male,38,1987-05-06,Product Manager
T000430,aiden.garcia277@outlook.com,2024-12-03,90,135.4,Aiden Garcia,1-416-516-250,Y,L000278,Frequent,5721,Male,31,1994-10-09,Consultant
T001661,aiden.garcia277@outlook.com,2025-03-25,83,46.26,Aiden Garcia,1-416-516-250,Y,L000278,Frequent,5721,Male,31,1994-10-09,Consultant
T001785,aiden.garcia277@outlook.com,2025-04-05,122,54.96,Aiden Garcia,1-416-516-250,Y,L000278,Frequent,5721,Male,31,1994-10-09,Consultant
T002515,aiden.garcia277@outlook.com,2025-06-05,68,152.38,Aiden Garcia,1-416-516-250,Y,L000278,Frequent,5721,Male,31,1994-10-09,Consultant
T004282,aiden.garcia277@outlook.com,2025-10-08,117,104.22,Aiden Garcia,1-416-516-250,Y,L000278,Frequent,5721,Male,31,1994-10-09,Consultant
T004337,aiden.garcia277@outlook.com,2025-10-13,103,78.95,Aiden Garcia,1-416-516-250,Y,L000278,Frequent,5721,Male,31,1994-10-09,Consultant
T000981,aiden.gonzalez136@yahoo.com,2025-01-15,80,118.73,Aiden Gonzalez,1-905-677-2297,N,,,,,,,
T001135,aiden.gonzalez136@yahoo.com,2025-02-01,113,19.98,Aiden Gonzalez,1-905-677-2297,N,,,,,,,
T001720,aiden.gonzalez136@yahoo.com,2025-03-30,76,24.98,Aiden Gonzalez,1-905-677-2297,N,,,,,,,
T002635,aiden.gonzalez136@yahoo.com,2025-06-14,142,142.91,Aiden Gonzalez,1-905-677-2297,N,,,,,,,
T002782,aiden.gonzalez136@yahoo.com,2025-06-23,106,83.2,Aiden Gonzalez,1-905-677-2297,N,,,,,,,
T003140,aiden.gonzalez136@yahoo.com,2025-07-19,106,6.98,Aiden Gonzalez,1-905-677-2297,N,,,,,,,
T003818,aiden.gonzalez136@yahoo.com,2025-08-31,153,25.97,Aiden Gonzalez,1-905-677-2297,N,,,,,,,
T003895,aiden.gonzalez136@yahoo.com,2025-09-06,30,143.39,Aiden Gonzalez,1-905-677-2297,N,,,,,,,
T000003,aiden.lam185@hotmail.com,2024-10-28,115,55.45,Aiden Lam,1-365-193-6905,N,,,,,,,
T001410,aiden.lam185@hotmail.com,2025-03-02,130,27.77,Aiden Lam,1-365-193-6905,N,,,,,,,
T002101,aiden.lam185@hotmail.com,2025-05-01,139,136.93,Aiden Lam,1-365-193-6905,N,,,,,,,
T002171,aiden.lam185@hotmail.com,2025-05-06,51,107.91,Aiden Lam,1-365-193-6905,N,,,,,,,
T002226,aiden.lam185@hotmail.com,2025-05-11,129,89.44,Aiden Lam,1-365-193-6905,N,,,,,,,
T002920,aiden.lam185@hotmail.com,2025-07-02,108,24.98,Aiden Lam,1-365-193-6905,N,,,,,,,
T002950,aiden.lam185@hotmail.com,2025-07-05,38,21.49,Aiden Lam,1-365-193-6905,N,,,,,,,
T003859,aiden.lam185@hotmail.com,2025-09-04,104,103.75,Aiden Lam,1-365-193-6905,N,,,,,,,
T003924,aiden.lam185@hotmail.com,2025-09-08,108,131.74,Aiden Lam,1-365-193-6905,N,,,,,,,
T000536,aiden.macdonald433@outlook.com,2024-12-10,96,59.97,Aiden MacDonald,1-365-915-6173,N,,,,,,,
T000668,aiden.macdonald433@outlook.com,2024-12-18,130,20.47,Aiden MacDonald,1-365-915-6173,N,,,,,,,
T000762,aiden.macdonald433@outlook.com,2024-12-25,153,104.89,Aiden MacDonald,1-365-915-6173,N,,,,,,,
T001348,aiden.macdonald433@outlook.com,2025-02-24,64,45.76,Aiden MacDonald,1-365-915-6173,N,,,,,,,
T002205,aiden.macdonald433@outlook.com,2025-05-10,99,26.98,Aiden MacDonald,1-365-915-6173,N,,,,,,,
T002300,aiden.macdonald433@outlook.com,2025-05-17,147,45.26,Aiden MacDonald,1-365-915-6173,N,,,,,,,
T002670,aiden.macdonald433@outlook.com,2025-06-15,121,100.89,Aiden MacDonald,1-365-915-6173,N,,,,,,,
T002780,aiden.macdonald433@outlook.com,2025-06-23,110,44.98,Aiden MacDonald,1-365-915-6173,N,,,,,,,
T003055,aiden.macdonald433@outlook.com,2025-07-12,48,9.99,Aiden MacDonald,1-365-915-6173,N,,,,,,,
T003312,aiden.macdonald433@outlook.com,2025-07-29,81,13.48,Aiden MacDonald,1-365-915-6173,N,,,,,,,
T003668,aiden.macdonald433@outlook.com,2025-08-24,90,51.96,Aiden MacDonald,1-365-915-6173,N,,,,,,,
T004419,aiden.macdonald433@outlook.com,2025-10-22,79,22.48,Aiden MacDonald,1-365-915-6173,N,,,,,,,
T000041,aiden.martinez228@gmail.com,2024-10-31,63,43.46,Aiden Martinez,1-365-999-5131,N,,,,,,,
T000472,aiden.martinez228@gmail.com,2024-12-06,120,53.96,Aiden Martinez,1-365-999-5131,N,,,,,,,
T000643,aiden.martinez228@gmail.com,2024-12-16,86,110.22,Aiden Martinez,1-365-999-5131,N,,,,,,,
T000885,aiden.martinez228@gmail.com,2025-01-03,108,33.49,Aiden Martinez,1-365-999-5131,N,,,,,,,
T001016,aiden.martinez228@gmail.com,2025-01-19,106,60.45,Aiden Martinez,1-365-999-5131,N,,,,,,,
T001123,aiden.martinez228@gmail.com,2025-02-01,69,130.52,Aiden Martinez,1-365-999-5131,N,,,,,,,
T001943,aiden.martinez228@gmail.com,2025-04-18,79,118.19,Aiden Martinez,1-365-999-5131,N,,,,,,,
T001963,aiden.martinez228@gmail.com,2025-04-20,120,12.49,Aiden Martinez,1-365-999-5131,N,,,,,,,
T001995,aiden.martinez228@gmail.com,2025-04-23,118,155.39,Aiden Martinez,1-365-999-5131,N,,,,,,,
T003454,aiden.martinez228@gmail.com,2025-08-09,108,52.46,Aiden Martinez,1-365-999-5131,N,,,,,,,
T003985,aiden.martinez228@gmail.com,2025-09-14,113,45.96,Aiden Martinez,1-365-999-5131,N,,,,,,,
T004117,aiden.martinez228@gmail.com,2025-09-26,115,92.23,Aiden Martinez,1-365-999-5131,N,,,,,,,
T004417,aiden.martinez228@gmail.com,2025-10-22,138,94.23,Aiden Martinez,1-365-999-5131,N,,,,,,,
T001408,aiden.park48@outlook.com,2025-03-02,40,68.45,Aiden Park,1-289-408-3790,N,,,,,,,
T002154,aiden.park48@outlook.com,2025-05-05,134,18.99,Aiden Park,1-289-408-3790,N,,,,,,,
T002693,aiden.park48@outlook.com,2025-06-17,96,57.46,Aiden Park,1-289-408-3790,N,,,,,,,
T003194,aiden.park48@outlook.com,2025-07-22,55,131.92,Aiden Park,1-289-408-3790,N,,,,,,,
T003348,aiden.park48@outlook.com,2025-08-02,103,121.73,Aiden Park,1-289-408-3790,N,,,,,,,
T003520,aiden.park48@outlook.com,2025-08-13,103,177.67,Aiden Park,1-289-408-3790,N,,,,,,,
T001321,aiden.smith493@outlook.com,2025-02-22,110,46.47,Aiden Smith,1-905-262-2194,Y,L000494,Frequent,6683,Male,31,1994-12-02,Student
T002327,aiden.smith493@outlook.com,2025-05-19,30,57.75,Aiden Smith,1-905-262-2194,Y,L000494,Frequent,6683,Male,31,1994-12-02,Student
T002824,aiden.smith493@outlook.com,2025-06-26,215,170.5,Aiden Smith,1-905-262-2194,Y,L000494,Frequent,6683,Male,31,1994-12-02,Student
T002914,aiden.smith493@outlook.com,2025-07-02,115,45.97,Aiden Smith,1-905-262-2194,Y,L000494,Frequent,6683,Male,31,1994-12-02,Student
T003602,aiden.smith493@outlook.com,2025-08-19,111,105.95,Aiden Smith,1-905-262-2194,Y,L000494,Frequent,6683,Male,31,1994-12-02,Student
T003649,aiden.smith493@outlook.com,2025-08-22,68,69.45,Aiden Smith,1-905-262-2194,Y,L000494,Frequent,6683,Male,31,1994-12-02,Student
T004404,aiden.smith493@outlook.com,2025-10-20,121,172.21,Aiden Smith,1-905-262-2194,Y,L000494,Frequent,6683,Male,31,1994-12-02,Student
T000092,aiden.wong178@hotmail.com,2024-11-05,104,9.99,Aiden Wong,1-289-798-7012,N,,,,,,,
T000540,aiden.wong178@hotmail.com,2024-12-10,129,117.44,Aiden Wong,1-289-798-7012,N,,,,,,,
T001400,aiden.wong178@hotmail.com,2025-03-02,120,45.95,Aiden Wong,1-289-798-7012,N,,,,,,,
T002223,aiden.wong178@hotmail.com,2025-05-11,136,88.24,Aiden Wong,1-289-798-7012,N,,,,,,,
T002306,aiden.wong178@hotmail.com,2025-05-17,95,8.49,Aiden Wong,1-289-798-7012,N,,,,,,,
T002590,aiden.wong178@hotmail.com,2025-06-10,145,86.47,Aiden Wong,1-289-798-7012,N,,,,,,,
T003317,aiden.wong178@hotmail.com,2025-07-30,58,46.96,Aiden Wong,1-289-798-7012,N,,,,,,,
T004209,aiden.wong178@hotmail.com,2025-10-03,74,80.73,Aiden Wong,1-289-798-7012,N,,,,,,,
T000944,alexander.johnson349@outlook.com,2025-01-11,101,105.92,Alexander Johnson,1-437-892-7331,Y,L000350,Frequent,7356,Male,24,2001-09-15,Product Manager
T000963,alexander.johnson349@outlook.com,2025-01-14,145,59.44,Alexander Johnson,1-437-892-7331,Y,L000350,Frequent,7356,Male,24,2001-09-15,Product Manager
T001172,alexander.johnson349@outlook.com,2025-02-05,113,77.73,Alexander Johnson,1-437-892-7331,Y,L000350,Frequent,7356,Male,24,2001-09-15,Product Manager
T001784,alexander.johnson349@outlook.com,2025-04-05,122,181.75,Alexander Johnson,1-437-892-7331,Y,L000350,Frequent,7356,Male,24,2001-09-15,Product Manager
T002912,alexander.johnson349@outlook.com,2025-07-01,67,40.47,Alexander Johnson,1-437-892-7331,Y,L000350,Frequent,7356,Male,24,2001-09-15,Product Manager
T003923,alexander.johnson349@outlook.com,2025-09-08,172,171.41,Alexander Johnson,1-437-892-7331,Y,L000350,Frequent,7356,Male,24,2001-09-15,Product Manager
T004493,alexander.johnson349@outlook.com,2025-10-28,51,98.9,Alexander Johnson,1-437-892-7331,Y,L000350,Frequent,7356,Male,24,2001-09-15,Product Manager
T000285,alexander.lau9@hotmail.com,2024-11-22,32,12.49,Alexander Lau,1-416-781-1653,Y,L000010,Very Frequent,8769,Male,31,1994-07-16,Project Manager
T001124,alexander.lau9@hotmail.com,2025-02-01,101,194.84,Alexander Lau,1-416-781-1653,Y,L000010,Very Frequent,8769,Male,31,1994-07-16,Project Manager
T001268,alexander.lau9@hotmail.com,2025-02-16,77,56.45,Alexander Lau,1-416-781-1653,Y,L000010,Very Frequent,8769,Male,31,1994-07-16,Project Manager
T002261,alexander.lau9@hotmail.com,2025-05-15,126,89.45,Alexander Lau,1-416-781-1653,Y,L000010,Very Frequent,8769,Male,31,1994-07-16,Project Manager
T002521,alexander.lau9@hotmail.com,2025-06-06,119,21.49,Alexander Lau,1-416-781-1653,Y,L000010,Very Frequent,8769,Male,31,1994-07-16,Project Manager
T002729,alexander.lau9@hotmail.com,2025-06-19,99,92.43,Alexander Lau,1-416-781-1653,Y,L000010,Very Frequent,8769,Male,31,1994-07-16,Project Manager
T003576,alexander.lau9@hotmail.com,2025-08-17,133,182.22,Alexander Lau,1-416-781-1653,Y,L000010,Very Frequent,8769,Male,31,1994-07-16,Project Manager
T003698,alexander.lau9@hotmail.com,2025-08-25,38,52.97,Alexander Lau,1-416-781-1653,Y,L000010,Very Frequent,8769,Male,31,1994-07-16,Project Manager
T003785,alexander.lau9@hotmail.com,2025-08-30,78,88.91,Alexander Lau,1-416-781-1653,Y,L000010,Very Frequent,8769,Male,31,1994-07-16,Project Manager
T004294,alexander.lau9@hotmail.com,2025-10-10,86,13.49,Alexander Lau,1-416-781-1653,Y,L000010,Very Frequent,8769,Male,31,1994-07-16,Project Manager
T004301,alexander.lau9@hotmail.com,2025-10-10,137,38.76,Alexander Lau,1-416-781-1653,Y,L000010,Very Frequent,8769,Male,31,1994-07-16,Project Manager
T004401,alexander.lau9@hotmail.com,2025-10-20,104,33.48,Alexander Lau,1-416-781-1653,Y,L000010,Very Frequent,8769,Male,31,1994-07-16,Project Manager
T000644,alexander.martinez100@hotmail.com,2024-12-16,95,90.92,Alexander Martinez,1-437-679-4714,N,,,,,,,
T001958,alexander.martinez100@hotmail.com,2025-04-20,147,69.05,Alexander Martinez,1-437-679-4714,N,,,,,,,
T002267,alexander.martinez100@hotmail.com,2025-05-15,91,71.96,Alexander Martinez,1-437-679-4714,N,,,,,,,
T000056,alexander.park254@gmail.com,2024-11-02,91,282.63,Alexander Park,1-437-818-2787,Y,L000255,Very Frequent,12541,Female,18,2007-11-03,HR Coordinator
T000185,alexander.park254@gmail.com,2024-11-12,52,123.52,Alexander Park,1-437-818-2787,Y,L000255,Very Frequent,12541,Female,18,2007-11-03,HR Coordinator
T000189,alexander.park254@gmail.com,2024-11-13,30,12.49,Alexander Park,1-437-818-2787,Y,L000255,Very Frequent,12541,Female,18,2007-11-03,HR Coordinator
T000325,alexander.park254@gmail.com,2024-11-26,133,79.4,Alexander Park,1-437-818-2787,Y,L000255,Very Frequent,12541,Female,18,2007-11-03,HR Coordinator
T001126,alexander.park254@gmail.com,2025-02-01,112,36.47,Alexander Park,1-437-818-2787,Y,L000255,Very Frequent,12541,Female,18,2007-11-03,HR Coordinator
T001297,alexander.park254@gmail.com,2025-02-19,118,216.41,Alexander Park,1-437-818-2787,Y,L000255,Very Frequent,12541,Female,18,2007-11-03,HR Coordinator
T001432,alexander.park254@gmail.com,2025-03-05,114,67.46,Alexander Park,1-437-818-2787,Y,L000255,Very Frequent,12541,Female,18,2007-11-03,HR Coordinator
T001773,alexander.park254@gmail.com,2025-04-03,30,63.45,Alexander Park,1-437-818-2787,Y,L000255,Very Frequent,12541,Female,18,2007-11-03,HR Coordinator
T002474,alexander.park254@gmail.com,2025-06-02,30,3.29,Alexander Park,1-437-818-2787,Y,L000255,Very Frequent,12541,Female,18,2007-11-03,HR Coordinator
T002511,alexander.park254@gmail.com,2025-06-04,175,141.95,Alexander Park,1-437-818-2787,Y,L000255,Very Frequent,12541,Female,18,2007-11-03,HR Coordinator
T002655,alexander.park254@gmail.com,2025-06-14,77,129.52,Alexander Park,1-437-818-2787,Y,L000255,Very Frequent,12541,Female,18,2007-11-03,HR Coordinator
T002668,alexander.park254@gmail.com,2025-06-15,162,59.47,Alexander Park,1-437-818-2787,Y,L000255,Very Frequent,12541,Female,18,2007-11-03,HR Coordinator
T002869,alexander.park254@gmail.com,2025-06-29,62,38.05,Alexander Park,1-437-818-2787,Y,L000255,Very Frequent,12541,Female,18,2007-11-03,HR Coordinator
T000382,alexander.patel159@hotmail.com,2024-11-30,92,8.49,Alexander Patel,1-416-354-9180,N,,,,,,,
T000399,alexander.patel159@hotmail.com,2024-12-01,94,67.94,Alexander Patel,1-416-354-9180,N,,,,,,,
T000403,alexander.patel159@hotmail.com,2024-12-01,61,121.01,Alexander Patel,1-416-354-9180,N,,,,,,,
T000444,alexander.patel159@hotmail.com,2024-12-04,104,151.94,Alexander Patel,1-416-354-9180,N,,,,,,,
T000475,alexander.patel159@hotmail.com,2024-12-06,142,26.98,Alexander Patel,1-416-354-9180,N,,,,,,,
T000813,alexander.patel159@hotmail.com,2024-12-28,30,48.24,Alexander Patel,1-416-354-9180,N,,,,,,,
T002224,alexander.patel159@hotmail.com,2025-05-11,102,20.98,Alexander Patel,1-416-354-9180,N,,,,,,,
T002386,alexander.patel159@hotmail.com,2025-05-25,112,38.47,Alexander Patel,1-416-354-9180,N,,,,,,,
T002550,alexander.patel159@hotmail.com,2025-06-08,100,163.92,Alexander Patel,1-416-354-9180,N,,,,,,,
T002612,alexander.patel159@hotmail.com,2025-06-12,127,52.47,Alexander Patel,1-416-354-9180,N,,,,,,,
T004023,alexander.patel159@hotmail.com,2025-09-18,129,119.43,Alexander Patel,1-416-354-9180,N,,,,,,,
T001188,alexander.patel389@gmail.com,2025-02-07,104,23.27,Alexander Patel,1-437-693-4635,N,,,,,,,
T001412,alexander.patel389@gmail.com,2025-03-03,55,34.98,Alexander Patel,1-437-693-4635,N,,,,,,,
T001530,alexander.patel389@gmail.com,2025-03-14,50,22.98,Alexander Patel,1-437-693-4635,N,,,,,,,
T001715,alexander.patel389@gmail.com,2025-03-29,30,55.96,Alexander Patel,1-437-693-4635,N,,,,,,,
T002362,alexander.patel389@gmail.com,2025-05-23,115,25.87,Alexander Patel,1-437-693-4635,N,,,,,,,
T002499,alexander.patel389@gmail.com,2025-06-04,185,115.45,Alexander Patel,1-437-693-4635,N,,,,,,,
T003265,alexander.patel389@gmail.com,2025-07-27,97,57.78,Alexander Patel,1-437-693-4635,N,,,,,,,
T004234,alexander.patel389@gmail.com,2025-10-05,74,66.95,Alexander Patel,1-437-693-4635,N,,,,,,,
T000863,alexander.su258@hotmail.com,2024-12-31,89,156.72,Alexander Su,1-437-870-6809,Y,L000259,Very Frequent,11326,Male,35,1990-12-25,Graphic Designer
T001587,alexander.su258@hotmail.com,2025-03-18,93,47.95,Alexander Su,1-437-870-6809,Y,L000259,Very Frequent,11326,Male,35,1990-12-25,Graphic Designer
T002315,alexander.su258@hotmail.com,2025-05-18,133,53.49,Alexander Su,1-437-870-6809,Y,L000259,Very Frequent,11326,Male,35,1990-12-25,Graphic Designer
T002340,alexander.su258@hotmail.com,2025-05-21,41,13.96,Alexander Su,1-437-870-6809,Y,L000259,Very Frequent,11326,Male,35,1990-12-25,Graphic Designer
T002513,alexander.su258@hotmail.com,2025-06-05,178,29.78,Alexander Su,1-437-870-6809,Y,L000259,Very Frequent,11326,Male,35,1990-12-25,Graphic Designer
T002710,alexander.su258@hotmail.com,2025-06-18,53,163.61,Alexander Su,1-437-870-6809,Y,L000259,Very Frequent,11326,Male,35,1990-12-25,Graphic Designer
T003216,alexander.su258@hotmail.com,2025-07-23,70,195.97,Alexander Su,1-437-870-6809,Y,L000259,Very Frequent,11326,Male,35,1990-12-25,Graphic Designer
T003892,alexander.su258@hotmail.com,2025-09-06,68,120.92,Alexander Su,1-437-870-6809,Y,L000259,Very Frequent,11326,Male,35,1990-12-25,Graphic Designer
T004042,alexander.su258@hotmail.com,2025-09-20,114,111.9,Alexander Su,1-437-870-6809,Y,L000259,Very Frequent,11326,Male,35,1990-12-25,Graphic Designer
T004145,alexander.su258@hotmail.com,2025-09-28,108,70.54,Alexander Su,1-437-870-6809,Y,L000259,Very Frequent,11326,Male,35,1990-12-25,Graphic Designer
T004231,alexander.su258@hotmail.com,2025-10-04,75,18.98,Alexander Su,1-437-870-6809,Y,L000259,Very Frequent,11326,Male,35,1990-12-25,Graphic Designer
T004383,alexander.su258@hotmail.com,2025-10-19,112,61.45,Alexander Su,1-437-870-6809,Y,L000259,Very Frequent,11326,Male,35,1990-12-25,Graphic Designer
T004488,alexander.su258@hotmail.com,2025-10-27,83,87.42,Alexander Su,1-437-870-6809,Y,L000259,Very Frequent,11326,Male,35,1990-12-25,Graphic Designer
T000009,alexander.taylor405@gmail.com,2024-10-28,118,28.85,Alexander Taylor,1-647-596-8619,N,,,,,,,
T000555,alexander.taylor405@gmail.com,2024-12-11,94,51.77,Alexander Taylor,1-647-596-8619,N,,,,,,,
T001225,alexander.taylor405@gmail.com,2025-02-10,185,135.91,Alexander Taylor,1-647-596-8619,N,,,,,,,
T001347,alexander.taylor405@gmail.com,2025-02-24,149,22.99,Alexander Taylor,1-647-596-8619,N,,,,,,,
T001371,alexander.taylor405@gmail.com,2025-02-27,103,39.46,Alexander Taylor,1-647-596-8619,N,,,,,,,
T002070,alexander.taylor405@gmail.com,2025-04-29,50,190.93,Alexander Taylor,1-647-596-8619,N,,,,,,,
T002506,alexander.taylor405@gmail.com,2025-06-04,110,57.96,Alexander Taylor,1-647-596-8619,N,,,,,,,
T003033,alexander.taylor405@gmail.com,2025-07-11,132,6.58,Alexander Taylor,1-647-596-8619,N,,,,,,,
T003059,alexander.taylor405@gmail.com,2025-07-12,66,18.35,Alexander Taylor,1-647-596-8619,N,,,,,,,
T003159,alexander.taylor405@gmail.com,2025-07-20,47,71.93,Alexander Taylor,1-647-596-8619,N,,,,,,,
T004189,alexander.taylor405@gmail.com,2025-10-02,87,127.22,Alexander Taylor,1-647-596-8619,N,,,,,,,
T000948,alexander.white134@gmail.com,2025-01-11,117,94.43,Alexander White,1-437-817-8803,Y,L000135,Frequent,5248,Male,18,2007-09-12,Research Assistant
T002073,alexander.white134@gmail.com,2025-04-29,30,31.47,Alexander White,1-437-817-8803,Y,L000135,Frequent,5248,Male,18,2007-09-12,Research Assistant
T002572,alexander.white134@gmail.com,2025-06-09,63,36.06,Alexander White,1-437-817-8803,Y,L000135,Frequent,5248,Male,18,2007-09-12,Research Assistant
T003102,alexander.white134@gmail.com,2025-07-16,104,194.47,Alexander White,1-437-817-8803,Y,L000135,Frequent,5248,Male,18,2007-09-12,Research Assistant
T003164,alexander.white134@gmail.com,2025-07-20,85,8.49,Alexander White,1-437-817-8803,Y,L000135,Frequent,5248,Male,18,2007-09-12,Research Assistant
T003262,alexander.white134@gmail.com,2025-07-27,49,159.93,Alexander White,1-437-817-8803,Y,L000135,Frequent,5248,Male,18,2007-09-12,Research Assistant
T000729,alexander.wilson223@icloud.com,2024-12-22,115,59.46,Alexander Wilson,1-365-904-8379,N,,,,,,,
T001149,alexander.wilson223@icloud.com,2025-02-02,132,61.93,Alexander Wilson,1-365-904-8379,N,,,,,,,
T001498,alexander.wilson223@icloud.com,2025-03-11,150,71.45,Alexander Wilson,1-365-904-8379,N,,,,,,,
T002105,alexander.wilson223@icloud.com,2025-05-02,129,61.96,Alexander Wilson,1-365-904-8379,N,,,,,,,
T002666,alexander.wilson223@icloud.com,2025-06-15,142,79.95,Alexander Wilson,1-365-904-8379,N,,,,,,,
T002804,alexander.wilson223@icloud.com,2025-06-24,88,161.83,Alexander Wilson,1-365-904-8379,N,,,,,,,
T003270,alexander.wilson223@icloud.com,2025-07-27,106,75.45,Alexander Wilson,1-365-904-8379,N,,,,,,,
T003298,alexander.wilson223@icloud.com,2025-07-28,98,114.46,Alexander Wilson,1-365-904-8379,N,,,,,,,
T003493,alexander.wilson223@icloud.com,2025-08-11,154,13.49,Alexander Wilson,1-365-904-8379,N,,,,,,,
T003627,alexander.wilson223@icloud.com,2025-08-21,149,118.42,Alexander Wilson,1-365-904-8379,N,,,,,,,
T003718,alexander.wilson223@icloud.com,2025-08-26,48,60.44,Alexander Wilson,1-365-904-8379,N,,,,,,,
T004325,alexander.wilson223@icloud.com,2025-10-13,48,33.96,Alexander Wilson,1-365-904-8379,N,,,,,,,
T000151,amelia.gonzalez211@icloud.com,2024-11-10,184,82.48,Amelia Gonzalez,1-905-487-7323,Y,L000212,Very Frequent,11941,Female,30,1995-04-08,Nurse
T000212,amelia.gonzalez211@icloud.com,2024-11-15,128,64.74,Amelia Gonzalez,1-905-487-7323,Y,L000212,Very Frequent,11941,Female,30,1995-04-08,Nurse
T000272,amelia.gonzalez211@icloud.com,2024-11-21,77,149.4,Amelia Gonzalez,1-905-487-7323,Y,L000212,Very Frequent,11941,Female,30,1995-04-08,Nurse
T000323,amelia.gonzalez211@icloud.com,2024-11-25,108,31.47,Amelia Gonzalez,1-905-487-7323,Y,L000212,Very Frequent,11941,Female,30,1995-04-08,Nurse
T000561,amelia.gonzalez211@icloud.com,2024-12-11,138,228.35,Amelia Gonzalez,1-905-487-7323,Y,L000212,Very Frequent,11941,Female,30,1995-04-08,Nurse
T000910,amelia.gonzalez211@icloud.com,2025-01-05,71,24.98,Amelia Gonzalez,1-905-487-7323,Y,L000212,Very Frequent,11941,Female,30,1995-04-08,Nurse
T001486,amelia.gonzalez211@icloud.com,2025-03-10,121,223.18,Amelia Gonzalez,1-905-487-7323,Y,L000212,Very Frequent,11941,Female,30,1995-04-08,Nurse
T002781,amelia.gonzalez211@icloud.com,2025-06-23,73,43.98,Amelia Gonzalez,1-905-487-7323,Y,L000212,Very Frequent,11941,Female,30,1995-04-08,Nurse
T002999,amelia.gonzalez211@icloud.com,2025-07-08,95,59.44,Amelia Gonzalez,1-905-487-7323,Y,L000212,Very Frequent,11941,Female,30,1995-04-08,Nurse
T003519,amelia.gonzalez211@icloud.com,2025-08-13,75,79.46,Amelia Gonzalez,1-905-487-7323,Y,L000212,Very Frequent,11941,Female,30,1995-04-08,Nurse
T003914,amelia.gonzalez211@icloud.com,2025-09-07,64,98.45,Amelia Gonzalez,1-905-487-7323,Y,L000212,Very Frequent,11941,Female,30,1995-04-08,Nurse
T004364,amelia.gonzalez211@icloud.com,2025-10-17,109,108.25,Amelia Gonzalez,1-905-487-7323,Y,L000212,Very Frequent,11941,Female,30,1995-04-08,Nurse
T000304,amelia.johnson273@outlook.com,2024-11-23,95,14.99,Amelia Johnson,1-647-787-1834,Y,L000274,Very Frequent,8324,Female,26,1999-12-29,Data Analyst
T000483,amelia.johnson273@outlook.com,2024-12-06,91,123.88,Amelia Johnson,1-647-787-1834,Y,L000274,Very Frequent,8324,Female,26,1999-12-29,Data Analyst
T000818,amelia.johnson273@outlook.com,2024-12-28,54,45.94,Amelia Johnson,1-647-787-1834,Y,L000274,Very Frequent,8324,Female,26,1999-12-29,Data Analyst
T001181,amelia.johnson273@outlook.com,2025-02-06,56,21.47,Amelia Johnson,1-647-787-1834,Y,L000274,Very Frequent,8324,Female,26,1999-12-29,Data Analyst
T001230,amelia.johnson273@outlook.com,2025-02-10,87,94.25,Amelia Johnson,1-647-787-1834,Y,L000274,Very Frequent,8324,Female,26,1999-12-29,Data Analyst
T001886,amelia.johnson273@outlook.com,2025-04-13,154,90.94,Amelia Johnson,1-647-787-1834,Y,L000274,Very Frequent,8324,Female,26,1999-12-29,Data Analyst
T002173,amelia.johnson273@outlook.com,2025-05-07,66,88.92,Amelia Johnson,1-647-787-1834,Y,L000274,Very Frequent,8324,Female,26,1999-12-29,Data Analyst
T002903,amelia.johnson273@outlook.com,2025-07-01,94,34.49,Amelia Johnson,1-647-787-1834,Y,L000274,Very Frequent,8324,Female,26,1999-12-29,Data Analyst
T002955,amelia.johnson273@outlook.com,2025-07-05,113,32.47,Amelia Johnson,1-647-787-1834,Y,L000274,Very Frequent,8324,Female,26,1999-12-29,Data Analyst
T003575,amelia.johnson273@outlook.com,2025-08-17,108,116.42,Amelia Johnson,1-647-787-1834,Y,L000274,Very Frequent,8324,Female,26,1999-12-29,Data Analyst
T004075,amelia.johnson273@outlook.com,2025-09-22,151,63.44,Amelia Johnson,1-647-787-1834,Y,L000274,Very Frequent,8324,Female,26,1999-12-29,Data Analyst
T004314,amelia.johnson273@outlook.com,2025-10-11,134,60.25,Amelia Johnson,1-647-787-1834,Y,L000274,Very Frequent,8324,Female,26,1999-12-29,Data Analyst
T004471,amelia.johnson273@outlook.com,2025-10-26,65,44.96,Amelia Johnson,1-647-787-1834,Y,L000274,Very Frequent,8324,Female,26,1999-12-29,Data Analyst
T000170,amelia.li361@yahoo.com,2024-11-10,167,60.97,Amelia Li,1-647-182-8137,Y,L000362,Very Frequent,8056,Female,35,1990-12-21,Sales Associate
T000317,amelia.li361@yahoo.com,2024-11-24,132,36.48,Amelia Li,1-647-182-8137,Y,L000362,Very Frequent,8056,Female,35,1990-12-21,Sales Associate
T000945,amelia.li361@yahoo.com,2025-01-11,63,44.98,Amelia Li,1-647-182-8137,Y,L000362,Very Frequent,8056,Female,35,1990-12-21,Sales Associate
T001363,amelia.li361@yahoo.com,2025-02-26,63,209.26,Amelia Li,1-647-182-8137,Y,L000362,Very Frequent,8056,Female,35,1990-12-21,Sales Associate
T001909,amelia.li361@yahoo.com,2025-04-15,117,163.6,Amelia Li,1-647-182-8137,Y,L000362,Very Frequent,8056,Female,35,1990-12-21,Sales Associate
T002545,amelia.li361@yahoo.com,2025-06-08,95,2.99,Amelia Li,1-647-182-8137,Y,L000362,Very Frequent,8056,Female,35,1990-12-21,Sales Associate
T003296,amelia.li361@yahoo.com,2025-07-28,80,167.9,Amelia Li,1-647-182-8137,Y,L000362,Very Frequent,8056,Female,35,1990-12-21,Sales Associate
T003828,amelia.li361@yahoo.com,2025-09-01,122,65.97,Amelia Li,1-647-182-8137,Y,L000362,Very Frequent,8056,Female,35,1990-12-21,Sales Associate
T004307,amelia.li361@yahoo.com,2025-10-11,95,53.46,Amelia Li,1-647-182-8137,Y,L000362,Very Frequent,8056,Female,35,1990-12-21,Sales Associate
T000874,amelia.liu131@yahoo.com,2025-01-01,184,57.44,Amelia Liu,1-437-69-3661,N,,,,,,,
T001076,amelia.liu131@yahoo.com,2025-01-25,87,154.43,Amelia Liu,1-437-69-3661,N,,,,,,,
T002787,amelia.liu131@yahoo.com,2025-06-23,116,92.94,Amelia Liu,1-437-69-3661,N,,,,,,,
T003192,amelia.liu131@yahoo.com,2025-07-22,114,53.96,Amelia Liu,1-437-69-3661,N,,,,,,,
T004333,amelia.liu131@yahoo.com,2025-10-13,101,204.67,Amelia Liu,1-437-69-3661,N,,,,,,,
T000674,amelia.martin461@outlook.com,2024-12-18,119,60.96,Amelia Martin,1-647-609-2480,Y,L000462,Frequent,3845,Male,28,1997-11-20,Sales Associate
T002292,amelia.martin461@outlook.com,2025-05-17,106,167.96,Amelia Martin,1-647-609-2480,Y,L000462,Frequent,3845,Male,28,1997-11-20,Sales Associate
T002330,amelia.martin461@outlook.com,2025-05-19,88,86.46,Amelia Martin,1-647-609-2480,Y,L000462,Frequent,3845,Male,28,1997-11-20,Sales Associate
T002633,amelia.martin461@outlook.com,2025-06-14,122,33.24,Amelia Martin,1-647-609-2480,Y,L000462,Frequent,3845,Male,28,1997-11-20,Sales Associate
T002838,amelia.martin461@outlook.com,2025-06-27,134,35.97,Amelia Martin,1-647-609-2480,Y,L000462,Frequent,3845,Male,28,1997-11-20,Sales Associate
T000062,amelia.nguyen311@outlook.com,2024-11-02,103,60.45,Amelia Nguyen,1-289-760-3590,Y,L000312,Frequent,3058,Female,48,1977-03-26,Nurse
T000173,amelia.nguyen311@outlook.com,2024-11-11,56,79.94,Amelia Nguyen,1-289-760-3590,Y,L000312,Frequent,3058,Female,48,1977-03-26,Nurse
T001948,amelia.nguyen311@outlook.com,2025-04-19,104,165.5,Amelia Nguyen,1-289-760-3590,Y,L000312,Frequent,3058,Female,48,1977-03-26,Nurse
T000850,amelia.rodriguez86@icloud.com,2024-12-30,30,24.26,Amelia Rodriguez,1-365-303-6596,N,,,,,,,
T001335,amelia.rodriguez86@icloud.com,2025-02-23,86,108.95,Amelia Rodriguez,1-365-303-6596,N,,,,,,,
T002429,amelia.rodriguez86@icloud.com,2025-05-29,122,59.29,Amelia Rodriguez,1-365-303-6596,N,,,,,,,
T002622,amelia.rodriguez86@icloud.com,2025-06-13,138,59.77,Amelia Rodriguez,1-365-303-6596,N,,,,,,,
T003105,amelia.rodriguez86@icloud.com,2025-07-16,166,19.47,Amelia Rodriguez,1-365-303-6596,N,,,,,,,
T003231,amelia.rodriguez86@icloud.com,2025-07-25,118,44.96,Amelia Rodriguez,1-365-303-6596,N,,,,,,,
T003324,amelia.rodriguez86@icloud.com,2025-07-31,129,9.99,Amelia Rodriguez,1-365-303-6596,N,,,,,,,
T004338,amelia.rodriguez86@icloud.com,2025-10-13,132,96.45,Amelia Rodriguez,1-365-303-6596,N,,,,,,,
T004350,amelia.rodriguez86@icloud.com,2025-10-15,69,105.44,Amelia Rodriguez,1-365-303-6596,N,,,,,,,
T004428,amelia.rodriguez86@icloud.com,2025-10-23,85,126.41,Amelia Rodriguez,1-365-303-6596,N,,,,,,,
T000100,amelia.zhang308@outlook.com,2024-11-06,35,184.88,Amelia Zhang,1-647-35-4000,Y,L000309,Very Frequent,12444,Female,37,1988-12-14,Barista
T001974,amelia.zhang308@outlook.com,2025-04-21,85,60.47,Amelia Zhang,1-647-35-4000,Y,L000309,Very Frequent,12444,Female,37,1988-12-14,Barista
T002289,amelia.zhang308@outlook.com,2025-05-17,135,102.97,Amelia Zhang,1-647-35-4000,Y,L000309,Very Frequent,12444,Female,37,1988-12-14,Barista
T002461,amelia.zhang308@outlook.com,2025-06-01,139,92.95,Amelia Zhang,1-647-35-4000,Y,L000309,Very Frequent,12444,Female,37,1988-12-14,Barista
T002834,amelia.zhang308@outlook.com,2025-06-27,133,42.96,Amelia Zhang,1-647-35-4000,Y,L000309,Very Frequent,12444,Female,37,1988-12-14,Barista
T003017,amelia.zhang308@outlook.com,2025-07-10,143,283.66,Amelia Zhang,1-647-35-4000,Y,L000309,Very Frequent,12444,Female,37,1988-12-14,Barista
T003408,amelia.zhang308@outlook.com,2025-08-05,106,125.73,Amelia Zhang,1-647-35-4000,Y,L000309,Very Frequent,12444,Female,37,1988-12-14,Barista
T003444,amelia.zhang308@outlook.com,2025-08-08,95,8.49,Amelia Zhang,1-647-35-4000,Y,L000309,Very Frequent,12444,Female,37,1988-12-14,Barista
T003591,amelia.zhang308@outlook.com,2025-08-18,110,206.65,Amelia Zhang,1-647-35-4000,Y,L000309,Very Frequent,12444,Female,37,1988-12-14,Barista
T003735,amelia.zhang308@outlook.com,2025-08-27,143,67.44,Amelia Zhang,1-647-35-4000,Y,L000309,Very Frequent,12444,Female,37,1988-12-14,Barista
T004170,amelia.zhang308@outlook.com,2025-09-30,61,68.24,Amelia Zhang,1-647-35-4000,Y,L000309,Very Frequent,12444,Female,37,1988-12-14,Barista
T001534,aria.anderson151@icloud.com,2025-03-14,155,236.71,Aria Anderson,1-437-306-3646,N,,,,,,,
T001612,aria.anderson151@icloud.com,2025-03-21,99,78.44,Aria Anderson,1-437-306-3646,N,,,,,,,
T001654,aria.anderson151@icloud.com,2025-03-24,67,15.25,Aria Anderson,1-437-306-3646,N,,,,,,,
T001910,aria.anderson151@icloud.com,2025-04-15,45,98.74,Aria Anderson,1-437-306-3646,N,,,,,,,
T003508,aria.anderson151@icloud.com,2025-08-12,136,3.29,Aria Anderson,1-437-306-3646,N,,,,,,,
T003961,aria.anderson151@icloud.com,2025-09-12,30,39.45,Aria Anderson,1-437-306-3646,N,,,,,,,
T000858,aria.garcia13@hotmail.com,2024-12-31,201,84.41,Aria Garcia,1-416-139-8225,N,,,,,,,
T002069,aria.garcia13@hotmail.com,2025-04-28,129,112.93,Aria Garcia,1-416-139-8225,N,,,,,,,
T002487,aria.garcia13@hotmail.com,2025-06-03,80,152.36,Aria Garcia,1-416-139-8225,N,,,,,,,
T002594,aria.garcia13@hotmail.com,2025-06-11,148,88.96,Aria Garcia,1-416-139-8225,N,,,,,,,
T003351,aria.garcia13@hotmail.com,2025-08-02,188,216.91,Aria Garcia,1-416-139-8225,N,,,,,,,
T003620,aria.garcia13@hotmail.com,2025-08-20,114,35.85,Aria Garcia,1-416-139-8225,N,,,,,,,
T004356,aria.garcia13@hotmail.com,2025-10-16,30,53.97,Aria Garcia,1-416-139-8225,N,,,,,,,
T000033,aria.garcia364@icloud.com,2024-10-30,91,78.22,Aria Garcia,1-905-466-2332,N,,,,,,,
T000591,aria.garcia364@icloud.com,2024-12-14,66,42.99,Aria Garcia,1-905-466-2332,N,,,,,,,
T000695,aria.garcia364@icloud.com,2024-12-21,38,39.48,Aria Garcia,1-905-466-2332,N,,,,,,,
T000765,aria.garcia364@icloud.com,2024-12-25,97,15.98,Aria Garcia,1-905-466-2332,N,,,,,,,
T001849,aria.garcia364@icloud.com,2025-04-10,129,18.48,Aria Garcia,1-905-466-2332,N,,,,,,,
T002207,aria.garcia364@icloud.com,2025-05-10,92,96.44,Aria Garcia,1-905-466-2332,N,,,,,,,
T003745,aria.garcia364@icloud.com,2025-08-28,124,126.24,Aria Garcia,1-905-466-2332,N,,,,,,,
T004105,aria.garcia364@icloud.com,2025-09-24,120,126.04,Aria Garcia,1-905-466-2332,N,,,,,,,
T004148,aria.garcia364@icloud.com,2025-09-28,91,83.4,Aria Garcia,1-905-466-2332,N,,,,,,,
T000015,aria.gonzalez193@hotmail.com,2024-10-29,127,107.42,Aria Gonzalez,1-365-545-6227,N,,,,,,,
T002576,aria.gonzalez193@hotmail.com,2025-06-09,88,81.73,Aria Gonzalez,1-365-545-6227,N,,,,,,,
T002642,aria.gonzalez193@hotmail.com,2025-06-14,127,168.87,Aria Gonzalez,1-365-545-6227,N,,,,,,,
T003082,aria.gonzalez193@hotmail.com,2025-07-14,70,155.21,Aria Gonzalez,1-365-545-6227,N,,,,,,,
T004090,aria.gonzalez193@hotmail.com,2025-09-23,111,166.4,Aria Gonzalez,1-365-545-6227,N,,,,,,,
T004222,aria.gonzalez193@hotmail.com,2025-10-04,42,65.95,Aria Gonzalez,1-365-545-6227,N,,,,,,,
T000618,aria.huang253@yahoo.com,2024-12-15,129,140.88,Aria Huang,1-437-925-9598,Y,L000254,Frequent,6845,Female,29,1996-10-18,Truck Driver
T000908,aria.huang253@yahoo.com,2025-01-05,106,13.48,Aria Huang,1-437-925-9598,Y,L000254,Frequent,6845,Female,29,1996-10-18,Truck Driver
T001599,aria.huang253@yahoo.com,2025-03-20,71,114.43,Aria Huang,1-437-925-9598,Y,L000254,Frequent,6845,Female,29,1996-10-18,Truck Driver
T002369,aria.huang253@yahoo.com,2025-05-24,129,53.46,Aria Huang,1-437-925-9598,Y,L000254,Frequent,6845,Female,29,1996-10-18,Truck Driver
T002573,aria.huang253@yahoo.com,2025-06-09,92,6.98,Aria Huang,1-437-925-9598,Y,L000254,Frequent,6845,Female,29,1996-10-18,Truck Driver
T003130,aria.huang253@yahoo.com,2025-07-19,117,39.46,Aria Huang,1-437-925-9598,Y,L000254,Frequent,6845,Female,29,1996-10-18,Truck Driver
T003143,aria.huang253@yahoo.com,2025-07-19,131,26.76,Aria Huang,1-437-925-9598,Y,L000254,Frequent,6845,Female,29,1996-10-18,Truck Driver
T003302,aria.huang253@yahoo.com,2025-07-29,81,103.76,Aria Huang,1-437-925-9598,Y,L000254,Frequent,6845,Female,29,1996-10-18,Truck Driver
T003485,aria.huang253@yahoo.com,2025-08-11,66,45.45,Aria Huang,1-437-925-9598,Y,L000254,Frequent,6845,Female,29,1996-10-18,Truck Driver
T003673,aria.huang253@yahoo.com,2025-08-24,65,67.46,Aria Huang,1-437-925-9598,Y,L000254,Frequent,6845,Female,29,1996-10-18,Truck Driver
T003711,aria.huang253@yahoo.com,2025-08-26,123,72.44,Aria Huang,1-437-925-9598,Y,L000254,Frequent,6845,Female,29,1996-10-18,Truck Driver
T000300,aria.ivanov15@yahoo.com,2024-11-23,93,27.98,Aria Ivanov,1-289-767-3638,Y,L000016,Frequent,3173,Male,23,2002-10-28,Barista
T000529,aria.ivanov15@yahoo.com,2024-12-09,108,26.97,Aria Ivanov,1-289-767-3638,Y,L000016,Frequent,3173,Male,23,2002-10-28,Barista
T000687,aria.ivanov15@yahoo.com,2024-12-20,169,98.45,Aria Ivanov,1-289-767-3638,Y,L000016,Frequent,3173,Male,23,2002-10-28,Barista
T002479,aria.ivanov15@yahoo.com,2025-06-02,175,117.96,Aria Ivanov,1-289-767-3638,Y,L000016,Frequent,3173,Male,23,2002-10-28,Barista
T003926,aria.ivanov15@yahoo.com,2025-09-08,76,45.94,Aria Ivanov,1-289-767-3638,Y,L000016,Frequent,3173,Male,23,2002-10-28,Barista
T001571,aria.khan113@outlook.com,2025-03-16,74,111.44,Aria Khan,1-416-526-2183,Y,L000114,Frequent,7119,Female,42,1983-11-25,Accountant
T001953,aria.khan113@outlook.com,2025-04-19,111,210.41,Aria Khan,1-416-526-2183,Y,L000114,Frequent,7119,Female,42,1983-11-25,Accountant
T002194,aria.khan113@outlook.com,2025-05-09,110,264.4,Aria Khan,1-416-526-2183,Y,L000114,Frequent,7119,Female,42,1983-11-25,Accountant
T002243,aria.khan113@outlook.com,2025-05-13,117,125.72,Aria Khan,1-416-526-2183,Y,L000114,Frequent,7119,Female,42,1983-11-25,Accountant
T000238,aria.lau174@yahoo.com,2024-11-17,82,63.94,Aria Lau,1-437-933-6855,Y,L000175,Frequent,6974,Female,20,2005-12-16,Consultant
T000354,aria.lau174@yahoo.com,2024-11-29,68,40.48,Aria Lau,1-437-933-6855,Y,L000175,Frequent,6974,Female,20,2005-12-16,Consultant
T000571,aria.lau174@yahoo.com,2024-12-12,87,29.98,Aria Lau,1-437-933-6855,Y,L000175,Frequent,6974,Female,20,2005-12-16,Consultant
T001184,aria.lau174@yahoo.com,2025-02-07,160,74.75,Aria Lau,1-437-933-6855,Y,L000175,Frequent,6974,Female,20,2005-12-16,Consultant
T002186,aria.lau174@yahoo.com,2025-05-08,81,73.02,Aria Lau,1-437-933-6855,Y,L000175,Frequent,6974,Female,20,2005-12-16,Consultant
T002598,aria.lau174@yahoo.com,2025-06-11,50,41.96,Aria Lau,1-437-933-6855,Y,L000175,Frequent,6974,Female,20,2005-12-16,Consultant
T003475,aria.lau174@yahoo.com,2025-08-10,30,35.97,Aria Lau,1-437-933-6855,Y,L000175,Frequent,6974,Female,20,2005-12-16,Consultant
T003559,aria.lau174@yahoo.com,2025-08-16,102,75.48,Aria Lau,1-437-933-6855,Y,L000175,Frequent,6974,Female,20,2005-12-16,Consultant
T003810,aria.lau174@yahoo.com,2025-08-31,93,107.45,Aria Lau,1-437-933-6855,Y,L000175,Frequent,6974,Female,20,2005-12-16,Consultant
T003890,aria.lau174@yahoo.com,2025-09-06,62,47.48,Aria Lau,1-437-933-6855,Y,L000175,Frequent,6974,Female,20,2005-12-16,Consultant
T004025,aria.lau174@yahoo.com,2025-09-19,156,53.49,Aria Lau,1-437-933-6855,Y,L000175,Frequent,6974,Female,20,2005-12-16,Consultant
T004324,aria.lau174@yahoo.com,2025-10-13,91,53.47,Aria Lau,1-437-933-6855,Y,L000175,Frequent,6974,Female,20,2005-12-16,Consultant
T001794,aria.nowak10@icloud.com,2025-04-05,99,50.74,Aria Nowak,1-437-980-7652,Y,L000011,Frequent,5417,Female,27,1998-08-26,Barista
T002623,aria.nowak10@icloud.com,2025-06-13,136,63.45,Aria Nowak,1-437-980-7652,Y,L000011,Frequent,5417,Female,27,1998-08-26,Barista
T002636,aria.nowak10@icloud.com,2025-06-14,95,97.94,Aria Nowak,1-437-980-7652,Y,L000011,Frequent,5417,Female,27,1998-08-26,Barista
T002828,aria.nowak10@icloud.com,2025-06-26,59,46.75,Aria Nowak,1-437-980-7652,Y,L000011,Frequent,5417,Female,27,1998-08-26,Barista
T002926,aria.nowak10@icloud.com,2025-07-03,119,20.99,Aria Nowak,1-437-980-7652,Y,L000011,Frequent,5417,Female,27,1998-08-26,Barista
T003088,aria.nowak10@icloud.com,2025-07-15,112,106.42,Aria Nowak,1-437-980-7652,Y,L000011,Frequent,5417,Female,27,1998-08-26,Barista
T003420,aria.nowak10@icloud.com,2025-08-06,137,83.95,Aria Nowak,1-437-980-7652,Y,L000011,Frequent,5417,Female,27,1998-08-26,Barista
T003652,aria.nowak10@icloud.com,2025-08-23,107,59.04,Aria Nowak,1-437-980-7652,Y,L000011,Frequent,5417,Female,27,1998-08-26,Barista
T003719,aria.nowak10@icloud.com,2025-08-26,106,12.48,Aria Nowak,1-437-980-7652,Y,L000011,Frequent,5417,Female,27,1998-08-26,Barista
T000026,aria.nowak441@icloud.com,2024-10-30,179,18.46,Aria Nowak,1-905-563-3584,Y,L000442,Very Frequent,9267,Prefer not to say,43,1982-02-01,Chef
T000897,aria.nowak441@icloud.com,2025-01-05,101,12.49,Aria Nowak,1-905-563-3584,Y,L000442,Very Frequent,9267,Prefer not to say,43,1982-02-01,Chef
T001411,aria.nowak441@icloud.com,2025-03-02,67,184.66,Aria Nowak,1-905-563-3584,Y,L000442,Very Frequent,9267,Prefer not to say,43,1982-02-01,Chef
T001554,aria.nowak441@icloud.com,2025-03-16,98,116.9,Aria Nowak,1-905-563-3584,Y,L000442,Very Frequent,9267,Prefer not to say,43,1982-02-01,Chef
T002733,aria.nowak441@icloud.com,2025-06-20,75,118.23,Aria Nowak,1-905-563-3584,Y,L000442,Very Frequent,9267,Prefer not to say,43,1982-02-01,Chef
T002899,aria.nowak441@icloud.com,2025-06-30,109,180.13,Aria Nowak,1-905-563-3584,Y,L000442,Very Frequent,9267,Prefer not to say,43,1982-02-01,Chef
T003137,aria.nowak441@icloud.com,2025-07-19,70,53.47,Aria Nowak,1-905-563-3584,Y,L000442,Very Frequent,9267,Prefer not to say,43,1982-02-01,Chef
T003396,aria.nowak441@icloud.com,2025-08-04,55,68.93,Aria Nowak,1-905-563-3584,Y,L000442,Very Frequent,9267,Prefer not to say,43,1982-02-01,Chef
T004154,aria.nowak441@icloud.com,2025-09-28,115,101.94,Aria Nowak,1-905-563-3584,Y,L000442,Very Frequent,9267,Prefer not to say,43,1982-02-01,Chef
T004321,aria.nowak441@icloud.com,2025-10-12,119,71.49,Aria Nowak,1-905-563-3584,Y,L000442,Very Frequent,9267,Prefer not to say,43,1982-02-01,Chef
T000651,aria.tremblay406@icloud.com,2024-12-17,85,66.94,Aria Tremblay,1-289-706-9509,Y,L000407,Frequent,5334,Female,33,1992-06-01,Consultant
T001285,aria.tremblay406@icloud.com,2025-02-17,89,44.97,Aria Tremblay,1-289-706-9509,Y,L000407,Frequent,5334,Female,33,1992-06-01,Consultant
T001322,aria.tremblay406@icloud.com,2025-02-22,84,73.41,Aria Tremblay,1-289-706-9509,Y,L000407,Frequent,5334,Female,33,1992-06-01,Consultant
T001538,aria.tremblay406@icloud.com,2025-03-15,115,74.69,Aria Tremblay,1-289-706-9509,Y,L000407,Frequent,5334,Female,33,1992-06-01,Consultant
T001663,aria.tremblay406@icloud.com,2025-03-25,108,26.96,Aria Tremblay,1-289-706-9509,Y,L000407,Frequent,5334,Female,33,1992-06-01,Consultant
T001860,aria.tremblay406@icloud.com,2025-04-11,146,3.29,Aria Tremblay,1-289-706-9509,Y,L000407,Frequent,5334,Female,33,1992-06-01,Consultant
T002270,aria.tremblay406@icloud.com,2025-05-15,129,49.48,Aria Tremblay,1-289-706-9509,Y,L000407,Frequent,5334,Female,33,1992-06-01,Consultant
T003776,aria.tremblay406@icloud.com,2025-08-30,34,35.47,Aria Tremblay,1-289-706-9509,Y,L000407,Frequent,5334,Female,33,1992-06-01,Consultant
T003922,aria.tremblay406@icloud.com,2025-09-08,84,158.21,Aria Tremblay,1-289-706-9509,Y,L000407,Frequent,5334,Female,33,1992-06-01,Consultant
T000188,ava.chen323@outlook.com,2024-11-13,76,3.49,Ava Chen,1-905-561-351,Y,L000324,Frequent,5101,Female,31,1994-05-21,Product Manager
T001176,ava.chen323@outlook.com,2025-02-05,108,86.43,Ava Chen,1-905-561-351,Y,L000324,Frequent,5101,Female,31,1994-05-21,Product Manager
T001211,ava.chen323@outlook.com,2025-02-08,39,92.38,Ava Chen,1-905-561-351,Y,L000324,Frequent,5101,Female,31,1994-05-21,Product Manager
T001280,ava.chen323@outlook.com,2025-02-17,53,51.47,Ava Chen,1-905-561-351,Y,L000324,Frequent,5101,Female,31,1994-05-21,Product Manager
T001349,ava.chen323@outlook.com,2025-02-24,98,143.43,Ava Chen,1-905-561-351,Y,L000324,Frequent,5101,Female,31,1994-05-21,Product Manager
T001511,ava.chen323@outlook.com,2025-03-12,114,25.78,Ava Chen,1-905-561-351,Y,L000324,Frequent,5101,Female,31,1994-05-21,Product Manager
T002981,ava.chen323@outlook.com,2025-07-07,45,26.98,Ava Chen,1-905-561-351,Y,L000324,Frequent,5101,Female,31,1994-05-21,Product Manager
T003954,ava.chen323@outlook.com,2025-09-10,161,21.47,Ava Chen,1-905-561-351,Y,L000324,Frequent,5101,Female,31,1994-05-21,Product Manager
T004462,ava.chen323@outlook.com,2025-10-26,85,58.73,Ava Chen,1-905-561-351,Y,L000324,Frequent,5101,Female,31,1994-05-21,Product Manager
T000014,ava.liu81@icloud.com,2024-10-29,84,21.29,Ava Liu,1-365-882-7495,Y,L000082,Frequent,4477,Female,36,1989-11-19,Product Manager
T000566,ava.liu81@icloud.com,2024-12-12,76,25.47,Ava Liu,1-365-882-7495,Y,L000082,Frequent,4477,Female,36,1989-11-19,Product Manager
T001434,ava.liu81@icloud.com,2025-03-05,158,265.12,Ava Liu,1-365-882-7495,Y,L000082,Frequent,4477,Female,36,1989-11-19,Product Manager
T002810,ava.liu81@icloud.com,2025-06-24,87,9.57,Ava Liu,1-365-882-7495,Y,L000082,Frequent,4477,Female,36,1989-11-19,Product Manager
T003791,ava.liu81@icloud.com,2025-08-30,79,65.26,Ava Liu,1-365-882-7495,Y,L000082,Frequent,4477,Female,36,1989-11-19,Product Manager
T004028,ava.liu81@icloud.com,2025-09-19,62,61.04,Ava Liu,1-365-882-7495,Y,L000082,Frequent,4477,Female,36,1989-11-19,Product Manager
T000209,ava.smith409@gmail.com,2024-11-15,80,13.49,Ava Smith,1-289-553-2841,N,,,,,,,
T000290,ava.smith409@gmail.com,2024-11-22,155,65.45,Ava Smith,1-289-553-2841,N,,,,,,,
T000348,ava.smith409@gmail.com,2024-11-28,137,26.96,Ava Smith,1-289-553-2841,N,,,,,,,
T000895,ava.smith409@gmail.com,2025-01-05,107,118.41,Ava Smith,1-289-553-2841,N,,,,,,,
T001299,ava.smith409@gmail.com,2025-02-19,146,24.98,Ava Smith,1-289-553-2841,N,,,,,,,
T001746,ava.smith409@gmail.com,2025-04-01,100,102.42,Ava Smith,1-289-553-2841,N,,,,,,,
T001920,ava.smith409@gmail.com,2025-04-16,79,54.45,Ava Smith,1-289-553-2841,N,,,,,,,
T002165,ava.smith409@gmail.com,2025-05-06,89,42.26,Ava Smith,1-289-553-2841,N,,,,,,,
T002935,ava.smith409@gmail.com,2025-07-03,97,86.95,Ava Smith,1-289-553-2841,N,,,,,,,
T003073,ava.smith409@gmail.com,2025-07-14,46,96.23,Ava Smith,1-289-553-2841,N,,,,,,,
T003757,ava.smith409@gmail.com,2025-08-29,112,63.97,Ava Smith,1-289-553-2841,N,,,,,,,
T003833,ava.smith409@gmail.com,2025-09-02,115,117.24,Ava Smith,1-289-553-2841,N,,,,,,,
T003956,ava.smith409@gmail.com,2025-09-11,80,36.47,Ava Smith,1-289-553-2841,N,,,,,,,
T004243,ava.smith409@gmail.com,2025-10-05,82,78.44,Ava Smith,1-289-553-2841,N,,,,,,,
T000663,ava.thompson298@outlook.com,2024-12-18,82,113.96,Ava Thompson,1-365-188-171,N,,,,,,,
T001626,ava.thompson298@outlook.com,2025-03-22,164,74.97,Ava Thompson,1-365-188-171,N,,,,,,,
T001951,ava.thompson298@outlook.com,2025-04-19,149,112.2,Ava Thompson,1-365-188-171,N,,,,,,,
T002593,ava.thompson298@outlook.com,2025-06-10,136,43.49,Ava Thompson,1-365-188-171,N,,,,,,,
T003171,ava.thompson298@outlook.com,2025-07-21,120,71.95,Ava Thompson,1-365-188-171,N,,,,,,,
T003334,ava.thompson298@outlook.com,2025-07-31,135,11.48,Ava Thompson,1-365-188-171,N,,,,,,,
T004097,ava.thompson298@outlook.com,2025-09-24,38,137.39,Ava Thompson,1-365-188-171,N,,,,,,,
T000661,avery.brown176@icloud.com,2024-12-18,50,123.91,Avery Brown,1-905-269-5204,Y,L000177,Very Frequent,8170,Male,38,1987-12-10,Student
T000923,avery.brown176@icloud.com,2025-01-08,77,16.97,Avery Brown,1-905-269-5204,Y,L000177,Very Frequent,8170,Male,38,1987-12-10,Student
T001728,avery.brown176@icloud.com,2025-03-30,116,58.25,Avery Brown,1-905-269-5204,Y,L000177,Very Frequent,8170,Male,38,1987-12-10,Student
T001879,avery.brown176@icloud.com,2025-04-13,163,158.23,Avery Brown,1-905-269-5204,Y,L000177,Very Frequent,8170,Male,38,1987-12-10,Student
T001992,avery.brown176@icloud.com,2025-04-22,106,55.44,Avery Brown,1-905-269-5204,Y,L000177,Very Frequent,8170,Male,38,1987-12-10,Student
T002602,avery.brown176@icloud.com,2025-06-11,118,85.96,Avery Brown,1-905-269-5204,Y,L000177,Very Frequent,8170,Male,38,1987-12-10,Student
T003725,avery.brown176@icloud.com,2025-08-26,85,86.91,Avery Brown,1-905-269-5204,Y,L000177,Very Frequent,8170,Male,38,1987-12-10,Student
T003974,avery.brown176@icloud.com,2025-09-13,136,140.42,Avery Brown,1-905-269-5204,Y,L000177,Very Frequent,8170,Male,38,1987-12-10,Student
T003996,avery.brown176@icloud.com,2025-09-15,120,90.95,Avery Brown,1-905-269-5204,Y,L000177,Very Frequent,8170,Male,38,1987-12-10,Student
T000139,avery.chow431@icloud.com,2024-11-09,158,121.23,Avery Chow,1-365-342-8001,N,,,,,,,
T000305,avery.chow431@icloud.com,2024-11-23,117,86.94,Avery Chow,1-365-342-8001,N,,,,,,,
T000709,avery.chow431@icloud.com,2024-12-21,113,92.95,Avery Chow,1-365-342-8001,N,,,,,,,
T000922,avery.chow431@icloud.com,2025-01-07,87,59.44,Avery Chow,1-365-342-8001,N,,,,,,,
T001819,avery.chow431@icloud.com,2025-04-07,84,30.98,Avery Chow,1-365-342-8001,N,,,,,,,
T002851,avery.chow431@icloud.com,2025-06-28,93,58.95,Avery Chow,1-365-342-8001,N,,,,,,,
T003541,avery.chow431@icloud.com,2025-08-14,107,46.47,Avery Chow,1-365-342-8001,N,,,,,,,
T003628,avery.chow431@icloud.com,2025-08-21,170,186.4,Avery Chow,1-365-342-8001,N,,,,,,,
T003737,avery.chow431@icloud.com,2025-08-27,127,63.77,Avery Chow,1-365-342-8001,N,,,,,,,
T004461,avery.chow431@icloud.com,2025-10-26,76,72.81,Avery Chow,1-365-342-8001,N,,,,,,,
T000302,avery.khan192@gmail.com,2024-11-23,157,87.41,Avery Khan,1-365-926-2117,Y,L000193,Frequent,6201,Female,28,1997-06-23,Teacher
T001045,avery.khan192@gmail.com,2025-01-22,151,115.2,Avery Khan,1-365-926-2117,Y,L000193,Frequent,6201,Female,28,1997-06-23,Teacher
T001351,avery.khan192@gmail.com,2025-02-25,106,186.7,Avery Khan,1-365-926-2117,Y,L000193,Frequent,6201,Female,28,1997-06-23,Teacher
T001489,avery.khan192@gmail.com,2025-03-10,132,69.46,Avery Khan,1-365-926-2117,Y,L000193,Frequent,6201,Female,28,1997-06-23,Teacher
T002034,avery.khan192@gmail.com,2025-04-26,119,81.93,Avery Khan,1-365-926-2117,Y,L000193,Frequent,6201,Female,28,1997-06-23,Teacher
T002533,avery.khan192@gmail.com,2025-06-07,99,54.46,Avery Khan,1-365-926-2117,Y,L000193,Frequent,6201,Female,28,1997-06-23,Teacher
T004368,avery.khan192@gmail.com,2025-10-18,69,24.98,Avery Khan,1-365-926-2117,Y,L000193,Frequent,6201,Female,28,1997-06-23,Teacher
T000767,avery.lee137@outlook.com,2024-12-25,31,57.95,Avery Lee,1-365-994-2359,Y,L000138,Frequent,5088,Female,21,2004-04-15,Data Analyst
T002744,avery.lee137@outlook.com,2025-06-21,103,41.95,Avery Lee,1-365-994-2359,Y,L000138,Frequent,5088,Female,21,2004-04-15,Data Analyst
T003375,avery.lee137@outlook.com,2025-08-03,42,129.67,Avery Lee,1-365-994-2359,Y,L000138,Frequent,5088,Female,21,2004-04-15,Data Analyst
T003458,avery.lee137@outlook.com,2025-08-09,97,55.45,Avery Lee,1-365-994-2359,Y,L000138,Frequent,5088,Female,21,2004-04-15,Data Analyst
T003704,avery.lee137@outlook.com,2025-08-25,115,153.42,Avery Lee,1-365-994-2359,Y,L000138,Frequent,5088,Female,21,2004-04-15,Data Analyst
T004387,avery.lee137@outlook.com,2025-10-19,83,13.46,Avery Lee,1-365-994-2359,Y,L000138,Frequent,5088,Female,21,2004-04-15,Data Analyst
T004402,avery.lee137@outlook.com,2025-10-20,73,56.95,Avery Lee,1-365-994-2359,Y,L000138,Frequent,5088,Female,21,2004-04-15,Data Analyst
T001397,avery.su423@outlook.com,2025-03-01,165,90.72,Avery Su,1-647-969-4178,Y,L000424,Very Frequent,9422,Non-binary,35,1990-02-24,Marketing Specialist
T002059,avery.su423@outlook.com,2025-04-28,117,20.25,Avery Su,1-647-969-4178,Y,L000424,Very Frequent,9422,Non-binary,35,1990-02-24,Marketing Specialist
T002162,avery.su423@outlook.com,2025-05-06,81,129.29,Avery Su,1-647-969-4178,Y,L000424,Very Frequent,9422,Non-binary,35,1990-02-24,Marketing Specialist
T002799,avery.su423@outlook.com,2025-06-24,81,45.47,Avery Su,1-647-969-4178,Y,L000424,Very Frequent,9422,Non-binary,35,1990-02-24,Marketing Specialist
T003071,avery.su423@outlook.com,2025-07-13,61,169.52,Avery Su,1-647-969-4178,Y,L000424,Very Frequent,9422,Non-binary,35,1990-02-24,Marketing Specialist
T003128,avery.su423@outlook.com,2025-07-18,127,184.9,Avery Su,1-647-969-4178,Y,L000424,Very Frequent,9422,Non-binary,35,1990-02-24,Marketing Specialist
T003793,avery.su423@outlook.com,2025-08-30,181,128.87,Avery Su,1-647-969-4178,Y,L000424,Very Frequent,9422,Non-binary,35,1990-02-24,Marketing Specialist
T003976,avery.su423@outlook.com,2025-09-13,83,49.77,Avery Su,1-647-969-4178,Y,L000424,Very Frequent,9422,Non-binary,35,1990-02-24,Marketing Specialist
T004370,avery.su423@outlook.com,2025-10-18,106,123.43,Avery Su,1-647-969-4178,Y,L000424,Very Frequent,9422,Non-binary,35,1990-02-24,Marketing Specialist
T000080,avery.wilson142@gmail.com,2024-11-04,113,181.89,Avery Wilson,1-437-219-6472,N,,,,,,,
T000867,avery.wilson142@gmail.com,2025-01-01,69,87.45,Avery Wilson,1-437-219-6472,N,,,,,,,
T001560,avery.wilson142@gmail.com,2025-03-16,127,74.45,Avery Wilson,1-437-219-6472,N,,,,,,,
T001957,avery.wilson142@gmail.com,2025-04-20,104,52.44,Avery Wilson,1-437-219-6472,N,,,,,,,
T002303,avery.wilson142@gmail.com,2025-05-17,153,86.47,Avery Wilson,1-437-219-6472,N,,,,,,,
T002445,avery.wilson142@gmail.com,2025-05-31,126,97.4,Avery Wilson,1-437-219-6472,N,,,,,,,
T002466,avery.wilson142@gmail.com,2025-06-01,156,56.47,Avery Wilson,1-437-219-6472,N,,,,,,,
T002817,avery.wilson142@gmail.com,2025-06-25,97,125.93,Avery Wilson,1-437-219-6472,N,,,,,,,
T002915,avery.wilson142@gmail.com,2025-07-02,116,26.95,Avery Wilson,1-437-219-6472,N,,,,,,,
T004260,avery.wilson142@gmail.com,2025-10-06,90,146.24,Avery Wilson,1-437-219-6472,N,,,,,,,
T001839,benjamin.anderson24@gmail.com,2025-04-09,94,79.47,Benjamin Anderson,1-289-840-9550,N,,,,,,,
T002141,benjamin.anderson24@gmail.com,2025-05-04,91,81.93,Benjamin Anderson,1-289-840-9550,N,,,,,,,
T002680,benjamin.anderson24@gmail.com,2025-06-15,93,62.94,Benjamin Anderson,1-289-840-9550,N,,,,,,,
T003397,benjamin.anderson24@gmail.com,2025-08-04,116,86.94,Benjamin Anderson,1-289-840-9550,N,,,,,,,
T003510,benjamin.anderson24@gmail.com,2025-08-12,119,165.9,Benjamin Anderson,1-289-840-9550,N,,,,,,,
T003784,benjamin.anderson24@gmail.com,2025-08-30,87,174.16,Benjamin Anderson,1-289-840-9550,N,,,,,,,
T004053,benjamin.anderson24@gmail.com,2025-09-21,42,20.27,Benjamin Anderson,1-289-840-9550,N,,,,,,,
T004195,benjamin.anderson24@gmail.com,2025-10-02,141,44.95,Benjamin Anderson,1-289-840-9550,N,,,,,,,
T001014,benjamin.lam53@gmail.com,2025-01-19,93,52.49,Benjamin Lam,1-365-593-6767,N,,,,,,,
T001452,benjamin.lam53@gmail.com,2025-03-07,64,8.49,Benjamin Lam,1-365-593-6767,N,,,,,,,
T002412,benjamin.lam53@gmail.com,2025-05-27,107,78.97,Benjamin Lam,1-365-593-6767,N,,,,,,,
T003827,benjamin.lam53@gmail.com,2025-09-01,174,111.96,Benjamin Lam,1-365-593-6767,N,,,,,,,
T003852,benjamin.lam53@gmail.com,2025-09-03,171,98.93,Benjamin Lam,1-365-593-6767,N,,,,,,,
T004094,benjamin.lam53@gmail.com,2025-09-23,131,44.97,Benjamin Lam,1-365-593-6767,N,,,,,,,
T000485,benjamin.lau498@gmail.com,2024-12-06,47,4.99,Benjamin Lau,1-647-796-1441,Y,L000499,Very Frequent,11761,Prefer not to say,24,2001-02-03,Research Assistant
T000567,benjamin.lau498@gmail.com,2024-12-12,113,57.25,Benjamin Lau,1-647-796-1441,Y,L000499,Very Frequent,11761,Prefer not to say,24,2001-02-03,Research Assistant
T001853,benjamin.lau498@gmail.com,2025-04-10,93,24.98,Benjamin Lau,1-647-796-1441,Y,L000499,Very Frequent,11761,Prefer not to say,24,2001-02-03,Research Assistant
T002111,benjamin.lau498@gmail.com,2025-05-03,170,79.93,Benjamin Lau,1-647-796-1441,Y,L000499,Very Frequent,11761,Prefer not to say,24,2001-02-03,Research Assistant
T002334,benjamin.lau498@gmail.com,2025-05-20,95,82.9,Benjamin Lau,1-647-796-1441,Y,L000499,Very Frequent,11761,Prefer not to say,24,2001-02-03,Research Assistant
T002671,benjamin.lau498@gmail.com,2025-06-15,63,98.43,Benjamin Lau,1-647-796-1441,Y,L000499,Very Frequent,11761,Prefer not to say,24,2001-02-03,Research Assistant
T003099,benjamin.lau498@gmail.com,2025-07-15,48,110.23,Benjamin Lau,1-647-796-1441,Y,L000499,Very Frequent,11761,Prefer not to say,24,2001-02-03,Research Assistant
T003181,benjamin.lau498@gmail.com,2025-07-21,109,65.42,Benjamin Lau,1-647-796-1441,Y,L000499,Very Frequent,11761,Prefer not to say,24,2001-02-03,Research Assistant
T003252,benjamin.lau498@gmail.com,2025-07-26,216,260.62,Benjamin Lau,1-647-796-1441,Y,L000499,Very Frequent,11761,Prefer not to say,24,2001-02-03,Research Assistant
T003476,benjamin.lau498@gmail.com,2025-08-10,83,68.28,Benjamin Lau,1-647-796-1441,Y,L000499,Very Frequent,11761,Prefer not to say,24,2001-02-03,Research Assistant
T003597,benjamin.lau498@gmail.com,2025-08-18,78,34.96,Benjamin Lau,1-647-796-1441,Y,L000499,Very Frequent,11761,Prefer not to say,24,2001-02-03,Research Assistant
T003960,benjamin.lau498@gmail.com,2025-09-12,128,152.26,Benjamin Lau,1-647-796-1441,Y,L000499,Very Frequent,11761,Prefer not to say,24,2001-02-03,Research Assistant
T004140,benjamin.lau498@gmail.com,2025-09-27,71,135.93,Benjamin Lau,1-647-796-1441,Y,L000499,Very Frequent,11761,Prefer not to say,24,2001-02-03,Research Assistant
T001213,benjamin.lopez376@yahoo.com,2025-02-09,93,173.17,Benjamin Lopez,1-647-632-9645,N,,,,,,,
T001264,benjamin.lopez376@yahoo.com,2025-02-16,118,45.93,Benjamin Lopez,1-647-632-9645,N,,,,,,,
T001564,benjamin.lopez376@yahoo.com,2025-03-16,70,221.68,Benjamin Lopez,1-647-632-9645,N,,,,,,,
T001671,benjamin.lopez376@yahoo.com,2025-03-26,120,39.27,Benjamin Lopez,1-647-632-9645,N,,,,,,,
T002385,benjamin.lopez376@yahoo.com,2025-05-25,55,100.28,Benjamin Lopez,1-647-632-9645,N,,,,,,,
T002856,benjamin.lopez376@yahoo.com,2025-06-28,108,68.48,Benjamin Lopez,1-647-632-9645,N,,,,,,,
T003065,benjamin.lopez376@yahoo.com,2025-07-13,72,77.91,Benjamin Lopez,1-647-632-9645,N,,,,,,,
T003190,benjamin.lopez376@yahoo.com,2025-07-22,112,82.42,Benjamin Lopez,1-647-632-9645,N,,,,,,,
T003438,benjamin.lopez376@yahoo.com,2025-08-08,102,80.42,Benjamin Lopez,1-647-632-9645,N,,,,,,,
T003753,benjamin.lopez376@yahoo.com,2025-08-28,151,120.01,Benjamin Lopez,1-647-632-9645,N,,,,,,,
T004259,benjamin.lopez376@yahoo.com,2025-10-06,107,152.88,Benjamin Lopez,1-647-632-9645,N,,,,,,,
T000030,benjamin.nguyen74@icloud.com,2024-10-30,40,13.48,Benjamin Nguyen,1-289-996-2074,Y,L000075,Very Frequent,10019,Male,53,1972-07-04,Sales Associate
T000094,benjamin.nguyen74@icloud.com,2024-11-05,101,12.49,Benjamin Nguyen,1-289-996-2074,Y,L000075,Very Frequent,10019,Male,53,1972-07-04,Sales Associate
T000902,benjamin.nguyen74@icloud.com,2025-01-05,83,35.47,Benjamin Nguyen,1-289-996-2074,Y,L000075,Very Frequent,10019,Male,53,1972-07-04,Sales Associate
T000949,benjamin.nguyen74@icloud.com,2025-01-11,138,145.37,Benjamin Nguyen,1-289-996-2074,Y,L000075,Very Frequent,10019,Male,53,1972-07-04,Sales Associate
T001499,benjamin.nguyen74@icloud.com,2025-03-11,124,56.98,Benjamin Nguyen,1-289-996-2074,Y,L000075,Very Frequent,10019,Male,53,1972-07-04,Sales Associate
T001895,benjamin.nguyen74@icloud.com,2025-04-14,44,92.43,Benjamin Nguyen,1-289-996-2074,Y,L000075,Very Frequent,10019,Male,53,1972-07-04,Sales Associate
T002125,benjamin.nguyen74@icloud.com,2025-05-03,83,123.71,Benjamin Nguyen,1-289-996-2074,Y,L000075,Very Frequent,10019,Male,53,1972-07-04,Sales Associate
T002299,benjamin.nguyen74@icloud.com,2025-05-17,59,11.78,Benjamin Nguyen,1-289-996-2074,Y,L000075,Very Frequent,10019,Male,53,1972-07-04,Sales Associate
T002919,benjamin.nguyen74@icloud.com,2025-07-02,83,86.95,Benjamin Nguyen,1-289-996-2074,Y,L000075,Very Frequent,10019,Male,53,1972-07-04,Sales Associate
T003160,benjamin.nguyen74@icloud.com,2025-07-20,40,84.43,Benjamin Nguyen,1-289-996-2074,Y,L000075,Very Frequent,10019,Male,53,1972-07-04,Sales Associate
T003624,benjamin.nguyen74@icloud.com,2025-08-21,104,213.4,Benjamin Nguyen,1-289-996-2074,Y,L000075,Very Frequent,10019,Male,53,1972-07-04,Sales Associate
T003928,benjamin.nguyen74@icloud.com,2025-09-08,101,125.44,Benjamin Nguyen,1-289-996-2074,Y,L000075,Very Frequent,10019,Male,53,1972-07-04,Sales Associate
T000087,benjamin.park25@icloud.com,2024-11-05,90,137.42,Benjamin Park,1-289-592-7236,Y,L000026,Very Frequent,8258,Male,37,1988-08-01,Software Engineer
T000105,benjamin.park25@icloud.com,2024-11-07,173,65.94,Benjamin Park,1-289-592-7236,Y,L000026,Very Frequent,8258,Male,37,1988-08-01,Software Engineer
T000450,benjamin.park25@icloud.com,2024-12-04,107,114.95,Benjamin Park,1-289-592-7236,Y,L000026,Very Frequent,8258,Male,37,1988-08-01,Software Engineer
T000456,benjamin.park25@icloud.com,2024-12-04,75,267.89,Benjamin Park,1-289-592-7236,Y,L000026,Very Frequent,8258,Male,37,1988-08-01,Software Engineer
T001281,benjamin.park25@icloud.com,2025-02-17,67,46.47,Benjamin Park,1-289-592-7236,Y,L000026,Very Frequent,8258,Male,37,1988-08-01,Software Engineer
T003106,benjamin.park25@icloud.com,2025-07-16,81,137.7,Benjamin Park,1-289-592-7236,Y,L000026,Very Frequent,8258,Male,37,1988-08-01,Software Engineer
T003829,benjamin.park25@icloud.com,2025-09-01,30,55.43,Benjamin Park,1-289-592-7236,Y,L000026,Very Frequent,8258,Male,37,1988-08-01,Software Engineer
T000861,benjamin.patel42@outlook.com,2024-12-31,130,201.65,Benjamin Patel,1-647-810-9674,N,,,,,,,
T001601,benjamin.patel42@outlook.com,2025-03-20,118,92.45,Benjamin Patel,1-647-810-9674,N,,,,,,,
T001960,benjamin.patel42@outlook.com,2025-04-20,97,43.48,Benjamin Patel,1-647-810-9674,N,,,,,,,
T002377,benjamin.patel42@outlook.com,2025-05-25,99,58.46,Benjamin Patel,1-647-810-9674,N,,,,,,,
T002832,benjamin.patel42@outlook.com,2025-06-27,88,34.97,Benjamin Patel,1-647-810-9674,N,,,,,,,
T003043,benjamin.patel42@outlook.com,2025-07-12,39,29.97,Benjamin Patel,1-647-810-9674,N,,,,,,,
T003490,benjamin.patel42@outlook.com,2025-08-11,53,125.21,Benjamin Patel,1-647-810-9674,N,,,,,,,
T003544,benjamin.patel42@outlook.com,2025-08-15,85,107.91,Benjamin Patel,1-647-810-9674,N,,,,,,,
T004418,benjamin.patel42@outlook.com,2025-10-22,105,36.98,Benjamin Patel,1-647-810-9674,N,,,,,,,
T000495,benjamin.su470@hotmail.com,2024-12-07,58,5.98,Benjamin Su,1-289-977-7186,Y,L000471,Frequent,4915,Non-binary,31,1994-07-11,Marketing Specialist
T000655,benjamin.su470@hotmail.com,2024-12-17,154,131.42,Benjamin Su,1-289-977-7186,Y,L000471,Frequent,4915,Non-binary,31,1994-07-11,Marketing Specialist
T000975,benjamin.su470@hotmail.com,2025-01-15,91,49.94,Benjamin Su,1-289-977-7186,Y,L000471,Frequent,4915,Non-binary,31,1994-07-11,Marketing Specialist
T001271,benjamin.su470@hotmail.com,2025-02-16,73,68.94,Benjamin Su,1-289-977-7186,Y,L000471,Frequent,4915,Non-binary,31,1994-07-11,Marketing Specialist
T003006,benjamin.su470@hotmail.com,2025-07-09,132,158.89,Benjamin Su,1-289-977-7186,Y,L000471,Frequent,4915,Non-binary,31,1994-07-11,Marketing Specialist
T003561,benjamin.su470@hotmail.com,2025-08-16,89,40.45,Benjamin Su,1-289-977-7186,Y,L000471,Frequent,4915,Non-binary,31,1994-07-11,Marketing Specialist
T003915,benjamin.su470@hotmail.com,2025-09-07,103,35.96,Benjamin Su,1-289-977-7186,Y,L000471,Frequent,4915,Non-binary,31,1994-07-11,Marketing Specialist
T000253,benjamin.thompson245@outlook.com,2024-11-19,112,86.45,Benjamin Thompson,1-416-213-1355,N,,,,,,,
T000534,benjamin.thompson245@outlook.com,2024-12-10,63,42.47,Benjamin Thompson,1-416-213-1355,N,,,,,,,
T001592,benjamin.thompson245@outlook.com,2025-03-19,37,152.89,Benjamin Thompson,1-416-213-1355,N,,,,,,,
T001617,benjamin.thompson245@outlook.com,2025-03-21,83,89.94,Benjamin Thompson,1-416-213-1355,N,,,,,,,
T001930,benjamin.thompson245@outlook.com,2025-04-17,85,139.43,Benjamin Thompson,1-416-213-1355,N,,,,,,,
T002222,benjamin.thompson245@outlook.com,2025-05-11,139,111.2,Benjamin Thompson,1-416-213-1355,N,,,,,,,
T003371,benjamin.thompson245@outlook.com,2025-08-03,86,114.45,Benjamin Thompson,1-416-213-1355,N,,,,,,,
T000244,benjamin.wilson14@hotmail.com,2024-11-18,72,160.46,Benjamin Wilson,1-416-951-6915,Y,L000015,Very Frequent,14092,Male,40,1985-02-04,Software Engineer
T000452,benjamin.wilson14@hotmail.com,2024-12-04,141,143.93,Benjamin Wilson,1-416-951-6915,Y,L000015,Very Frequent,14092,Male,40,1985-02-04,Software Engineer
T001460,benjamin.wilson14@hotmail.com,2025-03-08,50,118.92,Benjamin Wilson,1-416-951-6915,Y,L000015,Very Frequent,14092,Male,40,1985-02-04,Software Engineer
T002092,benjamin.wilson14@hotmail.com,2025-05-01,146,155.19,Benjamin Wilson,1-416-951-6915,Y,L000015,Very Frequent,14092,Male,40,1985-02-04,Software Engineer
T002239,benjamin.wilson14@hotmail.com,2025-05-12,56,15.98,Benjamin Wilson,1-416-951-6915,Y,L000015,Very Frequent,14092,Male,40,1985-02-04,Software Engineer
T002297,benjamin.wilson14@hotmail.com,2025-05-17,78,21.28,Benjamin Wilson,1-416-951-6915,Y,L000015,Very Frequent,14092,Male,40,1985-02-04,Software Engineer
T002584,benjamin.wilson14@hotmail.com,2025-06-09,95,111.95,Benjamin Wilson,1-416-951-6915,Y,L000015,Very Frequent,14092,Male,40,1985-02-04,Software Engineer
T002796,benjamin.wilson14@hotmail.com,2025-06-24,136,83.95,Benjamin Wilson,1-416-951-6915,Y,L000015,Very Frequent,14092,Male,40,1985-02-04,Software Engineer
T002813,benjamin.wilson14@hotmail.com,2025-06-25,125,105.42,Benjamin Wilson,1-416-951-6915,Y,L000015,Very Frequent,14092,Male,40,1985-02-04,Software Engineer
T003025,benjamin.wilson14@hotmail.com,2025-07-11,165,91.9,Benjamin Wilson,1-416-951-6915,Y,L000015,Very Frequent,14092,Male,40,1985-02-04,Software Engineer
T003161,benjamin.wilson14@hotmail.com,2025-07-20,164,145.41,Benjamin Wilson,1-416-951-6915,Y,L000015,Very Frequent,14092,Male,40,1985-02-04,Software Engineer
T003365,benjamin.wilson14@hotmail.com,2025-08-03,30,133.4,Benjamin Wilson,1-416-951-6915,Y,L000015,Very Frequent,14092,Male,40,1985-02-04,Software Engineer
T004030,benjamin.wilson14@hotmail.com,2025-09-19,85,57.95,Benjamin Wilson,1-416-951-6915,Y,L000015,Very Frequent,14092,Male,40,1985-02-04,Software Engineer
T004188,benjamin.wilson14@hotmail.com,2025-10-02,171,43.49,Benjamin Wilson,1-416-951-6915,Y,L000015,Very Frequent,14092,Male,40,1985-02-04,Software Engineer
T004395,benjamin.wilson14@hotmail.com,2025-10-19,79,19.98,Benjamin Wilson,1-416-951-6915,Y,L000015,Very Frequent,14092,Male,40,1985-02-04,Software Engineer
T000686,camila.chan443@hotmail.com,2024-12-20,181,23.48,Camila Chan,1-437-42-2034,Y,L000444,Frequent,5978,Female,25,2000-01-18,Consultant
T002836,camila.chan443@hotmail.com,2025-06-27,101,104.22,Camila Chan,1-437-42-2034,Y,L000444,Frequent,5978,Female,25,2000-01-18,Consultant
T002956,camila.chan443@hotmail.com,2025-07-05,72,69.96,Camila Chan,1-437-42-2034,Y,L000444,Frequent,5978,Female,25,2000-01-18,Consultant
T002991,camila.chan443@hotmail.com,2025-07-08,84,31.46,Camila Chan,1-437-42-2034,Y,L000444,Frequent,5978,Female,25,2000-01-18,Consultant
T003314,camila.chan443@hotmail.com,2025-07-29,59,150.91,Camila Chan,1-437-42-2034,Y,L000444,Frequent,5978,Female,25,2000-01-18,Consultant
T003417,camila.chan443@hotmail.com,2025-08-06,157,27.47,Camila Chan,1-437-42-2034,Y,L000444,Frequent,5978,Female,25,2000-01-18,Consultant
T004239,camila.chan443@hotmail.com,2025-10-05,115,85.94,Camila Chan,1-437-42-2034,Y,L000444,Frequent,5978,Female,25,2000-01-18,Consultant
T004263,camila.chan443@hotmail.com,2025-10-07,104,104.43,Camila Chan,1-437-42-2034,Y,L000444,Frequent,5978,Female,25,2000-01-18,Consultant
T000755,camila.chen115@gmail.com,2024-12-24,67,31.28,Camila Chen,1-647-279-3116,N,,,,,,,
T001158,camila.chen115@gmail.com,2025-02-03,106,141.43,Camila Chen,1-647-279-3116,N,,,,,,,
T001716,camila.chen115@gmail.com,2025-03-29,94,119.74,Camila Chen,1-647-279-3116,N,,,,,,,
T002391,camila.chen115@gmail.com,2025-05-25,71,59.91,Camila Chen,1-647-279-3116,N,,,,,,,
T002685,camila.chen115@gmail.com,2025-06-16,118,86.92,Camila Chen,1-647-279-3116,N,,,,,,,
T000315,camila.kowalski384@hotmail.com,2024-11-24,90,110.4,Camila Kowalski,1-905-801-2778,Y,L000385,Frequent,3418,Female,43,1982-05-28,Nurse
T000790,camila.kowalski384@hotmail.com,2024-12-27,148,38.96,Camila Kowalski,1-905-801-2778,Y,L000385,Frequent,3418,Female,43,1982-05-28,Nurse
T002502,camila.kowalski384@hotmail.com,2025-06-04,88,35.48,Camila Kowalski,1-905-801-2778,Y,L000385,Frequent,3418,Female,43,1982-05-28,Nurse
T004290,camila.kowalski384@hotmail.com,2025-10-10,114,156.98,Camila Kowalski,1-905-801-2778,Y,L000385,Frequent,3418,Female,43,1982-05-28,Nurse
T000141,camila.patel33@yahoo.com,2024-11-09,96,12.49,Camila Patel,1-647-807-3988,Y,L000034,Frequent,7051,Female,58,1967-06-13,HR Coordinator
T000295,camila.patel33@yahoo.com,2024-11-23,102,33.48,Camila Patel,1-647-807-3988,Y,L000034,Frequent,7051,Female,58,1967-06-13,HR Coordinator
T000530,camila.patel33@yahoo.com,2024-12-09,71,92.45,Camila Patel,1-647-807-3988,Y,L000034,Frequent,7051,Female,58,1967-06-13,HR Coordinator
T000570,camila.patel33@yahoo.com,2024-12-12,69,102.41,Camila Patel,1-647-807-3988,Y,L000034,Frequent,7051,Female,58,1967-06-13,HR Coordinator
T001753,camila.patel33@yahoo.com,2025-04-01,171,85.23,Camila Patel,1-647-807-3988,Y,L000034,Frequent,7051,Female,58,1967-06-13,HR Coordinator
T002029,camila.patel33@yahoo.com,2025-04-26,103,30.57,Camila Patel,1-647-807-3988,Y,L000034,Frequent,7051,Female,58,1967-06-13,HR Coordinator
T002280,camila.patel33@yahoo.com,2025-05-16,87,87.46,Camila Patel,1-647-807-3988,Y,L000034,Frequent,7051,Female,58,1967-06-13,HR Coordinator
T002430,camila.patel33@yahoo.com,2025-05-29,78,74.21,Camila Patel,1-647-807-3988,Y,L000034,Frequent,7051,Female,58,1967-06-13,HR Coordinator
T002617,camila.patel33@yahoo.com,2025-06-12,72,67.75,Camila Patel,1-647-807-3988,Y,L000034,Frequent,7051,Female,58,1967-06-13,HR Coordinator
T003014,camila.patel33@yahoo.com,2025-07-10,145,9.87,Camila Patel,1-647-807-3988,Y,L000034,Frequent,7051,Female,58,1967-06-13,HR Coordinator
T004393,camila.patel33@yahoo.com,2025-10-19,53,109.21,Camila Patel,1-647-807-3988,Y,L000034,Frequent,7051,Female,58,1967-06-13,HR Coordinator
T000865,camila.rodriguez435@hotmail.com,2025-01-01,175,17.48,Camila Rodriguez,1-365-649-336,Y,L000436,Casual,1391,Non-binary,25,2000-10-11,Nurse
T002341,camila.rodriguez435@hotmail.com,2025-05-21,105,30.77,Camila Rodriguez,1-365-649-336,Y,L000436,Casual,1391,Non-binary,25,2000-10-11,Nurse
T002675,camila.rodriguez435@hotmail.com,2025-06-15,67,90.89,Camila Rodriguez,1-365-649-336,Y,L000436,Casual,1391,Non-binary,25,2000-10-11,Nurse
T000689,camila.roy221@outlook.com,2024-12-20,92,127.23,Camila Roy,1-289-509-3957,Y,L000222,Very Frequent,9689,Female,34,1991-07-05,Graphic Designer
T000973,camila.roy221@outlook.com,2025-01-15,81,31.97,Camila Roy,1-289-509-3957,Y,L000222,Very Frequent,9689,Female,34,1991-07-05,Graphic Designer
T002713,camila.roy221@outlook.com,2025-06-18,53,56.94,Camila Roy,1-289-509-3957,Y,L000222,Very Frequent,9689,Female,34,1991-07-05,Graphic Designer
T003243,camila.roy221@outlook.com,2025-07-25,144,268.17,Camila Roy,1-289-509-3957,Y,L000222,Very Frequent,9689,Female,34,1991-07-05,Graphic Designer
T003437,camila.roy221@outlook.com,2025-08-08,79,237.86,Camila Roy,1-289-509-3957,Y,L000222,Very Frequent,9689,Female,34,1991-07-05,Graphic Designer
T003670,camila.roy221@outlook.com,2025-08-24,95,154.38,Camila Roy,1-289-509-3957,Y,L000222,Very Frequent,9689,Female,34,1991-07-05,Graphic Designer
T004485,camila.roy221@outlook.com,2025-10-27,99,92.44,Camila Roy,1-289-509-3957,Y,L000222,Very Frequent,9689,Female,34,1991-07-05,Graphic Designer
T000021,camila.singh467@outlook.com,2024-10-29,126,20.49,Camila Singh,1-905-437-9559,N,,,,,,,
T000343,camila.singh467@outlook.com,2024-11-28,30,79.96,Camila Singh,1-905-437-9559,N,,,,,,,
T000515,camila.singh467@outlook.com,2024-12-08,118,189.86,Camila Singh,1-905-437-9559,N,,,,,,,
T000652,camila.singh467@outlook.com,2024-12-17,75,158.03,Camila Singh,1-905-437-9559,N,,,,,,,
T001111,camila.singh467@outlook.com,2025-01-30,45,26.47,Camila Singh,1-905-437-9559,N,,,,,,,
T001577,camila.singh467@outlook.com,2025-03-17,31,24.47,Camila Singh,1-905-437-9559,N,,,,,,,
T004399,camila.singh467@outlook.com,2025-10-20,72,154.9,Camila Singh,1-905-437-9559,N,,,,,,,
T001079,carter.garcia37@hotmail.com,2025-01-25,113,129.72,Carter Garcia,1-289-918-1045,Y,L000038,Frequent,2975,Male,25,2000-03-30,Software Engineer
T001117,carter.garcia37@hotmail.com,2025-01-31,103,69.44,Carter Garcia,1-289-918-1045,Y,L000038,Frequent,2975,Male,25,2000-03-30,Software Engineer
T001492,carter.garcia37@hotmail.com,2025-03-10,98,41.96,Carter Garcia,1-289-918-1045,Y,L000038,Frequent,2975,Male,25,2000-03-30,Software Engineer
T003193,carter.garcia37@hotmail.com,2025-07-22,30,56.47,Carter Garcia,1-289-918-1045,Y,L000038,Frequent,2975,Male,25,2000-03-30,Software Engineer
T000113,carter.gonzalez338@gmail.com,2024-11-07,37,67.24,Carter Gonzalez,1-437-750-728,Y,L000339,Frequent,6764,Male,43,1982-06-12,Teacher
T000620,carter.gonzalez338@gmail.com,2024-12-15,134,38.27,Carter Gonzalez,1-437-750-728,Y,L000339,Frequent,6764,Male,43,1982-06-12,Teacher
T000635,carter.gonzalez338@gmail.com,2024-12-15,112,43.49,Carter Gonzalez,1-437-750-728,Y,L000339,Frequent,6764,Male,43,1982-06-12,Teacher
T000914,carter.gonzalez338@gmail.com,2025-01-06,30,12.99,Carter Gonzalez,1-437-750-728,Y,L000339,Frequent,6764,Male,43,1982-06-12,Teacher
T001061,carter.gonzalez338@gmail.com,2025-01-24,124,29.98,Carter Gonzalez,1-437-750-728,Y,L000339,Frequent,6764,Male,43,1982-06-12,Teacher
T001198,carter.gonzalez338@gmail.com,2025-02-08,83,53.77,Carter Gonzalez,1-437-750-728,Y,L000339,Frequent,6764,Male,43,1982-06-12,Teacher
T002501,carter.gonzalez338@gmail.com,2025-06-04,149,24.99,Carter Gonzalez,1-437-750-728,Y,L000339,Frequent,6764,Male,43,1982-06-12,Teacher
T002510,carter.gonzalez338@gmail.com,2025-06-04,117,80.92,Carter Gonzalez,1-437-750-728,Y,L000339,Frequent,6764,Male,43,1982-06-12,Teacher
T002607,carter.gonzalez338@gmail.com,2025-06-11,85,70.26,Carter Gonzalez,1-437-750-728,Y,L000339,Frequent,6764,Male,43,1982-06-12,Teacher
T002738,carter.gonzalez338@gmail.com,2025-06-20,192,84.19,Carter Gonzalez,1-437-750-728,Y,L000339,Frequent,6764,Male,43,1982-06-12,Teacher
T003522,carter.gonzalez338@gmail.com,2025-08-13,104,26.47,Carter Gonzalez,1-437-750-728,Y,L000339,Frequent,6764,Male,43,1982-06-12,Teacher
T003536,carter.gonzalez338@gmail.com,2025-08-14,147,17.49,Carter Gonzalez,1-437-750-728,Y,L000339,Frequent,6764,Male,43,1982-06-12,Teacher
T003947,carter.gonzalez338@gmail.com,2025-09-10,60,98.44,Carter Gonzalez,1-437-750-728,Y,L000339,Frequent,6764,Male,43,1982-06-12,Teacher
T003957,carter.gonzalez338@gmail.com,2025-09-12,123,27.98,Carter Gonzalez,1-437-750-728,Y,L000339,Frequent,6764,Male,43,1982-06-12,Teacher
T000353,carter.kim97@icloud.com,2024-11-29,87,136.37,Carter Kim,1-437-32-1372,Y,L000098,Frequent,6777,Male,58,1967-08-27,Chef
T001199,carter.kim97@icloud.com,2025-02-08,85,23.49,Carter Kim,1-437-32-1372,Y,L000098,Frequent,6777,Male,58,1967-08-27,Chef
T001214,carter.kim97@icloud.com,2025-02-09,51,49.47,Carter Kim,1-437-32-1372,Y,L000098,Frequent,6777,Male,58,1967-08-27,Chef
T003135,carter.kim97@icloud.com,2025-07-19,142,101.45,Carter Kim,1-437-32-1372,Y,L000098,Frequent,6777,Male,58,1967-08-27,Chef
T003612,carter.kim97@icloud.com,2025-08-20,77,226.9,Carter Kim,1-437-32-1372,Y,L000098,Frequent,6777,Male,58,1967-08-27,Chef
T003633,carter.kim97@icloud.com,2025-08-22,128,140.02,Carter Kim,1-437-32-1372,Y,L000098,Frequent,6777,Male,58,1967-08-27,Chef
T000407,carter.liu164@outlook.com,2024-12-01,79,21.07,Carter Liu,1-289-80-9722,Y,L000165,Frequent,4582,Male,37,1988-03-22,Consultant
T001319,carter.liu164@outlook.com,2025-02-22,101,51.96,Carter Liu,1-289-80-9722,Y,L000165,Frequent,4582,Male,37,1988-03-22,Consultant
T001717,carter.liu164@outlook.com,2025-03-29,95,280.54,Carter Liu,1-289-80-9722,Y,L000165,Frequent,4582,Male,37,1988-03-22,Consultant
T002582,carter.liu164@outlook.com,2025-06-09,181,68.44,Carter Liu,1-289-80-9722,Y,L000165,Frequent,4582,Male,37,1988-03-22,Consultant
T004316,carter.liu164@outlook.com,2025-10-12,107,36.27,Carter Liu,1-289-80-9722,Y,L000165,Frequent,4582,Male,37,1988-03-22,Consultant
T000054,carter.patel6@yahoo.com,2024-11-02,40,59.92,Carter Patel,1-905-396-5687,N,,,,,,,
T000953,carter.patel6@yahoo.com,2025-01-12,37,56.95,Carter Patel,1-905-396-5687,N,,,,,,,
T001010,carter.patel6@yahoo.com,2025-01-18,73,106.9,Carter Patel,1-905-396-5687,N,,,,,,,
T001604,carter.patel6@yahoo.com,2025-03-20,141,151.47,Carter Patel,1-905-396-5687,N,,,,,,,
T001990,carter.patel6@yahoo.com,2025-04-22,97,84.94,Carter Patel,1-905-396-5687,N,,,,,,,
T002178,carter.patel6@yahoo.com,2025-05-07,101,124.4,Carter Patel,1-905-396-5687,N,,,,,,,
T002408,carter.patel6@yahoo.com,2025-05-27,81,26.96,Carter Patel,1-905-396-5687,N,,,,,,,
T003580,carter.patel6@yahoo.com,2025-08-17,121,107.45,Carter Patel,1-905-396-5687,N,,,,,,,
T000350,carter.roy463@outlook.com,2024-11-28,116,111.77,Carter Roy,1-416-990-7515,Y,L000464,Very Frequent,11440,Male,19,2006-02-16,Teacher
T000824,carter.roy463@outlook.com,2024-12-29,86,76.94,Carter Roy,1-416-990-7515,Y,L000464,Very Frequent,11440,Male,19,2006-02-16,Teacher
T001139,carter.roy463@outlook.com,2025-02-02,81,96.75,Carter Roy,1-416-990-7515,Y,L000464,Very Frequent,11440,Male,19,2006-02-16,Teacher
T001282,carter.roy463@outlook.com,2025-02-17,89,232.46,Carter Roy,1-416-990-7515,Y,L000464,Very Frequent,11440,Male,19,2006-02-16,Teacher
T001542,carter.roy463@outlook.com,2025-03-15,107,130.7,Carter Roy,1-416-990-7515,Y,L000464,Very Frequent,11440,Male,19,2006-02-16,Teacher
T001858,carter.roy463@outlook.com,2025-04-11,131,97.46,Carter Roy,1-416-990-7515,Y,L000464,Very Frequent,11440,Male,19,2006-02-16,Teacher
T002807,carter.roy463@outlook.com,2025-06-24,132,130.7,Carter Roy,1-416-990-7515,Y,L000464,Very Frequent,11440,Male,19,2006-02-16,Teacher
T002929,carter.roy463@outlook.com,2025-07-03,107,163.87,Carter Roy,1-416-990-7515,Y,L000464,Very Frequent,11440,Male,19,2006-02-16,Teacher
T003690,carter.roy463@outlook.com,2025-08-24,132,103.42,Carter Roy,1-416-990-7515,Y,L000464,Very Frequent,11440,Male,19,2006-02-16,Teacher
T000564,carter.white124@yahoo.com,2024-12-12,68,21.48,Carter White,1-416-116-7617,Y,L000125,Frequent,2471,Male,43,1982-03-12,Project Manager
T001274,carter.white124@yahoo.com,2025-02-16,133,40.74,Carter White,1-416-116-7617,Y,L000125,Frequent,2471,Male,43,1982-03-12,Project Manager
T001341,carter.white124@yahoo.com,2025-02-24,121,95.49,Carter White,1-416-116-7617,Y,L000125,Frequent,2471,Male,43,1982-03-12,Project Manager
T003656,carter.white124@yahoo.com,2025-08-23,143,89.42,Carter White,1-416-116-7617,Y,L000125,Frequent,2471,Male,43,1982-03-12,Project Manager
T000118,carter.zhang403@gmail.com,2024-11-08,123,76.96,Carter Zhang,1-647-498-1867,Y,L000404,Very Frequent,9743,Male,45,1980-05-18,Software Engineer
T000169,carter.zhang403@gmail.com,2024-11-10,81,30.77,Carter Zhang,1-647-498-1867,Y,L000404,Very Frequent,9743,Male,45,1980-05-18,Software Engineer
T000523,carter.zhang403@gmail.com,2024-12-09,127,83.98,Carter Zhang,1-647-498-1867,Y,L000404,Very Frequent,9743,Male,45,1980-05-18,Software Engineer
T000580,carter.zhang403@gmail.com,2024-12-13,89,46.47,Carter Zhang,1-647-498-1867,Y,L000404,Very Frequent,9743,Male,45,1980-05-18,Software Engineer
T000740,carter.zhang403@gmail.com,2024-12-24,93,20.98,Carter Zhang,1-647-498-1867,Y,L000404,Very Frequent,9743,Male,45,1980-05-18,Software Engineer
T001241,carter.zhang403@gmail.com,2025-02-12,57,139.63,Carter Zhang,1-647-498-1867,Y,L000404,Very Frequent,9743,Male,45,1980-05-18,Software Engineer
T001665,carter.zhang403@gmail.com,2025-03-25,70,121.72,Carter Zhang,1-647-498-1867,Y,L000404,Very Frequent,9743,Male,45,1980-05-18,Software Engineer
T002672,carter.zhang403@gmail.com,2025-06-15,126,245.19,Carter Zhang,1-647-498-1867,Y,L000404,Very Frequent,9743,Male,45,1980-05-18,Software Engineer
T002940,carter.zhang403@gmail.com,2025-07-04,95,71.46,Carter Zhang,1-647-498-1867,Y,L000404,Very Frequent,9743,Male,45,1980-05-18,Software Engineer
T003909,carter.zhang403@gmail.com,2025-09-07,150,62.23,Carter Zhang,1-647-498-1867,Y,L000404,Very Frequent,9743,Male,45,1980-05-18,Software Engineer
T003991,carter.zhang403@gmail.com,2025-09-14,68,74.95,Carter Zhang,1-647-498-1867,Y,L000404,Very Frequent,9743,Male,45,1980-05-18,Software Engineer
T000326,charlotte.anderson449@yahoo.com,2024-11-26,105,43.48,Charlotte Anderson,1-437-881-7274,Y,L000450,Frequent,3157,Female,39,1986-02-01,Sales Associate
T000647,charlotte.anderson449@yahoo.com,2024-12-16,91,59.45,Charlotte Anderson,1-437-881-7274,Y,L000450,Frequent,3157,Female,39,1986-02-01,Sales Associate
T002128,charlotte.anderson449@yahoo.com,2025-05-04,123,41.46,Charlotte Anderson,1-437-881-7274,Y,L000450,Frequent,3157,Female,39,1986-02-01,Sales Associate
T003236,charlotte.anderson449@yahoo.com,2025-07-25,121,44.48,Charlotte Anderson,1-437-881-7274,Y,L000450,Frequent,3157,Female,39,1986-02-01,Sales Associate
T003816,charlotte.anderson449@yahoo.com,2025-08-31,105,104.41,Charlotte Anderson,1-437-881-7274,Y,L000450,Frequent,3157,Female,39,1986-02-01,Sales Associate
T004484,charlotte.anderson449@yahoo.com,2025-10-27,72,22.48,Charlotte Anderson,1-437-881-7274,Y,L000450,Frequent,3157,Female,39,1986-02-01,Sales Associate
T000308,charlotte.chan310@outlook.com,2024-11-24,57,75.45,Charlotte Chan,1-416-633-3104,Y,L000311,Frequent,4447,Male,31,1994-06-06,Sales Associate
T002930,charlotte.chan310@outlook.com,2025-07-03,50,70.96,Charlotte Chan,1-416-633-3104,Y,L000311,Frequent,4447,Male,31,1994-06-06,Sales Associate
T003204,charlotte.chan310@outlook.com,2025-07-23,58,36.48,Charlotte Chan,1-416-633-3104,Y,L000311,Frequent,4447,Male,31,1994-06-06,Sales Associate
T003773,charlotte.chan310@outlook.com,2025-08-30,30,117.4,Charlotte Chan,1-416-633-3104,Y,L000311,Frequent,4447,Male,31,1994-06-06,Sales Associate
T004227,charlotte.chan310@outlook.com,2025-10-04,82,50.55,Charlotte Chan,1-416-633-3104,Y,L000311,Frequent,4447,Male,31,1994-06-06,Sales Associate
T004315,charlotte.chan310@outlook.com,2025-10-12,64,93.93,Charlotte Chan,1-416-633-3104,Y,L000311,Frequent,4447,Male,31,1994-06-06,Sales Associate
T000012,charlotte.khan313@gmail.com,2024-10-29,84,69.44,Charlotte Khan,1-905-975-9866,Y,L000314,Very Frequent,12598,Female,37,1988-06-14,Nurse
T000156,charlotte.khan313@gmail.com,2024-11-10,109,149.71,Charlotte Khan,1-905-975-9866,Y,L000314,Very Frequent,12598,Female,37,1988-06-14,Nurse
T000445,charlotte.khan313@gmail.com,2024-12-04,184,53.98,Charlotte Khan,1-905-975-9866,Y,L000314,Very Frequent,12598,Female,37,1988-06-14,Nurse
T000665,charlotte.khan313@gmail.com,2024-12-18,126,91.48,Charlotte Khan,1-905-975-9866,Y,L000314,Very Frequent,12598,Female,37,1988-06-14,Nurse
T000814,charlotte.khan313@gmail.com,2024-12-28,104,29.47,Charlotte Khan,1-905-975-9866,Y,L000314,Very Frequent,12598,Female,37,1988-06-14,Nurse
T001350,charlotte.khan313@gmail.com,2025-02-24,121,32.49,Charlotte Khan,1-905-975-9866,Y,L000314,Very Frequent,12598,Female,37,1988-06-14,Nurse
T001393,charlotte.khan313@gmail.com,2025-03-01,61,140.72,Charlotte Khan,1-905-975-9866,Y,L000314,Very Frequent,12598,Female,37,1988-06-14,Nurse
T001541,charlotte.khan313@gmail.com,2025-03-15,67,118.4,Charlotte Khan,1-905-975-9866,Y,L000314,Very Frequent,12598,Female,37,1988-06-14,Nurse
T001660,charlotte.khan313@gmail.com,2025-03-25,91,79.44,Charlotte Khan,1-905-975-9866,Y,L000314,Very Frequent,12598,Female,37,1988-06-14,Nurse
T002313,charlotte.khan313@gmail.com,2025-05-18,98,151.37,Charlotte Khan,1-905-975-9866,Y,L000314,Very Frequent,12598,Female,37,1988-06-14,Nurse
T003094,charlotte.khan313@gmail.com,2025-07-15,91,150.92,Charlotte Khan,1-905-975-9866,Y,L000314,Very Frequent,12598,Female,37,1988-06-14,Nurse
T003263,charlotte.khan313@gmail.com,2025-07-27,117,90.94,Charlotte Khan,1-905-975-9866,Y,L000314,Very Frequent,12598,Female,37,1988-06-14,Nurse
T003687,charlotte.khan313@gmail.com,2025-08-24,73,101.44,Charlotte Khan,1-905-975-9866,Y,L000314,Very Frequent,12598,Female,37,1988-06-14,Nurse
T000270,charlotte.lam401@hotmail.com,2024-11-21,95,47.26,Charlotte Lam,1-647-564-2151,N,,,,,,,
T000339,charlotte.lam401@hotmail.com,2024-11-27,67,132.41,Charlotte Lam,1-647-564-2151,N,,,,,,,
T000577,charlotte.lam401@hotmail.com,2024-12-13,109,31.97,Charlotte Lam,1-647-564-2151,N,,,,,,,
T000843,charlotte.lam401@hotmail.com,2024-12-29,40,19.78,Charlotte Lam,1-647-564-2151,N,,,,,,,
T000866,charlotte.lam401@hotmail.com,2025-01-01,127,59.46,Charlotte Lam,1-647-564-2151,N,,,,,,,
T002258,charlotte.lam401@hotmail.com,2025-05-14,187,187.29,Charlotte Lam,1-647-564-2151,N,,,,,,,
T002917,charlotte.lam401@hotmail.com,2025-07-02,106,62.45,Charlotte Lam,1-647-564-2151,N,,,,,,,
T003811,charlotte.lam401@hotmail.com,2025-08-31,39,15.98,Charlotte Lam,1-647-564-2151,N,,,,,,,
T004083,charlotte.lam401@hotmail.com,2025-09-23,98,145.89,Charlotte Lam,1-647-564-2151,N,,,,,,,
T004192,charlotte.lam401@hotmail.com,2025-10-02,119,123.91,Charlotte Lam,1-647-564-2151,N,,,,,,,
T000726,charlotte.liu453@yahoo.com,2024-12-22,91,166.92,Charlotte Liu,1-437-724-6397,Y,L000454,Frequent,7897,Male,39,1986-08-27,Accountant
T001210,charlotte.liu453@yahoo.com,2025-02-08,76,103.94,Charlotte Liu,1-437-724-6397,Y,L000454,Frequent,7897,Male,39,1986-08-27,Accountant
T001533,charlotte.liu453@yahoo.com,2025-03-14,94,48.96,Charlotte Liu,1-437-724-6397,Y,L000454,Frequent,7897,Male,39,1986-08-27,Accountant
T002845,charlotte.liu453@yahoo.com,2025-06-27,116,65.42,Charlotte Liu,1-437-724-6397,Y,L000454,Frequent,7897,Male,39,1986-08-27,Accountant
T003455,charlotte.liu453@yahoo.com,2025-08-09,102,40.13,Charlotte Liu,1-437-724-6397,Y,L000454,Frequent,7897,Male,39,1986-08-27,Accountant
T003964,charlotte.liu453@yahoo.com,2025-09-12,105,248.96,Charlotte Liu,1-437-724-6397,Y,L000454,Frequent,7897,Male,39,1986-08-27,Accountant
T004400,charlotte.liu453@yahoo.com,2025-10-20,84,115.46,Charlotte Liu,1-437-724-6397,Y,L000454,Frequent,7897,Male,39,1986-08-27,Accountant
T000040,charlotte.thompson492@icloud.com,2024-10-31,61,23.29,Charlotte Thompson,1-289-461-3412,N,,,,,,,
T000782,charlotte.thompson492@icloud.com,2024-12-27,122,32.47,Charlotte Thompson,1-289-461-3412,N,,,,,,,
T000961,charlotte.thompson492@icloud.com,2025-01-13,107,73.45,Charlotte Thompson,1-289-461-3412,N,,,,,,,
T002739,charlotte.thompson492@icloud.com,2025-06-20,141,122.43,Charlotte Thompson,1-289-461-3412,N,,,,,,,
T003835,charlotte.thompson492@icloud.com,2025-09-02,102,86.21,Charlotte Thompson,1-289-461-3412,N,,,,,,,
T004300,charlotte.thompson492@icloud.com,2025-10-10,101,89.95,Charlotte Thompson,1-289-461-3412,N,,,,,,,
T004353,charlotte.thompson492@icloud.com,2025-10-16,66,57.97,Charlotte Thompson,1-289-461-3412,N,,,,,,,
T004434,charlotte.thompson492@icloud.com,2025-10-24,136,62.43,Charlotte Thompson,1-289-461-3412,N,,,,,,,
T004442,charlotte.thompson492@icloud.com,2025-10-24,101,160.89,Charlotte Thompson,1-289-461-3412,N,,,,,,,
T000051,charlotte.tremblay318@yahoo.com,2024-11-01,62,80.23,Charlotte Tremblay,1-437-466-4386,Y,L000319,Frequent,4630,Female,38,1987-04-18,Teacher
T000425,charlotte.tremblay318@yahoo.com,2024-12-03,167,28.49,Charlotte Tremblay,1-437-466-4386,Y,L000319,Frequent,4630,Female,38,1987-04-18,Teacher
T002496,charlotte.tremblay318@yahoo.com,2025-06-03,76,77.48,Charlotte Tremblay,1-437-466-4386,Y,L000319,Frequent,4630,Female,38,1987-04-18,Teacher
T003383,charlotte.tremblay318@yahoo.com,2025-08-03,152,25.96,Charlotte Tremblay,1-437-466-4386,Y,L000319,Frequent,4630,Female,38,1987-04-18,Teacher
T003712,charlotte.tremblay318@yahoo.com,2025-08-26,134,216.39,Charlotte Tremblay,1-437-466-4386,Y,L000319,Frequent,4630,Female,38,1987-04-18,Teacher
T003761,charlotte.tremblay318@yahoo.com,2025-08-29,65,34.48,Charlotte Tremblay,1-437-466-4386,Y,L000319,Frequent,4630,Female,38,1987-04-18,Teacher
T000110,chloe.chen344@icloud.com,2024-11-07,52,26.77,Chloe Chen,1-289-748-5627,N,,,,,,,
T000252,chloe.chen344@icloud.com,2024-11-19,114,122.21,Chloe Chen,1-289-748-5627,N,,,,,,,
T000994,chloe.chen344@icloud.com,2025-01-17,110,156.69,Chloe Chen,1-289-748-5627,N,,,,,,,
T001006,chloe.chen344@icloud.com,2025-01-18,125,104.43,Chloe Chen,1-289-748-5627,N,,,,,,,
T001747,chloe.chen344@icloud.com,2025-04-01,115,28.78,Chloe Chen,1-289-748-5627,N,,,,,,,
T002349,chloe.chen344@icloud.com,2025-05-22,193,85.77,Chloe Chen,1-289-748-5627,N,,,,,,,
T002411,chloe.chen344@icloud.com,2025-05-27,123,136.93,Chloe Chen,1-289-748-5627,N,,,,,,,
T003129,chloe.chen344@icloud.com,2025-07-18,93,23.49,Chloe Chen,1-289-748-5627,N,,,,,,,
T003572,chloe.chen344@icloud.com,2025-08-16,119,88.7,Chloe Chen,1-289-748-5627,N,,,,,,,
T003601,chloe.chen344@icloud.com,2025-08-19,125,20.97,Chloe Chen,1-289-748-5627,N,,,,,,,
T003751,chloe.chen344@icloud.com,2025-08-28,143,206.86,Chloe Chen,1-289-748-5627,N,,,,,,,
T004087,chloe.chen344@icloud.com,2025-09-23,101,43.96,Chloe Chen,1-289-748-5627,N,,,,,,,
T001078,chloe.kim399@outlook.com,2025-01-25,146,316.49,Chloe Kim,1-437-446-5110,Y,L000400,Very Frequent,8629,Female,42,1983-02-11,Project Manager
T001153,chloe.kim399@outlook.com,2025-02-03,94,66.96,Chloe Kim,1-437-446-5110,Y,L000400,Very Frequent,8629,Female,42,1983-02-11,Project Manager
T001164,chloe.kim399@outlook.com,2025-02-04,63,65.48,Chloe Kim,1-437-446-5110,Y,L000400,Very Frequent,8629,Female,42,1983-02-11,Project Manager
T002311,chloe.kim399@outlook.com,2025-05-18,91,56.24,Chloe Kim,1-437-446-5110,Y,L000400,Very Frequent,8629,Female,42,1983-02-11,Project Manager
T002542,chloe.kim399@outlook.com,2025-06-07,118,81.45,Chloe Kim,1-437-446-5110,Y,L000400,Very Frequent,8629,Female,42,1983-02-11,Project Manager
T002994,chloe.kim399@outlook.com,2025-07-08,69,162.86,Chloe Kim,1-437-446-5110,Y,L000400,Very Frequent,8629,Female,42,1983-02-11,Project Manager
T003425,chloe.kim399@outlook.com,2025-08-07,191,113.46,Chloe Kim,1-437-446-5110,Y,L000400,Very Frequent,8629,Female,42,1983-02-11,Project Manager
T001789,chloe.li177@hotmail.com,2025-04-05,87,138.4,Chloe Li,1-647-825-7144,N,,,,,,,
T002704,chloe.li177@hotmail.com,2025-06-18,119,67.95,Chloe Li,1-647-825-7144,N,,,,,,,
T003715,chloe.li177@hotmail.com,2025-08-26,65,56.44,Chloe Li,1-647-825-7144,N,,,,,,,
T001272,chloe.nowak316@gmail.com,2025-02-16,92,178.95,Chloe Nowak,1-365-654-4157,Y,L000317,Very Frequent,10541,Male,21,2004-10-08,Electrician
T001409,chloe.nowak316@gmail.com,2025-03-02,114,31.45,Chloe Nowak,1-365-654-4157,Y,L000317,Very Frequent,10541,Male,21,2004-10-08,Electrician
T001685,chloe.nowak316@gmail.com,2025-03-27,138,18.27,Chloe Nowak,1-365-654-4157,Y,L000317,Very Frequent,10541,Male,21,2004-10-08,Electrician
T001846,chloe.nowak316@gmail.com,2025-04-09,30,10.27,Chloe Nowak,1-365-654-4157,Y,L000317,Very Frequent,10541,Male,21,2004-10-08,Electrician
T001940,chloe.nowak316@gmail.com,2025-04-18,50,46.99,Chloe Nowak,1-365-654-4157,Y,L000317,Very Frequent,10541,Male,21,2004-10-08,Electrician
T003108,chloe.nowak316@gmail.com,2025-07-16,67,71.93,Chloe Nowak,1-365-654-4157,Y,L000317,Very Frequent,10541,Male,21,2004-10-08,Electrician
T003166,chloe.nowak316@gmail.com,2025-07-20,144,150.89,Chloe Nowak,1-365-654-4157,Y,L000317,Very Frequent,10541,Male,21,2004-10-08,Electrician
T003595,chloe.nowak316@gmail.com,2025-08-18,84,103.93,Chloe Nowak,1-365-654-4157,Y,L000317,Very Frequent,10541,Male,21,2004-10-08,Electrician
T003803,chloe.nowak316@gmail.com,2025-08-31,78,91.24,Chloe Nowak,1-365-654-4157,Y,L000317,Very Frequent,10541,Male,21,2004-10-08,Electrician
T003992,chloe.nowak316@gmail.com,2025-09-14,177,218.89,Chloe Nowak,1-365-654-4157,Y,L000317,Very Frequent,10541,Male,21,2004-10-08,Electrician
T004281,chloe.nowak316@gmail.com,2025-10-08,207,131.38,Chloe Nowak,1-365-654-4157,Y,L000317,Very Frequent,10541,Male,21,2004-10-08,Electrician
T000246,chloe.park89@icloud.com,2024-11-18,118,140.22,Chloe Park,1-365-710-8629,Y,L000090,Frequent,7536,Female,43,1982-10-06,HR Coordinator
T000336,chloe.park89@icloud.com,2024-11-27,80,40.45,Chloe Park,1-365-710-8629,Y,L000090,Frequent,7536,Female,43,1982-10-06,HR Coordinator
T000879,chloe.park89@icloud.com,2025-01-02,86,106.92,Chloe Park,1-365-710-8629,Y,L000090,Frequent,7536,Female,43,1982-10-06,HR Coordinator
T000888,chloe.park89@icloud.com,2025-01-04,138,168.76,Chloe Park,1-365-710-8629,Y,L000090,Frequent,7536,Female,43,1982-10-06,HR Coordinator
T001385,chloe.park89@icloud.com,2025-03-01,117,87.98,Chloe Park,1-365-710-8629,Y,L000090,Frequent,7536,Female,43,1982-10-06,HR Coordinator
T001689,chloe.park89@icloud.com,2025-03-27,73,8.49,Chloe Park,1-365-710-8629,Y,L000090,Frequent,7536,Female,43,1982-10-06,HR Coordinator
T001854,chloe.park89@icloud.com,2025-04-10,97,100.42,Chloe Park,1-365-710-8629,Y,L000090,Frequent,7536,Female,43,1982-10-06,HR Coordinator
T002042,chloe.park89@icloud.com,2025-04-27,87,68.95,Chloe Park,1-365-710-8629,Y,L000090,Frequent,7536,Female,43,1982-10-06,HR Coordinator
T002892,chloe.park89@icloud.com,2025-06-30,43,12.49,Chloe Park,1-365-710-8629,Y,L000090,Frequent,7536,Female,43,1982-10-06,HR Coordinator
T003792,chloe.park89@icloud.com,2025-08-30,108,18.98,Chloe Park,1-365-710-8629,Y,L000090,Frequent,7536,Female,43,1982-10-06,HR Coordinator
T000521,chloe.rodriguez340@hotmail.com,2024-12-09,77,136.94,Chloe Rodriguez,1-365-939-3199,Y,L000341,Very Frequent,8928,Male,41,1984-08-23,Product Manager
T001133,chloe.rodriguez340@hotmail.com,2025-02-01,97,64.23,Chloe Rodriguez,1-365-939-3199,Y,L000341,Very Frequent,8928,Male,41,1984-08-23,Product Manager
T001816,chloe.rodriguez340@hotmail.com,2025-04-06,185,82.93,Chloe Rodriguez,1-365-939-3199,Y,L000341,Very Frequent,8928,Male,41,1984-08-23,Product Manager
T001877,chloe.rodriguez340@hotmail.com,2025-04-13,106,23.49,Chloe Rodriguez,1-365-939-3199,Y,L000341,Very Frequent,8928,Male,41,1984-08-23,Product Manager
T002082,chloe.rodriguez340@hotmail.com,2025-04-30,141,80.46,Chloe Rodriguez,1-365-939-3199,Y,L000341,Very Frequent,8928,Male,41,1984-08-23,Product Manager
T002861,chloe.rodriguez340@hotmail.com,2025-06-28,132,141.01,Chloe Rodriguez,1-365-939-3199,Y,L000341,Very Frequent,8928,Male,41,1984-08-23,Product Manager
T003447,chloe.rodriguez340@hotmail.com,2025-08-09,58,109.42,Chloe Rodriguez,1-365-939-3199,Y,L000341,Very Frequent,8928,Male,41,1984-08-23,Product Manager
T003902,chloe.rodriguez340@hotmail.com,2025-09-06,132,87.94,Chloe Rodriguez,1-365-939-3199,Y,L000341,Very Frequent,8928,Male,41,1984-08-23,Product Manager
T004074,chloe.rodriguez340@hotmail.com,2025-09-22,164,72.83,Chloe Rodriguez,1-365-939-3199,Y,L000341,Very Frequent,8928,Male,41,1984-08-23,Product Manager
T004245,chloe.rodriguez340@hotmail.com,2025-10-05,140,93.56,Chloe Rodriguez,1-365-939-3199,Y,L000341,Very Frequent,8928,Male,41,1984-08-23,Product Manager
T000266,chloe.roy274@outlook.com,2024-11-20,157,24.97,Chloe Roy,1-365-964-5081,N,,,,,,,
T000284,chloe.roy274@outlook.com,2024-11-22,106,159.88,Chloe Roy,1-365-964-5081,N,,,,,,,
T001168,chloe.roy274@outlook.com,2025-02-04,88,28.98,Chloe Roy,1-365-964-5081,N,,,,,,,
T001256,chloe.roy274@outlook.com,2025-02-15,56,200.87,Chloe Roy,1-365-964-5081,N,,,,,,,
T001850,chloe.roy274@outlook.com,2025-04-10,69,165.92,Chloe Roy,1-365-964-5081,N,,,,,,,
T002676,chloe.roy274@outlook.com,2025-06-15,202,76.95,Chloe Roy,1-365-964-5081,N,,,,,,,
T000462,chloe.thompson200@yahoo.com,2024-12-05,112,13.48,Chloe Thompson,1-416-794-7432,N,,,,,,,
T000517,chloe.thompson200@yahoo.com,2024-12-08,111,80.26,Chloe Thompson,1-416-794-7432,N,,,,,,,
T000987,chloe.thompson200@yahoo.com,2025-01-16,47,143.19,Chloe Thompson,1-416-794-7432,N,,,,,,,
T001140,chloe.thompson200@yahoo.com,2025-02-02,115,69.73,Chloe Thompson,1-416-794-7432,N,,,,,,,
T001760,chloe.thompson200@yahoo.com,2025-04-02,138,19.98,Chloe Thompson,1-416-794-7432,N,,,,,,,
T002571,chloe.thompson200@yahoo.com,2025-06-09,84,124.43,Chloe Thompson,1-416-794-7432,N,,,,,,,
T003662,chloe.thompson200@yahoo.com,2025-08-23,104,71.95,Chloe Thompson,1-416-794-7432,N,,,,,,,
T000845,chloe.wilson133@hotmail.com,2024-12-30,128,43.46,Chloe Wilson,1-289-331-2942,Y,L000134,Frequent,6933,Female,26,1999-04-22,Accountant
T000889,chloe.wilson133@hotmail.com,2025-01-04,128,18.98,Chloe Wilson,1-289-331-2942,Y,L000134,Frequent,6933,Female,26,1999-04-22,Accountant
T001831,chloe.wilson133@hotmail.com,2025-04-08,104,35.97,Chloe Wilson,1-289-331-2942,Y,L000134,Frequent,6933,Female,26,1999-04-22,Accountant
T001870,chloe.wilson133@hotmail.com,2025-04-12,117,42.97,Chloe Wilson,1-289-331-2942,Y,L000134,Frequent,6933,Female,26,1999-04-22,Accountant
T002514,chloe.wilson133@hotmail.com,2025-06-05,85,178.2,Chloe Wilson,1-289-331-2942,Y,L000134,Frequent,6933,Female,26,1999-04-22,Accountant
T003012,chloe.wilson133@hotmail.com,2025-07-09,85,57.95,Chloe Wilson,1-289-331-2942,Y,L000134,Frequent,6933,Female,26,1999-04-22,Accountant
T003067,chloe.wilson133@hotmail.com,2025-07-13,131,16.98,Chloe Wilson,1-289-331-2942,Y,L000134,Frequent,6933,Female,26,1999-04-22,Accountant
T003111,chloe.wilson133@hotmail.com,2025-07-17,142,61.46,Chloe Wilson,1-289-331-2942,Y,L000134,Frequent,6933,Female,26,1999-04-22,Accountant
T003230,chloe.wilson133@hotmail.com,2025-07-25,111,64.94,Chloe Wilson,1-289-331-2942,Y,L000134,Frequent,6933,Female,26,1999-04-22,Accountant
T003245,chloe.wilson133@hotmail.com,2025-07-26,143,51.46,Chloe Wilson,1-289-331-2942,Y,L000134,Frequent,6933,Female,26,1999-04-22,Accountant
T003294,chloe.wilson133@hotmail.com,2025-07-28,133,46.96,Chloe Wilson,1-289-331-2942,Y,L000134,Frequent,6933,Female,26,1999-04-22,Accountant
T003788,chloe.wilson133@hotmail.com,2025-08-30,135,17.78,Chloe Wilson,1-289-331-2942,Y,L000134,Frequent,6933,Female,26,1999-04-22,Accountant
T004497,chloe.wilson133@hotmail.com,2025-10-28,114,56.26,Chloe Wilson,1-289-331-2942,Y,L000134,Frequent,6933,Female,26,1999-04-22,Accountant
T001323,chloe.zhang109@hotmail.com,2025-02-22,99,36.27,Chloe Zhang,1-289-607-8677,N,,,,,,,
T002338,chloe.zhang109@hotmail.com,2025-05-21,121,52.96,Chloe Zhang,1-289-607-8677,N,,,,,,,
T002357,chloe.zhang109@hotmail.com,2025-05-23,103,59.76,Chloe Zhang,1-289-607-8677,N,,,,,,,
T002677,chloe.zhang109@hotmail.com,2025-06-15,90,213.87,Chloe Zhang,1-289-607-8677,N,,,,,,,
T002737,chloe.zhang109@hotmail.com,2025-06-20,137,6.58,Chloe Zhang,1-289-607-8677,N,,,,,,,
T002893,chloe.zhang109@hotmail.com,2025-06-30,88,154.91,Chloe Zhang,1-289-607-8677,N,,,,,,,
T004019,chloe.zhang109@hotmail.com,2025-09-18,77,58.47,Chloe Zhang,1-289-607-8677,N,,,,,,,
T004116,chloe.zhang109@hotmail.com,2025-09-25,98,99.93,Chloe Zhang,1-289-607-8677,N,,,,,,,
T000734,daniel.gonzalez328@icloud.com,2024-12-23,40,42.27,Daniel Gonzalez,1-365-526-4323,N,,,,,,,
T000925,daniel.gonzalez328@icloud.com,2025-01-08,143,85.97,Daniel Gonzalez,1-365-526-4323,N,,,,,,,
T001949,daniel.gonzalez328@icloud.com,2025-04-19,158,78.46,Daniel Gonzalez,1-365-526-4323,N,,,,,,,
T003028,daniel.gonzalez328@icloud.com,2025-07-11,114,65.95,Daniel Gonzalez,1-365-526-4323,N,,,,,,,
T003029,daniel.gonzalez328@icloud.com,2025-07-11,69,151.9,Daniel Gonzalez,1-365-526-4323,N,,,,,,,
T003034,daniel.gonzalez328@icloud.com,2025-07-11,119,101.95,Daniel Gonzalez,1-365-526-4323,N,,,,,,,
T003949,daniel.gonzalez328@icloud.com,2025-09-10,42,55.95,Daniel Gonzalez,1-365-526-4323,N,,,,,,,
T002241,daniel.kim417@hotmail.com,2025-05-13,153,121.24,Daniel Kim,1-289-207-9575,N,,,,,,,
T003614,daniel.kim417@hotmail.com,2025-08-20,114,29.97,Daniel Kim,1-289-207-9575,N,,,,,,,
T004084,daniel.kim417@hotmail.com,2025-09-23,112,9.98,Daniel Kim,1-289-207-9575,N,,,,,,,
T000090,daniel.lin28@outlook.com,2024-11-05,44,2.99,Daniel Lin,1-365-182-8712,Y,L000029,Frequent,7189,Male,25,2000-03-04,Accountant
T000275,daniel.lin28@outlook.com,2024-11-21,134,54.45,Daniel Lin,1-365-182-8712,Y,L000029,Frequent,7189,Male,25,2000-03-04,Accountant
T001175,daniel.lin28@outlook.com,2025-02-05,61,131.22,Daniel Lin,1-365-182-8712,Y,L000029,Frequent,7189,Male,25,2000-03-04,Accountant
T001239,daniel.lin28@outlook.com,2025-02-12,48,24.97,Daniel Lin,1-365-182-8712,Y,L000029,Frequent,7189,Male,25,2000-03-04,Accountant
T001673,daniel.lin28@outlook.com,2025-03-26,68,117.95,Daniel Lin,1-365-182-8712,Y,L000029,Frequent,7189,Male,25,2000-03-04,Accountant
T001947,daniel.lin28@outlook.com,2025-04-19,74,23.98,Daniel Lin,1-365-182-8712,Y,L000029,Frequent,7189,Male,25,2000-03-04,Accountant
T001978,daniel.lin28@outlook.com,2025-04-21,30,26.98,Daniel Lin,1-365-182-8712,Y,L000029,Frequent,7189,Male,25,2000-03-04,Accountant
T002570,daniel.lin28@outlook.com,2025-06-09,145,94.45,Daniel Lin,1-365-182-8712,Y,L000029,Frequent,7189,Male,25,2000-03-04,Accountant
T002606,daniel.lin28@outlook.com,2025-06-11,54,22.46,Daniel Lin,1-365-182-8712,Y,L000029,Frequent,7189,Male,25,2000-03-04,Accountant
T002829,daniel.lin28@outlook.com,2025-06-26,100,142.52,Daniel Lin,1-365-182-8712,Y,L000029,Frequent,7189,Male,25,2000-03-04,Accountant
T002901,daniel.lin28@outlook.com,2025-07-01,106,26.48,Daniel Lin,1-365-182-8712,Y,L000029,Frequent,7189,Male,25,2000-03-04,Accountant
T003403,daniel.lin28@outlook.com,2025-08-05,143,50.47,Daniel Lin,1-365-182-8712,Y,L000029,Frequent,7189,Male,25,2000-03-04,Accountant
T001721,daniel.lopez257@gmail.com,2025-03-30,88,23.48,Daniel Lopez,1-289-398-4325,Y,L000258,Frequent,6636,Female,38,1987-04-30,Barista
T002193,daniel.lopez257@gmail.com,2025-05-09,134,108.94,Daniel Lopez,1-289-398-4325,Y,L000258,Frequent,6636,Female,38,1987-04-30,Barista
T002656,daniel.lopez257@gmail.com,2025-06-14,139,23.49,Daniel Lopez,1-289-398-4325,Y,L000258,Frequent,6636,Female,38,1987-04-30,Barista
T003232,daniel.lopez257@gmail.com,2025-07-25,89,39.96,Daniel Lopez,1-289-398-4325,Y,L000258,Frequent,6636,Female,38,1987-04-30,Barista
T003532,daniel.lopez257@gmail.com,2025-08-14,142,215.38,Daniel Lopez,1-289-398-4325,Y,L000258,Frequent,6636,Female,38,1987-04-30,Barista
T003796,daniel.lopez257@gmail.com,2025-08-30,134,107.95,Daniel Lopez,1-289-398-4325,Y,L000258,Frequent,6636,Female,38,1987-04-30,Barista
T004292,daniel.lopez257@gmail.com,2025-10-10,83,144.41,Daniel Lopez,1-289-398-4325,Y,L000258,Frequent,6636,Female,38,1987-04-30,Barista
T000415,daniel.martinez225@gmail.com,2024-12-02,155,65.96,Daniel Martinez,1-289-220-2371,N,,,,,,,
T000915,daniel.martinez225@gmail.com,2025-01-06,160,50.96,Daniel Martinez,1-289-220-2371,N,,,,,,,
T001092,daniel.martinez225@gmail.com,2025-01-27,126,103.47,Daniel Martinez,1-289-220-2371,N,,,,,,,
T001869,daniel.martinez225@gmail.com,2025-04-12,121,43.96,Daniel Martinez,1-289-220-2371,N,,,,,,,
T002348,daniel.martinez225@gmail.com,2025-05-22,36,93.45,Daniel Martinez,1-289-220-2371,N,,,,,,,
T002896,daniel.martinez225@gmail.com,2025-06-30,140,116.43,Daniel Martinez,1-289-220-2371,N,,,,,,,
T003285,daniel.martinez225@gmail.com,2025-07-28,135,50.94,Daniel Martinez,1-289-220-2371,N,,,,,,,
T004134,daniel.martinez225@gmail.com,2025-09-27,82,113.43,Daniel Martinez,1-289-220-2371,N,,,,,,,
T000328,daniel.taylor190@yahoo.com,2024-11-26,83,39.98,Daniel Taylor,1-647-490-3423,N,,,,,,,
T001727,daniel.taylor190@yahoo.com,2025-03-30,128,70.97,Daniel Taylor,1-647-490-3423,N,,,,,,,
T001834,daniel.taylor190@yahoo.com,2025-04-08,129,122.96,Daniel Taylor,1-647-490-3423,N,,,,,,,
T001881,daniel.taylor190@yahoo.com,2025-04-13,60,14.48,Daniel Taylor,1-647-490-3423,N,,,,,,,
T001989,daniel.taylor190@yahoo.com,2025-04-22,109,159.88,Daniel Taylor,1-647-490-3423,N,,,,,,,
T002182,daniel.taylor190@yahoo.com,2025-05-08,88,119.95,Daniel Taylor,1-647-490-3423,N,,,,,,,
T003896,daniel.taylor190@yahoo.com,2025-09-06,42,65.96,Daniel Taylor,1-647-490-3423,N,,,,,,,
T004047,daniel.taylor190@yahoo.com,2025-09-20,117,154.46,Daniel Taylor,1-647-490-3423,N,,,,,,,
T004182,daniel.taylor190@yahoo.com,2025-10-01,129,78.97,Daniel Taylor,1-647-490-3423,N,,,,,,,
T000274,daniel.wong380@hotmail.com,2024-11-21,177,85.94,Daniel Wong,1-416-288-7480,Y,L000381,Frequent,3945,Female,56,1969-03-18,Customer Service Rep
T002687,daniel.wong380@hotmail.com,2025-06-16,89,133.24,Daniel Wong,1-416-288-7480,Y,L000381,Frequent,3945,Female,56,1969-03-18,Customer Service Rep
T002741,daniel.wong380@hotmail.com,2025-06-20,97,62.96,Daniel Wong,1-416-288-7480,Y,L000381,Frequent,3945,Female,56,1969-03-18,Customer Service Rep
T002885,daniel.wong380@hotmail.com,2025-06-29,50,13.99,Daniel Wong,1-416-288-7480,Y,L000381,Frequent,3945,Female,56,1969-03-18,Customer Service Rep
T003404,daniel.wong380@hotmail.com,2025-08-05,68,27.98,Daniel Wong,1-416-288-7480,Y,L000381,Frequent,3945,Female,56,1969-03-18,Customer Service Rep
T003971,daniel.wong380@hotmail.com,2025-09-13,86,70.43,Daniel Wong,1-416-288-7480,Y,L000381,Frequent,3945,Female,56,1969-03-18,Customer Service Rep
T000728,david.anderson336@gmail.com,2024-12-22,174,119.36,David Anderson,1-905-393-427,Y,L000337,Frequent,7843,Male,41,1984-07-21,Nurse
T000853,david.anderson336@gmail.com,2024-12-30,104,22.47,David Anderson,1-905-393-427,Y,L000337,Frequent,7843,Male,41,1984-07-21,Nurse
T001030,david.anderson336@gmail.com,2025-01-20,97,36.98,David Anderson,1-905-393-427,Y,L000337,Frequent,7843,Male,41,1984-07-21,Nurse
T001046,david.anderson336@gmail.com,2025-01-22,136,25.47,David Anderson,1-905-393-427,Y,L000337,Frequent,7843,Male,41,1984-07-21,Nurse
T002628,david.anderson336@gmail.com,2025-06-13,49,40.94,David Anderson,1-905-393-427,Y,L000337,Frequent,7843,Male,41,1984-07-21,Nurse
T002844,david.anderson336@gmail.com,2025-06-27,126,93.42,David Anderson,1-905-393-427,Y,L000337,Frequent,7843,Male,41,1984-07-21,Nurse
T003282,david.anderson336@gmail.com,2025-07-28,112,107.91,David Anderson,1-905-393-427,Y,L000337,Frequent,7843,Male,41,1984-07-21,Nurse
T003377,david.anderson336@gmail.com,2025-08-03,116,92.46,David Anderson,1-905-393-427,Y,L000337,Frequent,7843,Male,41,1984-07-21,Nurse
T003588,david.anderson336@gmail.com,2025-08-18,104,95.43,David Anderson,1-905-393-427,Y,L000337,Frequent,7843,Male,41,1984-07-21,Nurse
T003739,david.anderson336@gmail.com,2025-08-28,81,149.92,David Anderson,1-905-393-427,Y,L000337,Frequent,7843,Male,41,1984-07-21,Nurse
T000670,david.chen436@icloud.com,2024-12-18,101,55.05,David Chen,1-365-387-9754,Y,L000437,Very Frequent,10620,Prefer not to say,25,2000-03-22,Chef
T001182,david.chen436@icloud.com,2025-02-07,99,195.43,David Chen,1-365-387-9754,Y,L000437,Very Frequent,10620,Prefer not to say,25,2000-03-22,Chef
T001525,david.chen436@icloud.com,2025-03-13,134,18.48,David Chen,1-365-387-9754,Y,L000437,Very Frequent,10620,Prefer not to say,25,2000-03-22,Chef
T002532,david.chen436@icloud.com,2025-06-07,80,70.93,David Chen,1-365-387-9754,Y,L000437,Very Frequent,10620,Prefer not to say,25,2000-03-22,Chef
T002750,david.chen436@icloud.com,2025-06-21,79,89.42,David Chen,1-365-387-9754,Y,L000437,Very Frequent,10620,Prefer not to say,25,2000-03-22,Chef
T002822,david.chen436@icloud.com,2025-06-26,127,70.23,David Chen,1-365-387-9754,Y,L000437,Very Frequent,10620,Prefer not to say,25,2000-03-22,Chef
T003104,david.chen436@icloud.com,2025-07-16,123,104.44,David Chen,1-365-387-9754,Y,L000437,Very Frequent,10620,Prefer not to say,25,2000-03-22,Chef
T003280,david.chen436@icloud.com,2025-07-27,79,3.29,David Chen,1-365-387-9754,Y,L000437,Very Frequent,10620,Prefer not to say,25,2000-03-22,Chef
T003421,david.chen436@icloud.com,2025-08-06,126,112.72,David Chen,1-365-387-9754,Y,L000437,Very Frequent,10620,Prefer not to say,25,2000-03-22,Chef
T003736,david.chen436@icloud.com,2025-08-27,143,66.93,David Chen,1-365-387-9754,Y,L000437,Very Frequent,10620,Prefer not to say,25,2000-03-22,Chef
T003821,david.chen436@icloud.com,2025-09-01,145,102.24,David Chen,1-365-387-9754,Y,L000437,Very Frequent,10620,Prefer not to say,25,2000-03-22,Chef
T003920,david.chen436@icloud.com,2025-09-07,115,78.97,David Chen,1-365-387-9754,Y,L000437,Very Frequent,10620,Prefer not to say,25,2000-03-22,Chef
T004171,david.chen436@icloud.com,2025-09-30,153,93.93,David Chen,1-365-387-9754,Y,L000437,Very Frequent,10620,Prefer not to say,25,2000-03-22,Chef
T000578,david.kim222@gmail.com,2024-12-13,107,81.26,David Kim,1-437-128-3837,N,,,,,,,
T000658,david.kim222@gmail.com,2024-12-17,110,107.71,David Kim,1-437-128-3837,N,,,,,,,
T000699,david.kim222@gmail.com,2024-12-21,109,17.48,David Kim,1-437-128-3837,N,,,,,,,
T000952,david.kim222@gmail.com,2025-01-12,64,23.98,David Kim,1-437-128-3837,N,,,,,,,
T001443,david.kim222@gmail.com,2025-03-06,134,28.76,David Kim,1-437-128-3837,N,,,,,,,
T001569,david.kim222@gmail.com,2025-03-16,60,154.95,David Kim,1-437-128-3837,N,,,,,,,
T002753,david.kim222@gmail.com,2025-06-21,142,140.94,David Kim,1-437-128-3837,N,,,,,,,
T002771,david.kim222@gmail.com,2025-06-22,116,67.97,David Kim,1-437-128-3837,N,,,,,,,
T003123,david.kim222@gmail.com,2025-07-18,146,62.47,David Kim,1-437-128-3837,N,,,,,,,
T003469,david.kim222@gmail.com,2025-08-10,93,122.29,David Kim,1-437-128-3837,N,,,,,,,
T003574,david.kim222@gmail.com,2025-08-17,134,136.71,David Kim,1-437-128-3837,N,,,,,,,
T003942,david.kim222@gmail.com,2025-09-10,45,104.02,David Kim,1-437-128-3837,N,,,,,,,
T000411,david.rodriguez141@yahoo.com,2024-12-02,75,50.96,David Rodriguez,1-647-94-8746,Y,L000142,Frequent,3540,Female,28,1997-04-11,Chef
T001067,david.rodriguez141@yahoo.com,2025-01-25,66,44.98,David Rodriguez,1-647-94-8746,Y,L000142,Frequent,3540,Female,28,1997-04-11,Chef
T001080,david.rodriguez141@yahoo.com,2025-01-26,95,95.94,David Rodriguez,1-647-94-8746,Y,L000142,Frequent,3540,Female,28,1997-04-11,Chef
T001421,david.rodriguez141@yahoo.com,2025-03-04,132,33.46,David Rodriguez,1-647-94-8746,Y,L000142,Frequent,3540,Female,28,1997-04-11,Chef
T001724,david.rodriguez141@yahoo.com,2025-03-30,132,47.47,David Rodriguez,1-647-94-8746,Y,L000142,Frequent,3540,Female,28,1997-04-11,Chef
T001769,david.rodriguez141@yahoo.com,2025-04-03,151,74.26,David Rodriguez,1-647-94-8746,Y,L000142,Frequent,3540,Female,28,1997-04-11,Chef
T002095,david.rodriguez141@yahoo.com,2025-05-01,108,6.98,David Rodriguez,1-647-94-8746,Y,L000142,Frequent,3540,Female,28,1997-04-11,Chef
T000763,david.white374@gmail.com,2024-12-25,76,40.05,David White,1-647-957-6837,Y,L000375,Frequent,5300,Female,24,2001-01-19,Student
T000787,david.white374@gmail.com,2024-12-27,118,95.43,David White,1-647-957-6837,Y,L000375,Frequent,5300,Female,24,2001-01-19,Student
T001606,david.white374@gmail.com,2025-03-20,111,85.8,David White,1-647-957-6837,Y,L000375,Frequent,5300,Female,24,2001-01-19,Student
T001929,david.white374@gmail.com,2025-04-17,96,115.41,David White,1-647-957-6837,Y,L000375,Frequent,5300,Female,24,2001-01-19,Student
T003388,david.white374@gmail.com,2025-08-04,106,56.82,David White,1-647-957-6837,Y,L000375,Frequent,5300,Female,24,2001-01-19,Student
T003677,david.white374@gmail.com,2025-08-24,141,27.98,David White,1-647-957-6837,Y,L000375,Frequent,5300,Female,24,2001-01-19,Student
T004044,david.white374@gmail.com,2025-09-20,142,59.76,David White,1-647-957-6837,Y,L000375,Frequent,5300,Female,24,2001-01-19,Student
T004139,david.white374@gmail.com,2025-09-27,115,48.76,David White,1-647-957-6837,Y,L000375,Frequent,5300,Female,24,2001-01-19,Student
T000176,david.wilson132@outlook.com,2024-11-11,86,89.43,David Wilson,1-289-378-6876,Y,L000133,Very Frequent,10590,Female,27,1998-10-03,Marketing Specialist
T000514,david.wilson132@outlook.com,2024-12-08,114,81.46,David Wilson,1-289-378-6876,Y,L000133,Very Frequent,10590,Female,27,1998-10-03,Marketing Specialist
T001087,david.wilson132@outlook.com,2025-01-26,107,181.47,David Wilson,1-289-378-6876,Y,L000133,Very Frequent,10590,Female,27,1998-10-03,Marketing Specialist
T001114,david.wilson132@outlook.com,2025-01-31,108,9.87,David Wilson,1-289-378-6876,Y,L000133,Very Frequent,10590,Female,27,1998-10-03,Marketing Specialist
T002107,david.wilson132@outlook.com,2025-05-02,155,180.4,David Wilson,1-289-378-6876,Y,L000133,Very Frequent,10590,Female,27,1998-10-03,Marketing Specialist
T002121,david.wilson132@outlook.com,2025-05-03,144,34.47,David Wilson,1-289-378-6876,Y,L000133,Very Frequent,10590,Female,27,1998-10-03,Marketing Specialist
T002814,david.wilson132@outlook.com,2025-06-25,74,30.97,David Wilson,1-289-378-6876,Y,L000133,Very Frequent,10590,Female,27,1998-10-03,Marketing Specialist
T003570,david.wilson132@outlook.com,2025-08-16,150,113.71,David Wilson,1-289-378-6876,Y,L000133,Very Frequent,10590,Female,27,1998-10-03,Marketing Specialist
T003809,david.wilson132@outlook.com,2025-08-31,109,17.48,David Wilson,1-289-378-6876,Y,L000133,Very Frequent,10590,Female,27,1998-10-03,Marketing Specialist
T004035,david.wilson132@outlook.com,2025-09-20,137,129.89,David Wilson,1-289-378-6876,Y,L000133,Very Frequent,10590,Female,27,1998-10-03,Marketing Specialist
T004048,david.wilson132@outlook.com,2025-09-20,70,54.46,David Wilson,1-289-378-6876,Y,L000133,Very Frequent,10590,Female,27,1998-10-03,Marketing Specialist
T004367,david.wilson132@outlook.com,2025-10-17,131,135.44,David Wilson,1-289-378-6876,Y,L000133,Very Frequent,10590,Female,27,1998-10-03,Marketing Specialist
T003046,elijah.gonzalez127@outlook.com,2025-07-12,119,132.7,Elijah Gonzalez,1-416-690-5359,Y,L000128,Frequent,2221,Male,24,2001-06-15,Barista
T003169,elijah.gonzalez127@outlook.com,2025-07-21,96,40.96,Elijah Gonzalez,1-416-690-5359,Y,L000128,Frequent,2221,Male,24,2001-06-15,Barista
T003505,elijah.gonzalez127@outlook.com,2025-08-12,73,48.45,Elijah Gonzalez,1-416-690-5359,Y,L000128,Frequent,2221,Male,24,2001-06-15,Barista
T000412,elijah.khan272@yahoo.com,2024-12-02,80,60.96,Elijah Khan,1-416-10-4358,Y,L000273,Frequent,6469,Male,20,2005-11-04,Marketing Specialist
T000557,elijah.khan272@yahoo.com,2024-12-11,75,18.98,Elijah Khan,1-416-10-4358,Y,L000273,Frequent,6469,Male,20,2005-11-04,Marketing Specialist
T000638,elijah.khan272@yahoo.com,2024-12-16,120,60.97,Elijah Khan,1-416-10-4358,Y,L000273,Frequent,6469,Male,20,2005-11-04,Marketing Specialist
T000941,elijah.khan272@yahoo.com,2025-01-11,87,2.99,Elijah Khan,1-416-10-4358,Y,L000273,Frequent,6469,Male,20,2005-11-04,Marketing Specialist
T000968,elijah.khan272@yahoo.com,2025-01-14,84,49.93,Elijah Khan,1-416-10-4358,Y,L000273,Frequent,6469,Male,20,2005-11-04,Marketing Specialist
T001737,elijah.khan272@yahoo.com,2025-03-31,112,44.77,Elijah Khan,1-416-10-4358,Y,L000273,Frequent,6469,Male,20,2005-11-04,Marketing Specialist
T001740,elijah.khan272@yahoo.com,2025-03-31,113,117.92,Elijah Khan,1-416-10-4358,Y,L000273,Frequent,6469,Male,20,2005-11-04,Marketing Specialist
T002206,elijah.khan272@yahoo.com,2025-05-10,33,21.48,Elijah Khan,1-416-10-4358,Y,L000273,Frequent,6469,Male,20,2005-11-04,Marketing Specialist
T002747,elijah.khan272@yahoo.com,2025-06-21,109,147.75,Elijah Khan,1-416-10-4358,Y,L000273,Frequent,6469,Male,20,2005-11-04,Marketing Specialist
T004298,elijah.khan272@yahoo.com,2025-10-10,92,121.21,Elijah Khan,1-416-10-4358,Y,L000273,Frequent,6469,Male,20,2005-11-04,Marketing Specialist
T000179,elijah.lam319@outlook.com,2024-11-12,103,144.68,Elijah Lam,1-437-83-2460,N,,,,,,,
T000745,elijah.lam319@outlook.com,2024-12-24,113,2.99,Elijah Lam,1-437-83-2460,N,,,,,,,
T000857,elijah.lam319@outlook.com,2024-12-31,127,103.41,Elijah Lam,1-437-83-2460,N,,,,,,,
T002497,elijah.lam319@outlook.com,2025-06-04,95,186.39,Elijah Lam,1-437-83-2460,N,,,,,,,
T002686,elijah.lam319@outlook.com,2025-06-16,69,36.48,Elijah Lam,1-437-83-2460,N,,,,,,,
T002721,elijah.lam319@outlook.com,2025-06-19,135,10.47,Elijah Lam,1-437-83-2460,N,,,,,,,
T003556,elijah.lam319@outlook.com,2025-08-15,171,43.97,Elijah Lam,1-437-83-2460,N,,,,,,,
T003990,elijah.lam319@outlook.com,2025-09-14,110,111.94,Elijah Lam,1-437-83-2460,N,,,,,,,
T004244,elijah.lam319@outlook.com,2025-10-05,117,78.97,Elijah Lam,1-437-83-2460,N,,,,,,,
T004246,elijah.lam319@outlook.com,2025-10-06,83,80.32,Elijah Lam,1-437-83-2460,N,,,,,,,
T000292,elijah.martin454@outlook.com,2024-11-23,118,60.05,Elijah Martin,1-365-151-4356,Y,L000455,Frequent,7867,Male,31,1994-09-02,Chef
T000626,elijah.martin454@outlook.com,2024-12-15,47,33.97,Elijah Martin,1-365-151-4356,Y,L000455,Frequent,7867,Male,31,1994-09-02,Chef
T001366,elijah.martin454@outlook.com,2025-02-27,96,61.92,Elijah Martin,1-365-151-4356,Y,L000455,Frequent,7867,Male,31,1994-09-02,Chef
T001679,elijah.martin454@outlook.com,2025-03-26,76,164.94,Elijah Martin,1-365-151-4356,Y,L000455,Frequent,7867,Male,31,1994-09-02,Chef
T002001,elijah.martin454@outlook.com,2025-04-23,64,8.49,Elijah Martin,1-365-151-4356,Y,L000455,Frequent,7867,Male,31,1994-09-02,Chef
T003349,elijah.martin454@outlook.com,2025-08-02,55,77.95,Elijah Martin,1-365-151-4356,Y,L000455,Frequent,7867,Male,31,1994-09-02,Chef
T003988,elijah.martin454@outlook.com,2025-09-14,179,40.04,Elijah Martin,1-365-151-4356,Y,L000455,Frequent,7867,Male,31,1994-09-02,Chef
T003997,elijah.martin454@outlook.com,2025-09-16,90,129.46,Elijah Martin,1-365-151-4356,Y,L000455,Frequent,7867,Male,31,1994-09-02,Chef
T004113,elijah.martin454@outlook.com,2025-09-25,103,166.43,Elijah Martin,1-365-151-4356,Y,L000455,Frequent,7867,Male,31,1994-09-02,Chef
T004309,elijah.martin454@outlook.com,2025-10-11,115,43.46,Elijah Martin,1-365-151-4356,Y,L000455,Frequent,7867,Male,31,1994-09-02,Chef
T000007,elijah.nowak196@yahoo.com,2024-10-28,110,77.69,Elijah Nowak,1-289-455-6302,Y,L000197,Very Frequent,11979,Female,32,1993-06-13,Electrician
T000458,elijah.nowak196@yahoo.com,2024-12-04,146,304.6,Elijah Nowak,1-289-455-6302,Y,L000197,Very Frequent,11979,Female,32,1993-06-13,Electrician
T000569,elijah.nowak196@yahoo.com,2024-12-12,110,47.77,Elijah Nowak,1-289-455-6302,Y,L000197,Very Frequent,11979,Female,32,1993-06-13,Electrician
T000708,elijah.nowak196@yahoo.com,2024-12-21,116,17.98,Elijah Nowak,1-289-455-6302,Y,L000197,Very Frequent,11979,Female,32,1993-06-13,Electrician
T000753,elijah.nowak196@yahoo.com,2024-12-24,98,30.97,Elijah Nowak,1-289-455-6302,Y,L000197,Very Frequent,11979,Female,32,1993-06-13,Electrician
T000912,elijah.nowak196@yahoo.com,2025-01-06,85,92.44,Elijah Nowak,1-289-455-6302,Y,L000197,Very Frequent,11979,Female,32,1993-06-13,Electrician
T001160,elijah.nowak196@yahoo.com,2025-02-04,60,227.62,Elijah Nowak,1-289-455-6302,Y,L000197,Very Frequent,11979,Female,32,1993-06-13,Electrician
T001197,elijah.nowak196@yahoo.com,2025-02-08,115,41.48,Elijah Nowak,1-289-455-6302,Y,L000197,Very Frequent,11979,Female,32,1993-06-13,Electrician
T001682,elijah.nowak196@yahoo.com,2025-03-27,140,61.03,Elijah Nowak,1-289-455-6302,Y,L000197,Very Frequent,11979,Female,32,1993-06-13,Electrician
T002529,elijah.nowak196@yahoo.com,2025-06-06,125,164.96,Elijah Nowak,1-289-455-6302,Y,L000197,Very Frequent,11979,Female,32,1993-06-13,Electrician
T002945,elijah.nowak196@yahoo.com,2025-07-04,108,52.94,Elijah Nowak,1-289-455-6302,Y,L000197,Very Frequent,11979,Female,32,1993-06-13,Electrician
T003187,elijah.nowak196@yahoo.com,2025-07-22,66,78.48,Elijah Nowak,1-289-455-6302,Y,L000197,Very Frequent,11979,Female,32,1993-06-13,Electrician
T000394,elijah.singh52@hotmail.com,2024-12-01,47,114.44,Elijah Singh,1-437-237-3782,N,,,,,,,
T000428,elijah.singh52@hotmail.com,2024-12-03,97,34.96,Elijah Singh,1-437-237-3782,N,,,,,,,
T000545,elijah.singh52@hotmail.com,2024-12-10,82,65.44,Elijah Singh,1-437-237-3782,N,,,,,,,
T001115,elijah.singh52@hotmail.com,2025-01-31,132,212.39,Elijah Singh,1-437-237-3782,N,,,,,,,
T002190,elijah.singh52@hotmail.com,2025-05-09,135,104.44,Elijah Singh,1-437-237-3782,N,,,,,,,
T002425,elijah.singh52@hotmail.com,2025-05-29,96,33.97,Elijah Singh,1-437-237-3782,N,,,,,,,
T003666,elijah.singh52@hotmail.com,2025-08-23,117,200.95,Elijah Singh,1-437-237-3782,N,,,,,,,
T003847,elijah.singh52@hotmail.com,2025-09-03,111,114.92,Elijah Singh,1-437-237-3782,N,,,,,,,
T000213,elijah.wang23@icloud.com,2024-11-16,30,86.24,Elijah Wang,1-416-705-5819,N,,,,,,,
T000393,elijah.wang23@icloud.com,2024-12-01,97,32.47,Elijah Wang,1-416-705-5819,N,,,,,,,
T001273,elijah.wang23@icloud.com,2025-02-16,75,58.45,Elijah Wang,1-416-705-5819,N,,,,,,,
T001325,elijah.wang23@icloud.com,2025-02-22,30,27.97,Elijah Wang,1-416-705-5819,N,,,,,,,
T002586,elijah.wang23@icloud.com,2025-06-10,103,25.46,Elijah Wang,1-416-705-5819,N,,,,,,,
T003213,elijah.wang23@icloud.com,2025-07-23,60,84.45,Elijah Wang,1-416-705-5819,N,,,,,,,
T003514,elijah.wang23@icloud.com,2025-08-12,116,22.36,Elijah Wang,1-416-705-5819,N,,,,,,,
T003543,elijah.wang23@icloud.com,2025-08-15,41,67.95,Elijah Wang,1-416-705-5819,N,,,,,,,
T003814,elijah.wang23@icloud.com,2025-08-31,102,120.92,Elijah Wang,1-416-705-5819,N,,,,,,,
T004254,elijah.wang23@icloud.com,2025-10-06,100,126.92,Elijah Wang,1-416-705-5819,N,,,,,,,
T004319,elijah.wang23@icloud.com,2025-10-12,80,42.95,Elijah Wang,1-416-705-5819,N,,,,,,,
T004468,elijah.wang23@icloud.com,2025-10-26,94,33.97,Elijah Wang,1-416-705-5819,N,,,,,,,
T000149,elijah.zhang168@hotmail.com,2024-11-10,39,89.44,Elijah Zhang,1-289-499-8971,Y,L000169,Frequent,4101,Male,40,1985-08-13,Nurse
T001138,elijah.zhang168@hotmail.com,2025-02-02,115,139.75,Elijah Zhang,1-289-499-8971,Y,L000169,Frequent,4101,Male,40,1985-08-13,Nurse
T002878,elijah.zhang168@hotmail.com,2025-06-29,59,56.43,Elijah Zhang,1-289-499-8971,Y,L000169,Frequent,4101,Male,40,1985-08-13,Nurse
T003350,elijah.zhang168@hotmail.com,2025-08-02,83,121.24,Elijah Zhang,1-289-499-8971,Y,L000169,Frequent,4101,Male,40,1985-08-13,Nurse
T003379,elijah.zhang168@hotmail.com,2025-08-03,108,3.29,Elijah Zhang,1-289-499-8971,Y,L000169,Frequent,4101,Male,40,1985-08-13,Nurse
T000351,ella.chen256@outlook.com,2024-11-28,149,15.78,Ella Chen,1-905-930-7774,N,,,,,,,
T000766,ella.chen256@outlook.com,2024-12-25,89,266.4,Ella Chen,1-905-930-7774,N,,,,,,,
T001731,ella.chen256@outlook.com,2025-03-31,145,96.45,Ella Chen,1-905-930-7774,N,,,,,,,
T002310,ella.chen256@outlook.com,2025-05-18,146,23.98,Ella Chen,1-905-930-7774,N,,,,,,,
T002857,ella.chen256@outlook.com,2025-06-28,127,126.93,Ella Chen,1-905-930-7774,N,,,,,,,
T004421,ella.chen256@outlook.com,2025-10-22,97,100.92,Ella Chen,1-905-930-7774,N,,,,,,,
T000581,ella.huang175@hotmail.com,2024-12-13,164,79.47,Ella Huang,1-365-540-3143,Y,L000176,Frequent,7368,Male,29,1996-04-19,Research Assistant
T000817,ella.huang175@hotmail.com,2024-12-28,71,98.89,Ella Huang,1-365-540-3143,Y,L000176,Frequent,7368,Male,29,1996-04-19,Research Assistant
T000899,ella.huang175@hotmail.com,2025-01-05,157,130.92,Ella Huang,1-365-540-3143,Y,L000176,Frequent,7368,Male,29,1996-04-19,Research Assistant
T001531,ella.huang175@hotmail.com,2025-03-14,164,253.69,Ella Huang,1-365-540-3143,Y,L000176,Frequent,7368,Male,29,1996-04-19,Research Assistant
T001809,ella.huang175@hotmail.com,2025-04-06,39,35.45,Ella Huang,1-365-540-3143,Y,L000176,Frequent,7368,Male,29,1996-04-19,Research Assistant
T002235,ella.huang175@hotmail.com,2025-05-12,102,86.94,Ella Huang,1-365-540-3143,Y,L000176,Frequent,7368,Male,29,1996-04-19,Research Assistant
T002516,ella.huang175@hotmail.com,2025-06-05,68,32.99,Ella Huang,1-365-540-3143,Y,L000176,Frequent,7368,Male,29,1996-04-19,Research Assistant
T004495,ella.huang175@hotmail.com,2025-10-28,73,18.48,Ella Huang,1-365-540-3143,Y,L000176,Frequent,7368,Male,29,1996-04-19,Research Assistant
T000659,ella.huang367@outlook.com,2024-12-17,119,204.26,Ella Huang,1-365-134-5647,N,,,,,,,
T001391,ella.huang367@outlook.com,2025-03-01,75,13.49,Ella Huang,1-365-134-5647,N,,,,,,,
T002690,ella.huang367@outlook.com,2025-06-16,132,73.96,Ella Huang,1-365-134-5647,N,,,,,,,
T003003,ella.huang367@outlook.com,2025-07-08,163,59.96,Ella Huang,1-365-134-5647,N,,,,,,,
T003121,ella.huang367@outlook.com,2025-07-18,179,76.75,Ella Huang,1-365-134-5647,N,,,,,,,
T003931,ella.huang367@outlook.com,2025-09-09,90,52.47,Ella Huang,1-365-134-5647,N,,,,,,,
T000588,ella.khan39@hotmail.com,2024-12-13,160,33.48,Ella Khan,1-437-421-4969,N,,,,,,,
T000807,ella.khan39@hotmail.com,2024-12-28,94,49.47,Ella Khan,1-437-421-4969,N,,,,,,,
T000864,ella.khan39@hotmail.com,2024-12-31,58,36.47,Ella Khan,1-437-421-4969,N,,,,,,,
T001766,ella.khan39@hotmail.com,2025-04-03,56,43.47,Ella Khan,1-437-421-4969,N,,,,,,,
T002147,ella.khan39@hotmail.com,2025-05-05,167,224.35,Ella Khan,1-437-421-4969,N,,,,,,,
T002216,ella.khan39@hotmail.com,2025-05-10,112,4.99,Ella Khan,1-437-421-4969,N,,,,,,,
T002260,ella.khan39@hotmail.com,2025-05-14,86,137.78,Ella Khan,1-437-421-4969,N,,,,,,,
T002500,ella.khan39@hotmail.com,2025-06-04,113,134.5,Ella Khan,1-437-421-4969,N,,,,,,,
T002706,ella.khan39@hotmail.com,2025-06-18,60,84.23,Ella Khan,1-437-421-4969,N,,,,,,,
T003343,ella.khan39@hotmail.com,2025-08-01,87,9.99,Ella Khan,1-437-421-4969,N,,,,,,,
T003512,ella.khan39@hotmail.com,2025-08-12,84,13.99,Ella Khan,1-437-421-4969,N,,,,,,,
T004118,ella.khan39@hotmail.com,2025-09-26,152,45.98,Ella Khan,1-437-421-4969,N,,,,,,,
T000115,ella.lin358@yahoo.com,2024-11-07,97,72.46,Ella Lin,1-365-693-245,Y,L000359,Frequent,7869,Male,43,1982-07-28,Marketing Specialist
T000471,ella.lin358@yahoo.com,2024-12-06,122,29.49,Ella Lin,1-365-693-245,Y,L000359,Frequent,7869,Male,43,1982-07-28,Marketing Specialist
T000519,ella.lin358@yahoo.com,2024-12-09,142,84.98,Ella Lin,1-365-693-245,Y,L000359,Frequent,7869,Male,43,1982-07-28,Marketing Specialist
T000891,ella.lin358@yahoo.com,2025-01-04,133,102.97,Ella Lin,1-365-693-245,Y,L000359,Frequent,7869,Male,43,1982-07-28,Marketing Specialist
T001137,ella.lin358@yahoo.com,2025-02-02,39,122.23,Ella Lin,1-365-693-245,Y,L000359,Frequent,7869,Male,43,1982-07-28,Marketing Specialist
T002905,ella.lin358@yahoo.com,2025-07-01,115,166.43,Ella Lin,1-365-693-245,Y,L000359,Frequent,7869,Male,43,1982-07-28,Marketing Specialist
T002949,ella.lin358@yahoo.com,2025-07-04,130,83.96,Ella Lin,1-365-693-245,Y,L000359,Frequent,7869,Male,43,1982-07-28,Marketing Specialist
T003966,ella.lin358@yahoo.com,2025-09-12,109,13.98,Ella Lin,1-365-693-245,Y,L000359,Frequent,7869,Male,43,1982-07-28,Marketing Specialist
T003983,ella.lin358@yahoo.com,2025-09-14,87,110.45,Ella Lin,1-365-693-245,Y,L000359,Frequent,7869,Male,43,1982-07-28,Marketing Specialist
T001155,ella.tremblay402@icloud.com,2025-02-03,132,15.98,Ella Tremblay,1-647-21-9550,N,,,,,,,
T001459,ella.tremblay402@icloud.com,2025-03-08,73,71.27,Ella Tremblay,1-647-21-9550,N,,,,,,,
T001812,ella.tremblay402@icloud.com,2025-04-06,143,176.16,Ella Tremblay,1-647-21-9550,N,,,,,,,
T003539,ella.tremblay402@icloud.com,2025-08-14,115,127.33,Ella Tremblay,1-647-21-9550,N,,,,,,,
T004303,ella.tremblay402@icloud.com,2025-10-11,112,104.94,Ella Tremblay,1-647-21-9550,N,,,,,,,
T004412,ella.tremblay402@icloud.com,2025-10-21,56,3.49,Ella Tremblay,1-647-21-9550,N,,,,,,,
T003005,emily.gonzalez448@hotmail.com,2025-07-09,132,9.98,Emily Gonzalez,1-365-738-9070,Y,L000449,Frequent,3172,Female,18,2007-07-17,Accountant
T003081,emily.gonzalez448@hotmail.com,2025-07-14,112,49.99,Emily Gonzalez,1-365-738-9070,Y,L000449,Frequent,3172,Female,18,2007-07-17,Accountant
T003261,emily.gonzalez448@hotmail.com,2025-07-27,88,146.73,Emily Gonzalez,1-365-738-9070,Y,L000449,Frequent,3172,Female,18,2007-07-17,Accountant
T003546,emily.gonzalez448@hotmail.com,2025-08-15,72,82.24,Emily Gonzalez,1-365-738-9070,Y,L000449,Frequent,3172,Female,18,2007-07-17,Accountant
T003958,emily.gonzalez448@hotmail.com,2025-09-12,61,28.28,Emily Gonzalez,1-365-738-9070,Y,L000449,Frequent,3172,Female,18,2007-07-17,Accountant
T000627,emily.huang297@outlook.com,2024-12-15,75,42.99,Emily Huang,1-647-402-2509,N,,,,,,,
T000780,emily.huang297@outlook.com,2024-12-26,152,92.94,Emily Huang,1-647-402-2509,N,,,,,,,
T001343,emily.huang297@outlook.com,2025-02-24,117,41.97,Emily Huang,1-647-402-2509,N,,,,,,,
T001708,emily.huang297@outlook.com,2025-03-29,165,39.47,Emily Huang,1-647-402-2509,N,,,,,,,
T002102,emily.huang297@outlook.com,2025-05-01,91,40.76,Emily Huang,1-647-402-2509,N,,,,,,,
T002123,emily.huang297@outlook.com,2025-05-03,102,17.48,Emily Huang,1-647-402-2509,N,,,,,,,
T002449,emily.huang297@outlook.com,2025-05-31,97,119.43,Emily Huang,1-647-402-2509,N,,,,,,,
T002863,emily.huang297@outlook.com,2025-06-28,122,29.45,Emily Huang,1-647-402-2509,N,,,,,,,
T003228,emily.huang297@outlook.com,2025-07-25,90,15.78,Emily Huang,1-647-402-2509,N,,,,,,,
T004068,emily.huang297@outlook.com,2025-09-22,121,240.38,Emily Huang,1-647-402-2509,N,,,,,,,
T000352,emily.kowalski78@gmail.com,2024-11-28,60,169.43,Emily Kowalski,1-647-212-8406,Y,L000079,Very Frequent,8077,Female,25,2000-02-11,Marketing Specialist
T000714,emily.kowalski78@gmail.com,2024-12-22,162,100.22,Emily Kowalski,1-647-212-8406,Y,L000079,Very Frequent,8077,Female,25,2000-02-11,Marketing Specialist
T000906,emily.kowalski78@gmail.com,2025-01-05,138,33.95,Emily Kowalski,1-647-212-8406,Y,L000079,Very Frequent,8077,Female,25,2000-02-11,Marketing Specialist
T001861,emily.kowalski78@gmail.com,2025-04-11,105,59.45,Emily Kowalski,1-647-212-8406,Y,L000079,Very Frequent,8077,Female,25,2000-02-11,Marketing Specialist
T002072,emily.kowalski78@gmail.com,2025-04-29,79,78.91,Emily Kowalski,1-647-212-8406,Y,L000079,Very Frequent,8077,Female,25,2000-02-11,Marketing Specialist
T002494,emily.kowalski78@gmail.com,2025-06-03,99,29.07,Emily Kowalski,1-647-212-8406,Y,L000079,Very Frequent,8077,Female,25,2000-02-11,Marketing Specialist
T003364,emily.kowalski78@gmail.com,2025-08-03,98,63.96,Emily Kowalski,1-647-212-8406,Y,L000079,Very Frequent,8077,Female,25,2000-02-11,Marketing Specialist
T003432,emily.kowalski78@gmail.com,2025-08-07,78,130.89,Emily Kowalski,1-647-212-8406,Y,L000079,Very Frequent,8077,Female,25,2000-02-11,Marketing Specialist
T003645,emily.kowalski78@gmail.com,2025-08-22,91,10.47,Emily Kowalski,1-647-212-8406,Y,L000079,Very Frequent,8077,Female,25,2000-02-11,Marketing Specialist
T003871,emily.kowalski78@gmail.com,2025-09-05,60,67.95,Emily Kowalski,1-647-212-8406,Y,L000079,Very Frequent,8077,Female,25,2000-02-11,Marketing Specialist
T004180,emily.kowalski78@gmail.com,2025-10-01,38,49.96,Emily Kowalski,1-647-212-8406,Y,L000079,Very Frequent,8077,Female,25,2000-02-11,Marketing Specialist
T004345,emily.kowalski78@gmail.com,2025-10-14,72,13.49,Emily Kowalski,1-647-212-8406,Y,L000079,Very Frequent,8077,Female,25,2000-02-11,Marketing Specialist
T000455,emily.lee345@icloud.com,2024-12-04,135,135.42,Emily Lee,1-647-789-3415,N,,,,,,,
T000990,emily.lee345@icloud.com,2025-01-17,121,137.44,Emily Lee,1-647-789-3415,N,,,,,,,
T001677,emily.lee345@icloud.com,2025-03-26,72,120.02,Emily Lee,1-647-789-3415,N,,,,,,,
T002409,emily.lee345@icloud.com,2025-05-27,107,43.29,Emily Lee,1-647-789-3415,N,,,,,,,
T002557,emily.lee345@icloud.com,2025-06-08,91,81.95,Emily Lee,1-647-789-3415,N,,,,,,,
T002652,emily.lee345@icloud.com,2025-06-14,96,90.45,Emily Lee,1-647-789-3415,N,,,,,,,
T003604,emily.lee345@icloud.com,2025-08-19,147,97.43,Emily Lee,1-647-789-3415,N,,,,,,,
T004406,emily.lee345@icloud.com,2025-10-20,117,41.49,Emily Lee,1-647-789-3415,N,,,,,,,
T000077,emily.nowak125@icloud.com,2024-11-04,80,133.18,Emily Nowak,1-289-495-6686,Y,L000126,Frequent,7799,Female,30,1995-06-15,Software Engineer
T000441,emily.nowak125@icloud.com,2024-12-04,64,52.96,Emily Nowak,1-289-495-6686,Y,L000126,Frequent,7799,Female,30,1995-06-15,Software Engineer
T000800,emily.nowak125@icloud.com,2024-12-28,136,51.96,Emily Nowak,1-289-495-6686,Y,L000126,Frequent,7799,Female,30,1995-06-15,Software Engineer
T002091,emily.nowak125@icloud.com,2025-04-30,131,120.94,Emily Nowak,1-289-495-6686,Y,L000126,Frequent,7799,Female,30,1995-06-15,Software Engineer
T002608,emily.nowak125@icloud.com,2025-06-12,100,36.96,Emily Nowak,1-289-495-6686,Y,L000126,Frequent,7799,Female,30,1995-06-15,Software Engineer
T002797,emily.nowak125@icloud.com,2025-06-24,30,77.23,Emily Nowak,1-289-495-6686,Y,L000126,Frequent,7799,Female,30,1995-06-15,Software Engineer
T003886,emily.nowak125@icloud.com,2025-09-06,124,61.45,Emily Nowak,1-289-495-6686,Y,L000126,Frequent,7799,Female,30,1995-06-15,Software Engineer
T003903,emily.nowak125@icloud.com,2025-09-06,70,102.9,Emily Nowak,1-289-495-6686,Y,L000126,Frequent,7799,Female,30,1995-06-15,Software Engineer
T004305,emily.nowak125@icloud.com,2025-10-11,40,71.45,Emily Nowak,1-289-495-6686,Y,L000126,Frequent,7799,Female,30,1995-06-15,Software Engineer
T004430,emily.nowak125@icloud.com,2025-10-23,78,70.96,Emily Nowak,1-289-495-6686,Y,L000126,Frequent,7799,Female,30,1995-06-15,Software Engineer
T000057,emma.anderson437@gmail.com,2024-11-02,135,19.98,Emma Anderson,1-647-769-7011,Y,L000438,Frequent,7993,Male,22,2003-12-19,Accountant
T000095,emma.anderson437@gmail.com,2024-11-06,59,174.42,Emma Anderson,1-647-769-7011,Y,L000438,Frequent,7993,Male,22,2003-12-19,Accountant
T001547,emma.anderson437@gmail.com,2025-03-15,30,90.22,Emma Anderson,1-647-769-7011,Y,L000438,Frequent,7993,Male,22,2003-12-19,Accountant
T001985,emma.anderson437@gmail.com,2025-04-22,67,61.94,Emma Anderson,1-647-769-7011,Y,L000438,Frequent,7993,Male,22,2003-12-19,Accountant
T002309,emma.anderson437@gmail.com,2025-05-18,79,37.98,Emma Anderson,1-647-769-7011,Y,L000438,Frequent,7993,Male,22,2003-12-19,Accountant
T002395,emma.anderson437@gmail.com,2025-05-26,43,198.4,Emma Anderson,1-647-769-7011,Y,L000438,Frequent,7993,Male,22,2003-12-19,Accountant
T002567,emma.anderson437@gmail.com,2025-06-08,127,216.43,Emma Anderson,1-647-769-7011,Y,L000438,Frequent,7993,Male,22,2003-12-19,Accountant
T000102,emma.chan169@icloud.com,2024-11-06,84,41.46,Emma Chan,1-905-430-9592,N,,,,,,,
T000248,emma.chan169@icloud.com,2024-11-18,55,79.92,Emma Chan,1-905-430-9592,N,,,,,,,
T000289,emma.chan169@icloud.com,2024-11-22,158,56.55,Emma Chan,1-905-430-9592,N,,,,,,,
T000522,emma.chan169@icloud.com,2024-12-09,80,52.47,Emma Chan,1-905-430-9592,N,,,,,,,
T000828,emma.chan169@icloud.com,2024-12-29,44,209.97,Emma Chan,1-905-430-9592,N,,,,,,,
T001907,emma.chan169@icloud.com,2025-04-15,118,94.38,Emma Chan,1-905-430-9592,N,,,,,,,
T000230,emma.kowalski259@hotmail.com,2024-11-16,94,46.47,Emma Kowalski,1-416-949-9838,Y,L000260,Very Frequent,8060,Female,38,1987-03-07,HR Coordinator
T000346,emma.kowalski259@hotmail.com,2024-11-28,107,120.39,Emma Kowalski,1-416-949-9838,Y,L000260,Very Frequent,8060,Female,38,1987-03-07,HR Coordinator
T001414,emma.kowalski259@hotmail.com,2025-03-03,93,104.98,Emma Kowalski,1-416-949-9838,Y,L000260,Very Frequent,8060,Female,38,1987-03-07,HR Coordinator
T001906,emma.kowalski259@hotmail.com,2025-04-15,38,61.25,Emma Kowalski,1-416-949-9838,Y,L000260,Very Frequent,8060,Female,38,1987-03-07,HR Coordinator
T002569,emma.kowalski259@hotmail.com,2025-06-09,144,41.97,Emma Kowalski,1-416-949-9838,Y,L000260,Very Frequent,8060,Female,38,1987-03-07,HR Coordinator
T003013,emma.kowalski259@hotmail.com,2025-07-09,103,119.68,Emma Kowalski,1-416-949-9838,Y,L000260,Very Frequent,8060,Female,38,1987-03-07,HR Coordinator
T003728,emma.kowalski259@hotmail.com,2025-08-27,150,91.42,Emma Kowalski,1-416-949-9838,Y,L000260,Very Frequent,8060,Female,38,1987-03-07,HR Coordinator
T003851,emma.kowalski259@hotmail.com,2025-09-03,53,127.21,Emma Kowalski,1-416-949-9838,Y,L000260,Very Frequent,8060,Female,38,1987-03-07,HR Coordinator
T003866,emma.kowalski259@hotmail.com,2025-09-04,63,32.27,Emma Kowalski,1-416-949-9838,Y,L000260,Very Frequent,8060,Female,38,1987-03-07,HR Coordinator
T004050,emma.kowalski259@hotmail.com,2025-09-21,126,60.43,Emma Kowalski,1-416-949-9838,Y,L000260,Very Frequent,8060,Female,38,1987-03-07,HR Coordinator
T000146,emma.lau355@hotmail.com,2024-11-09,93,47.48,Emma Lau,1-905-804-2902,Y,L000356,Very Frequent,11459,Female,37,1988-11-18,Chef
T000574,emma.lau355@hotmail.com,2024-12-12,55,159.47,Emma Lau,1-905-804-2902,Y,L000356,Very Frequent,11459,Female,37,1988-11-18,Chef
T000583,emma.lau355@hotmail.com,2024-12-13,155,141.39,Emma Lau,1-905-804-2902,Y,L000356,Very Frequent,11459,Female,37,1988-11-18,Chef
T000837,emma.lau355@hotmail.com,2024-12-29,128,69.94,Emma Lau,1-905-804-2902,Y,L000356,Very Frequent,11459,Female,37,1988-11-18,Chef
T001369,emma.lau355@hotmail.com,2025-02-27,125,118.97,Emma Lau,1-905-804-2902,Y,L000356,Very Frequent,11459,Female,37,1988-11-18,Chef
T002112,emma.lau355@hotmail.com,2025-05-03,111,52.46,Emma Lau,1-905-804-2902,Y,L000356,Very Frequent,11459,Female,37,1988-11-18,Chef
T002246,emma.lau355@hotmail.com,2025-05-13,70,162.43,Emma Lau,1-905-804-2902,Y,L000356,Very Frequent,11459,Female,37,1988-11-18,Chef
T002423,emma.lau355@hotmail.com,2025-05-28,92,86.23,Emma Lau,1-905-804-2902,Y,L000356,Very Frequent,11459,Female,37,1988-11-18,Chef
T003024,emma.lau355@hotmail.com,2025-07-10,124,175.67,Emma Lau,1-905-804-2902,Y,L000356,Very Frequent,11459,Female,37,1988-11-18,Chef
T004157,emma.lau355@hotmail.com,2025-09-28,81,131.93,Emma Lau,1-905-804-2902,Y,L000356,Very Frequent,11459,Female,37,1988-11-18,Chef
T000553,emma.lin332@yahoo.com,2024-12-11,111,37.97,Emma Lin,1-437-12-8716,N,,,,,,,
T001276,emma.lin332@yahoo.com,2025-02-16,167,44.99,Emma Lin,1-437-12-8716,N,,,,,,,
T001703,emma.lin332@yahoo.com,2025-03-29,64,56.97,Emma Lin,1-437-12-8716,N,,,,,,,
T003052,emma.lin332@yahoo.com,2025-07-12,140,69.44,Emma Lin,1-437-12-8716,N,,,,,,,
T003623,emma.lin332@yahoo.com,2025-08-21,159,26.47,Emma Lin,1-437-12-8716,N,,,,,,,
T003625,emma.lin332@yahoo.com,2025-08-21,138,76.95,Emma Lin,1-437-12-8716,N,,,,,,,
T004000,emma.lin332@yahoo.com,2025-09-16,116,203.38,Emma Lin,1-437-12-8716,N,,,,,,,
T000106,emma.liu55@icloud.com,2024-11-07,53,15.98,Emma Liu,1-365-771-3595,N,,,,,,,
T000158,emma.liu55@icloud.com,2024-11-10,132,92.45,Emma Liu,1-365-771-3595,N,,,,,,,
T000610,emma.liu55@icloud.com,2024-12-15,79,28.98,Emma Liu,1-365-771-3595,N,,,,,,,
T001102,emma.liu55@icloud.com,2025-01-29,128,78.46,Emma Liu,1-365-771-3595,N,,,,,,,
T001767,emma.liu55@icloud.com,2025-04-03,68,51.54,Emma Liu,1-365-771-3595,N,,,,,,,
T002268,emma.liu55@icloud.com,2025-05-15,113,53.47,Emma Liu,1-365-771-3595,N,,,,,,,
T002470,emma.liu55@icloud.com,2025-06-01,65,78.42,Emma Liu,1-365-771-3595,N,,,,,,,
T003516,emma.liu55@icloud.com,2025-08-13,154,62.98,Emma Liu,1-365-771-3595,N,,,,,,,
T001456,emma.singh275@gmail.com,2025-03-08,98,133.41,Emma Singh,1-289-617-800,Y,L000276,Frequent,7291,Female,29,1996-09-01,Operations Manager
T001961,emma.singh275@gmail.com,2025-04-20,114,17.98,Emma Singh,1-289-617-800,Y,L000276,Frequent,7291,Female,29,1996-09-01,Operations Manager
T002332,emma.singh275@gmail.com,2025-05-20,102,190.99,Emma Singh,1-289-617-800,Y,L000276,Frequent,7291,Female,29,1996-09-01,Operations Manager
T002624,emma.singh275@gmail.com,2025-06-13,116,137.92,Emma Singh,1-289-617-800,Y,L000276,Frequent,7291,Female,29,1996-09-01,Operations Manager
T003632,emma.singh275@gmail.com,2025-08-22,80,150.89,Emma Singh,1-289-617-800,Y,L000276,Frequent,7291,Female,29,1996-09-01,Operations Manager
T004008,emma.singh275@gmail.com,2025-09-17,109,28.98,Emma Singh,1-289-617-800,Y,L000276,Frequent,7291,Female,29,1996-09-01,Operations Manager
T004431,emma.singh275@gmail.com,2025-10-24,126,68.95,Emma Singh,1-289-617-800,Y,L000276,Frequent,7291,Female,29,1996-09-01,Operations Manager
T000706,emma.singh96@hotmail.com,2024-12-21,83,80.94,Emma Singh,1-437-731-9198,Y,L000097,Frequent,6625,Female,30,1995-09-06,HR Coordinator
T001754,emma.singh96@hotmail.com,2025-04-01,62,72.23,Emma Singh,1-437-731-9198,Y,L000097,Frequent,6625,Female,30,1995-09-06,HR Coordinator
T001796,emma.singh96@hotmail.com,2025-04-05,57,132.8,Emma Singh,1-437-731-9198,Y,L000097,Frequent,6625,Female,30,1995-09-06,HR Coordinator
T002196,emma.singh96@hotmail.com,2025-05-09,162,63.74,Emma Singh,1-437-731-9198,Y,L000097,Frequent,6625,Female,30,1995-09-06,HR Coordinator
T002397,emma.singh96@hotmail.com,2025-05-26,76,79.95,Emma Singh,1-437-731-9198,Y,L000097,Frequent,6625,Female,30,1995-09-06,HR Coordinator
T003155,emma.singh96@hotmail.com,2025-07-20,49,14.98,Emma Singh,1-437-731-9198,Y,L000097,Frequent,6625,Female,30,1995-09-06,HR Coordinator
T003287,emma.singh96@hotmail.com,2025-07-28,110,101.91,Emma Singh,1-437-731-9198,Y,L000097,Frequent,6625,Female,30,1995-09-06,HR Coordinator
T003618,emma.singh96@hotmail.com,2025-08-20,122,57.99,Emma Singh,1-437-731-9198,Y,L000097,Frequent,6625,Female,30,1995-09-06,HR Coordinator
T004289,emma.singh96@hotmail.com,2025-10-09,151,58.05,Emma Singh,1-437-731-9198,Y,L000097,Frequent,6625,Female,30,1995-09-06,HR Coordinator
T000630,emma.su325@yahoo.com,2024-12-15,165,168.43,Emma Su,1-647-662-4077,N,,,,,,,
T002078,emma.su325@yahoo.com,2025-04-29,145,49.76,Emma Su,1-647-662-4077,N,,,,,,,
T002137,emma.su325@yahoo.com,2025-05-04,139,118.2,Emma Su,1-647-662-4077,N,,,,,,,
T002669,emma.su325@yahoo.com,2025-06-15,103,34.45,Emma Su,1-647-662-4077,N,,,,,,,
T003283,emma.su325@yahoo.com,2025-07-28,115,35.47,Emma Su,1-647-662-4077,N,,,,,,,
T004027,emma.su325@yahoo.com,2025-09-19,59,33.49,Emma Su,1-647-662-4077,N,,,,,,,
T004132,emma.su325@yahoo.com,2025-09-27,100,79.47,Emma Su,1-647-662-4077,N,,,,,,,
T004232,emma.su325@yahoo.com,2025-10-04,154,138.73,Emma Su,1-647-662-4077,N,,,,,,,
T004420,emma.su325@yahoo.com,2025-10-22,30,39.46,Emma Su,1-647-662-4077,N,,,,,,,
T004496,emma.su325@yahoo.com,2025-10-28,100,34.76,Emma Su,1-647-662-4077,N,,,,,,,
T000063,emma.tremblay451@icloud.com,2024-11-03,88,52.47,Emma Tremblay,1-289-142-3069,N,,,,,,,
T000078,emma.tremblay451@icloud.com,2024-11-04,51,53.96,Emma Tremblay,1-289-142-3069,N,,,,,,,
T000525,emma.tremblay451@icloud.com,2024-12-09,128,106.55,Emma Tremblay,1-289-142-3069,N,,,,,,,
T002728,emma.tremblay451@icloud.com,2025-06-19,130,45.25,Emma Tremblay,1-289-142-3069,N,,,,,,,
T003787,emma.tremblay451@icloud.com,2025-08-30,126,101.76,Emma Tremblay,1-289-142-3069,N,,,,,,,
T004004,emma.tremblay451@icloud.com,2025-09-16,97,17.49,Emma Tremblay,1-289-142-3069,N,,,,,,,
T000467,emma.wilson303@outlook.com,2024-12-05,35,90.9,Emma Wilson,1-905-26-3770,Y,L000304,Very Frequent,10286,Female,42,1983-04-29,Nurse
T000596,emma.wilson303@outlook.com,2024-12-14,141,67.96,Emma Wilson,1-905-26-3770,Y,L000304,Very Frequent,10286,Female,42,1983-04-29,Nurse
T001220,emma.wilson303@outlook.com,2025-02-09,79,125.43,Emma Wilson,1-905-26-3770,Y,L000304,Very Frequent,10286,Female,42,1983-04-29,Nurse
T001326,emma.wilson303@outlook.com,2025-02-22,123,102.95,Emma Wilson,1-905-26-3770,Y,L000304,Very Frequent,10286,Female,42,1983-04-29,Nurse
T001365,emma.wilson303@outlook.com,2025-02-26,51,125.9,Emma Wilson,1-905-26-3770,Y,L000304,Very Frequent,10286,Female,42,1983-04-29,Nurse
T001469,emma.wilson303@outlook.com,2025-03-08,175,43.49,Emma Wilson,1-905-26-3770,Y,L000304,Very Frequent,10286,Female,42,1983-04-29,Nurse
T001815,emma.wilson303@outlook.com,2025-04-06,127,80.93,Emma Wilson,1-905-26-3770,Y,L000304,Very Frequent,10286,Female,42,1983-04-29,Nurse
T002273,emma.wilson303@outlook.com,2025-05-16,104,120.51,Emma Wilson,1-905-26-3770,Y,L000304,Very Frequent,10286,Female,42,1983-04-29,Nurse
T002450,emma.wilson303@outlook.com,2025-05-31,73,154.72,Emma Wilson,1-905-26-3770,Y,L000304,Very Frequent,10286,Female,42,1983-04-29,Nurse
T002613,emma.wilson303@outlook.com,2025-06-12,67,40.48,Emma Wilson,1-905-26-3770,Y,L000304,Very Frequent,10286,Female,42,1983-04-29,Nurse
T002694,emma.wilson303@outlook.com,2025-06-17,122,21.98,Emma Wilson,1-905-26-3770,Y,L000304,Very Frequent,10286,Female,42,1983-04-29,Nurse
T003070,emma.wilson303@outlook.com,2025-07-13,69,20.98,Emma Wilson,1-905-26-3770,Y,L000304,Very Frequent,10286,Female,42,1983-04-29,Nurse
T004034,emma.wilson303@outlook.com,2025-09-20,98,32.46,Emma Wilson,1-905-26-3770,Y,L000304,Very Frequent,10286,Female,42,1983-04-29,Nurse
T000725,emma.zhang369@outlook.com,2024-12-22,80,173.66,Emma Zhang,1-647-862-7081,N,,,,,,,
T001242,emma.zhang369@outlook.com,2025-02-12,77,44.99,Emma Zhang,1-647-862-7081,N,,,,,,,
T001467,emma.zhang369@outlook.com,2025-03-08,86,81.48,Emma Zhang,1-647-862-7081,N,,,,,,,
T002375,emma.zhang369@outlook.com,2025-05-24,173,119.43,Emma Zhang,1-647-862-7081,N,,,,,,,
T002825,emma.zhang369@outlook.com,2025-06-26,113,32.33,Emma Zhang,1-647-862-7081,N,,,,,,,
T003970,emma.zhang369@outlook.com,2025-09-13,68,19.98,Emma Zhang,1-647-862-7081,N,,,,,,,
T000070,ethan.anderson232@hotmail.com,2024-11-03,108,122.91,Ethan Anderson,1-437-264-5238,N,,,,,,,
T000527,ethan.anderson232@hotmail.com,2024-12-09,81,43.26,Ethan Anderson,1-437-264-5238,N,,,,,,,
T000747,ethan.anderson232@hotmail.com,2024-12-24,81,110.44,Ethan Anderson,1-437-264-5238,N,,,,,,,
T000822,ethan.anderson232@hotmail.com,2024-12-29,130,135.91,Ethan Anderson,1-437-264-5238,N,,,,,,,
T001065,ethan.anderson232@hotmail.com,2025-01-24,97,225.55,Ethan Anderson,1-437-264-5238,N,,,,,,,
T001450,ethan.anderson232@hotmail.com,2025-03-07,34,41.97,Ethan Anderson,1-437-264-5238,N,,,,,,,
T001503,ethan.anderson232@hotmail.com,2025-03-11,86,148.4,Ethan Anderson,1-437-264-5238,N,,,,,,,
T001629,ethan.anderson232@hotmail.com,2025-03-22,102,33.49,Ethan Anderson,1-437-264-5238,N,,,,,,,
T002469,ethan.anderson232@hotmail.com,2025-06-01,135,58.96,Ethan Anderson,1-437-264-5238,N,,,,,,,
T002723,ethan.anderson232@hotmail.com,2025-06-19,133,13.49,Ethan Anderson,1-437-264-5238,N,,,,,,,
T003023,ethan.anderson232@hotmail.com,2025-07-10,71,121.44,Ethan Anderson,1-437-264-5238,N,,,,,,,
T003127,ethan.anderson232@hotmail.com,2025-07-18,146,13.49,Ethan Anderson,1-437-264-5238,N,,,,,,,
T003372,ethan.anderson232@hotmail.com,2025-08-03,68,144.73,Ethan Anderson,1-437-264-5238,N,,,,,,,
T003552,ethan.anderson232@hotmail.com,2025-08-15,121,96.96,Ethan Anderson,1-437-264-5238,N,,,,,,,
T004063,ethan.anderson232@hotmail.com,2025-09-21,75,66.97,Ethan Anderson,1-437-264-5238,N,,,,,,,
T004102,ethan.anderson232@hotmail.com,2025-09-24,100,41.45,Ethan Anderson,1-437-264-5238,N,,,,,,,
T000562,ethan.johnson122@icloud.com,2024-12-12,128,105.96,Ethan Johnson,1-905-890-8255,Y,L000123,Frequent,6673,Male,31,1994-12-17,Accountant
T001221,ethan.johnson122@icloud.com,2025-02-09,77,76.43,Ethan Johnson,1-905-890-8255,Y,L000123,Frequent,6673,Male,31,1994-12-17,Accountant
T001383,ethan.johnson122@icloud.com,2025-03-01,130,6.98,Ethan Johnson,1-905-890-8255,Y,L000123,Frequent,6673,Male,31,1994-12-17,Accountant
T001613,ethan.johnson122@icloud.com,2025-03-21,123,27.98,Ethan Johnson,1-905-890-8255,Y,L000123,Frequent,6673,Male,31,1994-12-17,Accountant
T001700,ethan.johnson122@icloud.com,2025-03-29,179,38.99,Ethan Johnson,1-905-890-8255,Y,L000123,Frequent,6673,Male,31,1994-12-17,Accountant
T002792,ethan.johnson122@icloud.com,2025-06-23,88,59.95,Ethan Johnson,1-905-890-8255,Y,L000123,Frequent,6673,Male,31,1994-12-17,Accountant
T002942,ethan.johnson122@icloud.com,2025-07-04,132,72.46,Ethan Johnson,1-905-890-8255,Y,L000123,Frequent,6673,Male,31,1994-12-17,Accountant
T003414,ethan.johnson122@icloud.com,2025-08-05,134,138.19,Ethan Johnson,1-905-890-8255,Y,L000123,Frequent,6673,Male,31,1994-12-17,Accountant
T004375,ethan.johnson122@icloud.com,2025-10-18,158,140.42,Ethan Johnson,1-905-890-8255,Y,L000123,Frequent,6673,Male,31,1994-12-17,Accountant
T000215,ethan.lam179@icloud.com,2024-11-16,87,71.46,Ethan Lam,1-905-319-3377,N,,,,,,,
T000431,ethan.lam179@icloud.com,2024-12-03,114,135.24,Ethan Lam,1-905-319-3377,N,,,,,,,
T000533,ethan.lam179@icloud.com,2024-12-09,37,29.47,Ethan Lam,1-905-319-3377,N,,,,,,,
T001017,ethan.lam179@icloud.com,2025-01-19,54,8.49,Ethan Lam,1-905-319-3377,N,,,,,,,
T001993,ethan.lam179@icloud.com,2025-04-23,129,48.46,Ethan Lam,1-905-319-3377,N,,,,,,,
T002296,ethan.lam179@icloud.com,2025-05-17,114,50.46,Ethan Lam,1-905-319-3377,N,,,,,,,
T002605,ethan.lam179@icloud.com,2025-06-11,142,271.41,Ethan Lam,1-905-319-3377,N,,,,,,,
T004079,ethan.lam179@icloud.com,2025-09-23,51,42.46,Ethan Lam,1-905-319-3377,N,,,,,,,
T004460,ethan.lam179@icloud.com,2025-10-26,107,101.42,Ethan Lam,1-905-319-3377,N,,,,,,,
T000306,ethan.lam84@hotmail.com,2024-11-23,113,127.73,Ethan Lam,1-905-976-1919,Y,L000085,Frequent,4624,Male,25,2000-04-23,Truck Driver
T001339,ethan.lam84@hotmail.com,2025-02-23,85,3.49,Ethan Lam,1-905-976-1919,Y,L000085,Frequent,4624,Male,25,2000-04-23,Truck Driver
T001768,ethan.lam84@hotmail.com,2025-04-03,93,61.27,Ethan Lam,1-905-976-1919,Y,L000085,Frequent,4624,Male,25,2000-04-23,Truck Driver
T002546,ethan.lam84@hotmail.com,2025-06-08,134,127.95,Ethan Lam,1-905-976-1919,Y,L000085,Frequent,4624,Male,25,2000-04-23,Truck Driver
T003272,ethan.lam84@hotmail.com,2025-07-27,88,3.29,Ethan Lam,1-905-976-1919,Y,L000085,Frequent,4624,Male,25,2000-04-23,Truck Driver
T003941,ethan.lam84@hotmail.com,2025-09-10,135,70.24,Ethan Lam,1-905-976-1919,Y,L000085,Frequent,4624,Male,25,2000-04-23,Truck Driver
T004264,ethan.lam84@hotmail.com,2025-10-07,88,68.45,Ethan Lam,1-905-976-1919,Y,L000085,Frequent,4624,Male,25,2000-04-23,Truck Driver
T000362,ethan.lopez167@hotmail.com,2024-11-29,176,159.0,Ethan Lopez,1-647-751-2141,N,,,,,,,
T000617,ethan.lopez167@hotmail.com,2024-12-15,136,77.04,Ethan Lopez,1-647-751-2141,N,,,,,,,
T001568,ethan.lopez167@hotmail.com,2025-03-16,121,85.46,Ethan Lopez,1-647-751-2141,N,,,,,,,
T001813,ethan.lopez167@hotmail.com,2025-04-06,80,48.97,Ethan Lopez,1-647-751-2141,N,,,,,,,
T001946,ethan.lopez167@hotmail.com,2025-04-19,168,35.47,Ethan Lopez,1-647-751-2141,N,,,,,,,
T002378,ethan.lopez167@hotmail.com,2025-05-25,83,22.47,Ethan Lopez,1-647-751-2141,N,,,,,,,
T002493,ethan.lopez167@hotmail.com,2025-06-03,74,114.44,Ethan Lopez,1-647-751-2141,N,,,,,,,
T003022,ethan.lopez167@hotmail.com,2025-07-10,128,142.95,Ethan Lopez,1-647-751-2141,N,,,,,,,
T003072,ethan.lopez167@hotmail.com,2025-07-14,131,44.96,Ethan Lopez,1-647-751-2141,N,,,,,,,
T004095,ethan.lopez167@hotmail.com,2025-09-24,107,139.4,Ethan Lopez,1-647-751-2141,N,,,,,,,
T000883,ethan.macdonald77@hotmail.com,2025-01-03,125,56.76,Ethan MacDonald,1-289-808-4056,N,,,,,,,
T001136,ethan.macdonald77@hotmail.com,2025-02-02,211,104.04,Ethan MacDonald,1-289-808-4056,N,,,,,,,
T001774,ethan.macdonald77@hotmail.com,2025-04-03,131,91.23,Ethan MacDonald,1-289-808-4056,N,,,,,,,
T002765,ethan.macdonald77@hotmail.com,2025-06-22,106,50.44,Ethan MacDonald,1-289-808-4056,N,,,,,,,
T003278,ethan.macdonald77@hotmail.com,2025-07-27,108,12.49,Ethan MacDonald,1-289-808-4056,N,,,,,,,
T003820,ethan.macdonald77@hotmail.com,2025-09-01,79,164.17,Ethan MacDonald,1-289-808-4056,N,,,,,,,
T003904,ethan.macdonald77@hotmail.com,2025-09-06,128,195.88,Ethan MacDonald,1-289-808-4056,N,,,,,,,
T003950,ethan.macdonald77@hotmail.com,2025-09-10,108,119.2,Ethan MacDonald,1-289-808-4056,N,,,,,,,
T000358,evelyn.chen447@yahoo.com,2024-11-29,159,9.99,Evelyn Chen,1-365-400-247,Y,L000448,Frequent,3298,Male,25,2000-10-14,Barista
T001255,evelyn.chen447@yahoo.com,2025-02-15,127,27.48,Evelyn Chen,1-365-400-247,Y,L000448,Frequent,3298,Male,25,2000-10-14,Barista
T001633,evelyn.chen447@yahoo.com,2025-03-23,112,83.97,Evelyn Chen,1-365-400-247,Y,L000448,Frequent,3298,Male,25,2000-10-14,Barista
T001775,evelyn.chen447@yahoo.com,2025-04-04,53,50.45,Evelyn Chen,1-365-400-247,Y,L000448,Frequent,3298,Male,25,2000-10-14,Barista
T001996,evelyn.chen447@yahoo.com,2025-04-23,30,50.97,Evelyn Chen,1-365-400-247,Y,L000448,Frequent,3298,Male,25,2000-10-14,Barista
T003064,evelyn.chen447@yahoo.com,2025-07-13,85,90.51,Evelyn Chen,1-365-400-247,Y,L000448,Frequent,3298,Male,25,2000-10-14,Barista
T003823,evelyn.chen447@yahoo.com,2025-09-01,74,3.49,Evelyn Chen,1-365-400-247,Y,L000448,Frequent,3298,Male,25,2000-10-14,Barista
T003968,evelyn.chen447@yahoo.com,2025-09-12,144,12.98,Evelyn Chen,1-365-400-247,Y,L000448,Frequent,3298,Male,25,2000-10-14,Barista
T000197,evelyn.lee148@gmail.com,2024-11-14,109,101.9,Evelyn Lee,1-647-833-3840,Y,L000149,Very Frequent,10333,Female,21,2004-09-08,Research Assistant
T000834,evelyn.lee148@gmail.com,2024-12-29,136,85.96,Evelyn Lee,1-647-833-3840,Y,L000149,Very Frequent,10333,Female,21,2004-09-08,Research Assistant
T001190,evelyn.lee148@gmail.com,2025-02-07,91,12.49,Evelyn Lee,1-647-833-3840,Y,L000149,Very Frequent,10333,Female,21,2004-09-08,Research Assistant
T001913,evelyn.lee148@gmail.com,2025-04-16,105,33.56,Evelyn Lee,1-647-833-3840,Y,L000149,Very Frequent,10333,Female,21,2004-09-08,Research Assistant
T002054,evelyn.lee148@gmail.com,2025-04-28,88,4.99,Evelyn Lee,1-647-833-3840,Y,L000149,Very Frequent,10333,Female,21,2004-09-08,Research Assistant
T002142,evelyn.lee148@gmail.com,2025-05-04,148,91.45,Evelyn Lee,1-647-833-3840,Y,L000149,Very Frequent,10333,Female,21,2004-09-08,Research Assistant
T002394,evelyn.lee148@gmail.com,2025-05-26,99,28.07,Evelyn Lee,1-647-833-3840,Y,L000149,Very Frequent,10333,Female,21,2004-09-08,Research Assistant
T003162,evelyn.lee148@gmail.com,2025-07-20,108,324.33,Evelyn Lee,1-647-833-3840,Y,L000149,Very Frequent,10333,Female,21,2004-09-08,Research Assistant
T003491,evelyn.lee148@gmail.com,2025-08-11,121,73.45,Evelyn Lee,1-647-833-3840,Y,L000149,Very Frequent,10333,Female,21,2004-09-08,Research Assistant
T003679,evelyn.lee148@gmail.com,2025-08-24,123,152.43,Evelyn Lee,1-647-833-3840,Y,L000149,Very Frequent,10333,Female,21,2004-09-08,Research Assistant
T004177,evelyn.lee148@gmail.com,2025-09-30,115,92.48,Evelyn Lee,1-647-833-3840,Y,L000149,Very Frequent,10333,Female,21,2004-09-08,Research Assistant
T004445,evelyn.lee148@gmail.com,2025-10-25,134,32.27,Evelyn Lee,1-647-833-3840,Y,L000149,Very Frequent,10333,Female,21,2004-09-08,Research Assistant
T000225,evelyn.martinez130@hotmail.com,2024-11-16,60,124.4,Evelyn Martinez,1-437-606-3353,Y,L000131,Frequent,7936,Male,18,2007-11-21,Nurse
T000984,evelyn.martinez130@hotmail.com,2025-01-16,142,53.48,Evelyn Martinez,1-437-606-3353,Y,L000131,Frequent,7936,Male,18,2007-11-21,Nurse
T002898,evelyn.martinez130@hotmail.com,2025-06-30,61,96.71,Evelyn Martinez,1-437-606-3353,Y,L000131,Frequent,7936,Male,18,2007-11-21,Nurse
T002967,evelyn.martinez130@hotmail.com,2025-07-06,139,206.39,Evelyn Martinez,1-437-606-3353,Y,L000131,Frequent,7936,Male,18,2007-11-21,Nurse
T003412,evelyn.martinez130@hotmail.com,2025-08-05,30,73.97,Evelyn Martinez,1-437-606-3353,Y,L000131,Frequent,7936,Male,18,2007-11-21,Nurse
T003528,evelyn.martinez130@hotmail.com,2025-08-14,76,136.71,Evelyn Martinez,1-437-606-3353,Y,L000131,Frequent,7936,Male,18,2007-11-21,Nurse
T004342,evelyn.martinez130@hotmail.com,2025-10-14,164,101.94,Evelyn Martinez,1-437-606-3353,Y,L000131,Frequent,7936,Male,18,2007-11-21,Nurse
T000543,evelyn.nguyen65@outlook.com,2024-12-10,116,16.98,Evelyn Nguyen,1-647-371-2900,Y,L000066,Frequent,4977,Male,43,1982-11-11,Teacher
T000669,evelyn.nguyen65@outlook.com,2024-12-18,138,178.18,Evelyn Nguyen,1-647-371-2900,Y,L000066,Frequent,4977,Male,43,1982-11-11,Teacher
T001517,evelyn.nguyen65@outlook.com,2025-03-13,91,13.48,Evelyn Nguyen,1-647-371-2900,Y,L000066,Frequent,4977,Male,43,1982-11-11,Teacher
T002244,evelyn.nguyen65@outlook.com,2025-05-13,74,53.47,Evelyn Nguyen,1-647-371-2900,Y,L000066,Frequent,4977,Male,43,1982-11-11,Teacher
T002587,evelyn.nguyen65@outlook.com,2025-06-10,110,80.93,Evelyn Nguyen,1-647-371-2900,Y,L000066,Frequent,4977,Male,43,1982-11-11,Teacher
T003249,evelyn.nguyen65@outlook.com,2025-07-26,103,34.77,Evelyn Nguyen,1-647-371-2900,Y,L000066,Frequent,4977,Male,43,1982-11-11,Teacher
T003500,evelyn.nguyen65@outlook.com,2025-08-11,106,70.93,Evelyn Nguyen,1-647-371-2900,Y,L000066,Frequent,4977,Male,43,1982-11-11,Teacher
T004146,evelyn.nguyen65@outlook.com,2025-09-28,76,48.96,Evelyn Nguyen,1-647-371-2900,Y,L000066,Frequent,4977,Male,43,1982-11-11,Teacher
T000909,evelyn.white385@outlook.com,2025-01-05,81,70.46,Evelyn White,1-365-898-6908,N,,,,,,,
T000939,evelyn.white385@outlook.com,2025-01-10,116,190.43,Evelyn White,1-365-898-6908,N,,,,,,,
T001603,evelyn.white385@outlook.com,2025-03-20,100,12.49,Evelyn White,1-365-898-6908,N,,,,,,,
T001656,evelyn.white385@outlook.com,2025-03-24,103,113.92,Evelyn White,1-365-898-6908,N,,,,,,,
T001707,evelyn.white385@outlook.com,2025-03-29,78,23.97,Evelyn White,1-365-898-6908,N,,,,,,,
T001713,evelyn.white385@outlook.com,2025-03-29,110,160.78,Evelyn White,1-365-898-6908,N,,,,,,,
T002156,evelyn.white385@outlook.com,2025-05-05,97,192.9,Evelyn White,1-365-898-6908,N,,,,,,,
T003429,evelyn.white385@outlook.com,2025-08-07,47,143.4,Evelyn White,1-365-898-6908,N,,,,,,,
T003905,evelyn.white385@outlook.com,2025-09-07,81,42.98,Evelyn White,1-365-898-6908,N,,,,,,,
T003906,evelyn.white385@outlook.com,2025-09-07,85,8.49,Evelyn White,1-365-898-6908,N,,,,,,,
T004376,evelyn.white385@outlook.com,2025-10-18,55,50.48,Evelyn White,1-365-898-6908,N,,,,,,,
T004382,evelyn.white385@outlook.com,2025-10-19,118,45.96,Evelyn White,1-365-898-6908,N,,,,,,,
T004498,evelyn.white385@outlook.com,2025-10-28,140,143.7,Evelyn White,1-365-898-6908,N,,,,,,,
T000010,grace.lee499@hotmail.com,2024-10-28,154,132.88,Grace Lee,1-416-269-7711,Y,L000500,Very Frequent,10096,Female,35,1990-01-07,Marketing Specialist
T000730,grace.lee499@hotmail.com,2024-12-23,139,150.26,Grace Lee,1-416-269-7711,Y,L000500,Very Frequent,10096,Female,35,1990-01-07,Marketing Specialist
T001314,grace.lee499@hotmail.com,2025-02-21,30,27.48,Grace Lee,1-416-269-7711,Y,L000500,Very Frequent,10096,Female,35,1990-01-07,Marketing Specialist
T001513,grace.lee499@hotmail.com,2025-03-12,128,62.96,Grace Lee,1-416-269-7711,Y,L000500,Very Frequent,10096,Female,35,1990-01-07,Marketing Specialist
T001628,grace.lee499@hotmail.com,2025-03-22,67,26.48,Grace Lee,1-416-269-7711,Y,L000500,Very Frequent,10096,Female,35,1990-01-07,Marketing Specialist
T001884,grace.lee499@hotmail.com,2025-04-13,183,46.55,Grace Lee,1-416-269-7711,Y,L000500,Very Frequent,10096,Female,35,1990-01-07,Marketing Specialist
T001905,grace.lee499@hotmail.com,2025-04-15,80,144.53,Grace Lee,1-416-269-7711,Y,L000500,Very Frequent,10096,Female,35,1990-01-07,Marketing Specialist
T001968,grace.lee499@hotmail.com,2025-04-20,127,101.95,Grace Lee,1-416-269-7711,Y,L000500,Very Frequent,10096,Female,35,1990-01-07,Marketing Specialist
T002388,grace.lee499@hotmail.com,2025-05-25,97,21.48,Grace Lee,1-416-269-7711,Y,L000500,Very Frequent,10096,Female,35,1990-01-07,Marketing Specialist
T002432,grace.lee499@hotmail.com,2025-05-29,115,133.43,Grace Lee,1-416-269-7711,Y,L000500,Very Frequent,10096,Female,35,1990-01-07,Marketing Specialist
T003163,grace.lee499@hotmail.com,2025-07-20,72,91.69,Grace Lee,1-416-269-7711,Y,L000500,Very Frequent,10096,Female,35,1990-01-07,Marketing Specialist
T003839,grace.lee499@hotmail.com,2025-09-02,215,69.96,Grace Lee,1-416-269-7711,Y,L000500,Very Frequent,10096,Female,35,1990-01-07,Marketing Specialist
T000477,grace.lopez418@outlook.com,2024-12-06,173,58.45,Grace Lopez,1-437-294-4015,Y,L000419,Frequent,7538,Female,44,1981-06-07,Operations Manager
T000547,grace.lopez418@outlook.com,2024-12-11,96,24.98,Grace Lopez,1-437-294-4015,Y,L000419,Frequent,7538,Female,44,1981-06-07,Operations Manager
T000624,grace.lopez418@outlook.com,2024-12-15,68,117.72,Grace Lopez,1-437-294-4015,Y,L000419,Frequent,7538,Female,44,1981-06-07,Operations Manager
T001163,grace.lopez418@outlook.com,2025-02-04,117,13.49,Grace Lopez,1-437-294-4015,Y,L000419,Frequent,7538,Female,44,1981-06-07,Operations Manager
T001293,grace.lopez418@outlook.com,2025-02-18,154,4.99,Grace Lopez,1-437-294-4015,Y,L000419,Frequent,7538,Female,44,1981-06-07,Operations Manager
T001294,grace.lopez418@outlook.com,2025-02-18,141,216.42,Grace Lopez,1-437-294-4015,Y,L000419,Frequent,7538,Female,44,1981-06-07,Operations Manager
T002113,grace.lopez418@outlook.com,2025-05-03,119,71.42,Grace Lopez,1-437-294-4015,Y,L000419,Frequent,7538,Female,44,1981-06-07,Operations Manager
T002228,grace.lopez418@outlook.com,2025-05-11,129,224.93,Grace Lopez,1-437-294-4015,Y,L000419,Frequent,7538,Female,44,1981-06-07,Operations Manager
T003691,grace.lopez418@outlook.com,2025-08-25,116,21.48,Grace Lopez,1-437-294-4015,Y,L000419,Frequent,7538,Female,44,1981-06-07,Operations Manager
T000112,grace.nguyen312@icloud.com,2024-11-07,182,144.46,Grace Nguyen,1-416-884-5848,Y,L000313,Very Frequent,15505,Female,26,1999-04-17,Consultant
T000194,grace.nguyen312@icloud.com,2024-11-13,124,58.46,Grace Nguyen,1-416-884-5848,Y,L000313,Very Frequent,15505,Female,26,1999-04-17,Consultant
T000798,grace.nguyen312@icloud.com,2024-12-27,123,124.73,Grace Nguyen,1-416-884-5848,Y,L000313,Very Frequent,15505,Female,26,1999-04-17,Consultant
T000974,grace.nguyen312@icloud.com,2025-01-15,166,124.4,Grace Nguyen,1-416-884-5848,Y,L000313,Very Frequent,15505,Female,26,1999-04-17,Consultant
T001097,grace.nguyen312@icloud.com,2025-01-28,147,236.37,Grace Nguyen,1-416-884-5848,Y,L000313,Very Frequent,15505,Female,26,1999-04-17,Consultant
T001288,grace.nguyen312@icloud.com,2025-02-17,62,100.44,Grace Nguyen,1-416-884-5848,Y,L000313,Very Frequent,15505,Female,26,1999-04-17,Consultant
T001386,grace.nguyen312@icloud.com,2025-03-01,106,257.7,Grace Nguyen,1-416-884-5848,Y,L000313,Very Frequent,15505,Female,26,1999-04-17,Consultant
T001502,grace.nguyen312@icloud.com,2025-03-11,96,3.29,Grace Nguyen,1-416-884-5848,Y,L000313,Very Frequent,15505,Female,26,1999-04-17,Consultant
T003842,grace.nguyen312@icloud.com,2025-09-02,42,62.76,Grace Nguyen,1-416-884-5848,Y,L000313,Very Frequent,15505,Female,26,1999-04-17,Consultant
T003843,grace.nguyen312@icloud.com,2025-09-02,99,126.2,Grace Nguyen,1-416-884-5848,Y,L000313,Very Frequent,15505,Female,26,1999-04-17,Consultant
T003980,grace.nguyen312@icloud.com,2025-09-14,132,260.47,Grace Nguyen,1-416-884-5848,Y,L000313,Very Frequent,15505,Female,26,1999-04-17,Consultant
T004487,grace.nguyen312@icloud.com,2025-10-27,56,51.27,Grace Nguyen,1-416-884-5848,Y,L000313,Very Frequent,15505,Female,26,1999-04-17,Consultant
T000338,grace.su191@gmail.com,2024-11-27,104,24.98,Grace Su,1-437-660-1345,Y,L000192,Frequent,4282,Male,23,2002-11-16,Data Analyst
T001506,grace.su191@gmail.com,2025-03-12,101,57.45,Grace Su,1-437-660-1345,Y,L000192,Frequent,4282,Male,23,2002-11-16,Data Analyst
T002115,grace.su191@gmail.com,2025-05-03,87,78.97,Grace Su,1-437-660-1345,Y,L000192,Frequent,4282,Male,23,2002-11-16,Data Analyst
T002904,grace.su191@gmail.com,2025-07-01,92,47.46,Grace Su,1-437-660-1345,Y,L000192,Frequent,4282,Male,23,2002-11-16,Data Analyst
T003357,grace.su191@gmail.com,2025-08-02,90,47.46,Grace Su,1-437-660-1345,Y,L000192,Frequent,4282,Male,23,2002-11-16,Data Analyst
T004184,grace.su191@gmail.com,2025-10-01,191,134.95,Grace Su,1-437-660-1345,Y,L000192,Frequent,4282,Male,23,2002-11-16,Data Analyst
T004426,grace.su191@gmail.com,2025-10-23,122,36.98,Grace Su,1-437-660-1345,Y,L000192,Frequent,4282,Male,23,2002-11-16,Data Analyst
T000256,grace.su408@gmail.com,2024-11-19,139,190.38,Grace Su,1-905-142-8284,Y,L000409,Very Frequent,10202,Non-binary,35,1990-01-16,Truck Driver
T000811,grace.su408@gmail.com,2024-12-28,79,28.27,Grace Su,1-905-142-8284,Y,L000409,Very Frequent,10202,Non-binary,35,1990-01-16,Truck Driver
T000832,grace.su408@gmail.com,2024-12-29,84,142.7,Grace Su,1-905-142-8284,Y,L000409,Very Frequent,10202,Non-binary,35,1990-01-16,Truck Driver
T000956,grace.su408@gmail.com,2025-01-12,79,120.27,Grace Su,1-905-142-8284,Y,L000409,Very Frequent,10202,Non-binary,35,1990-01-16,Truck Driver
T001594,grace.su408@gmail.com,2025-03-19,96,33.46,Grace Su,1-905-142-8284,Y,L000409,Very Frequent,10202,Non-binary,35,1990-01-16,Truck Driver
T002798,grace.su408@gmail.com,2025-06-24,80,119.73,Grace Su,1-905-142-8284,Y,L000409,Very Frequent,10202,Non-binary,35,1990-01-16,Truck Driver
T003284,grace.su408@gmail.com,2025-07-28,92,34.47,Grace Su,1-905-142-8284,Y,L000409,Very Frequent,10202,Non-binary,35,1990-01-16,Truck Driver
T003392,grace.su408@gmail.com,2025-08-04,92,256.37,Grace Su,1-905-142-8284,Y,L000409,Very Frequent,10202,Non-binary,35,1990-01-16,Truck Driver
T003402,grace.su408@gmail.com,2025-08-05,128,94.61,Grace Su,1-905-142-8284,Y,L000409,Very Frequent,10202,Non-binary,35,1990-01-16,Truck Driver
T000019,grace.wang393@hotmail.com,2024-10-29,42,63.94,Grace Wang,1-289-202-8561,N,,,,,,,
T000032,grace.wang393@hotmail.com,2024-10-30,122,156.91,Grace Wang,1-289-202-8561,N,,,,,,,
T000039,grace.wang393@hotmail.com,2024-10-31,163,83.46,Grace Wang,1-289-202-8561,N,,,,,,,
T000129,grace.wang393@hotmail.com,2024-11-08,113,16.97,Grace Wang,1-289-202-8561,N,,,,,,,
T000364,grace.wang393@hotmail.com,2024-11-29,99,29.97,Grace Wang,1-289-202-8561,N,,,,,,,
T000539,grace.wang393@hotmail.com,2024-12-10,138,91.46,Grace Wang,1-289-202-8561,N,,,,,,,
T001068,grace.wang393@hotmail.com,2025-01-25,114,44.56,Grace Wang,1-289-202-8561,N,,,,,,,
T001105,grace.wang393@hotmail.com,2025-01-29,38,34.95,Grace Wang,1-289-202-8561,N,,,,,,,
T001586,grace.wang393@hotmail.com,2025-03-18,147,159.3,Grace Wang,1-289-202-8561,N,,,,,,,
T001894,grace.wang393@hotmail.com,2025-04-14,92,183.86,Grace Wang,1-289-202-8561,N,,,,,,,
T002468,grace.wang393@hotmail.com,2025-06-01,120,57.45,Grace Wang,1-289-202-8561,N,,,,,,,
T002751,grace.wang393@hotmail.com,2025-06-21,170,104.97,Grace Wang,1-289-202-8561,N,,,,,,,
T003050,grace.wang393@hotmail.com,2025-07-12,154,222.35,Grace Wang,1-289-202-8561,N,,,,,,,
T003345,grace.wang393@hotmail.com,2025-08-02,97,66.74,Grace Wang,1-289-202-8561,N,,,,,,,
T003531,grace.wang393@hotmail.com,2025-08-14,103,83.44,Grace Wang,1-289-202-8561,N,,,,,,,
T003813,grace.wang393@hotmail.com,2025-08-31,152,64.96,Grace Wang,1-289-202-8561,N,,,,,,,
T003883,grace.wang393@hotmail.com,2025-09-05,74,21.98,Grace Wang,1-289-202-8561,N,,,,,,,
T003884,grace.wang393@hotmail.com,2025-09-05,30,40.46,Grace Wang,1-289-202-8561,N,,,,,,,
T004343,grace.wang393@hotmail.com,2025-10-14,74,82.44,Grace Wang,1-289-202-8561,N,,,,,,,
T000438,hannah.lin411@hotmail.com,2024-12-03,142,45.24,Hannah Lin,1-647-352-3377,N,,,,,,,
T001051,hannah.lin411@hotmail.com,2025-01-23,118,54.97,Hannah Lin,1-647-352-3377,N,,,,,,,
T001303,hannah.lin411@hotmail.com,2025-02-20,81,196.87,Hannah Lin,1-647-352-3377,N,,,,,,,
T002005,hannah.lin411@hotmail.com,2025-04-24,90,26.48,Hannah Lin,1-647-352-3377,N,,,,,,,
T002684,hannah.lin411@hotmail.com,2025-06-16,95,178.7,Hannah Lin,1-647-352-3377,N,,,,,,,
T002711,hannah.lin411@hotmail.com,2025-06-18,90,74.46,Hannah Lin,1-647-352-3377,N,,,,,,,
T002816,hannah.lin411@hotmail.com,2025-06-25,110,50.47,Hannah Lin,1-647-352-3377,N,,,,,,,
T003606,hannah.lin411@hotmail.com,2025-08-19,83,115.67,Hannah Lin,1-647-352-3377,N,,,,,,,
T000117,hannah.lopez293@hotmail.com,2024-11-08,123,112.92,Hannah Lopez,1-289-735-3205,Y,L000294,Very Frequent,8841,Female,31,1994-06-20,Barista
T000440,hannah.lopez293@hotmail.com,2024-12-03,83,155.38,Hannah Lopez,1-289-735-3205,Y,L000294,Very Frequent,8841,Female,31,1994-06-20,Barista
T000592,hannah.lopez293@hotmail.com,2024-12-14,93,65.47,Hannah Lopez,1-289-735-3205,Y,L000294,Very Frequent,8841,Female,31,1994-06-20,Barista
T000826,hannah.lopez293@hotmail.com,2024-12-29,80,111.9,Hannah Lopez,1-289-735-3205,Y,L000294,Very Frequent,8841,Female,31,1994-06-20,Barista
T000851,hannah.lopez293@hotmail.com,2024-12-30,57,35.98,Hannah Lopez,1-289-735-3205,Y,L000294,Very Frequent,8841,Female,31,1994-06-20,Barista
T001578,hannah.lopez293@hotmail.com,2025-03-17,97,64.97,Hannah Lopez,1-289-735-3205,Y,L000294,Very Frequent,8841,Female,31,1994-06-20,Barista
T001917,hannah.lopez293@hotmail.com,2025-04-16,88,31.96,Hannah Lopez,1-289-735-3205,Y,L000294,Very Frequent,8841,Female,31,1994-06-20,Barista
T002646,hannah.lopez293@hotmail.com,2025-06-14,93,71.25,Hannah Lopez,1-289-735-3205,Y,L000294,Very Frequent,8841,Female,31,1994-06-20,Barista
T002682,hannah.lopez293@hotmail.com,2025-06-15,126,97.44,Hannah Lopez,1-289-735-3205,Y,L000294,Very Frequent,8841,Female,31,1994-06-20,Barista
T004060,hannah.lopez293@hotmail.com,2025-09-21,144,114.45,Hannah Lopez,1-289-735-3205,Y,L000294,Very Frequent,8841,Female,31,1994-06-20,Barista
T004086,hannah.lopez293@hotmail.com,2025-09-23,30,4.99,Hannah Lopez,1-289-735-3205,Y,L000294,Very Frequent,8841,Female,31,1994-06-20,Barista
T004215,hannah.lopez293@hotmail.com,2025-10-03,107,17.48,Hannah Lopez,1-289-735-3205,Y,L000294,Very Frequent,8841,Female,31,1994-06-20,Barista
T000018,hannah.nowak22@outlook.com,2024-10-29,30,43.05,Hannah Nowak,1-905-677-6412,N,,,,,,,
T000384,hannah.nowak22@outlook.com,2024-11-30,93,207.67,Hannah Nowak,1-905-677-6412,N,,,,,,,
T001437,hannah.nowak22@outlook.com,2025-03-05,130,98.8,Hannah Nowak,1-905-677-6412,N,,,,,,,
T001451,hannah.nowak22@outlook.com,2025-03-07,89,60.44,Hannah Nowak,1-905-677-6412,N,,,,,,,
T001582,hannah.nowak22@outlook.com,2025-03-18,104,149.85,Hannah Nowak,1-905-677-6412,N,,,,,,,
T002279,hannah.nowak22@outlook.com,2025-05-16,125,29.47,Hannah Nowak,1-905-677-6412,N,,,,,,,
T003248,hannah.nowak22@outlook.com,2025-07-26,104,19.98,Hannah Nowak,1-905-677-6412,N,,,,,,,
T003381,hannah.nowak22@outlook.com,2025-08-03,119,38.96,Hannah Nowak,1-905-677-6412,N,,,,,,,
T004212,hannah.nowak22@outlook.com,2025-10-03,111,90.95,Hannah Nowak,1-905-677-6412,N,,,,,,,
T000576,hannah.rodriguez220@icloud.com,2024-12-12,108,59.97,Hannah Rodriguez,1-416-892-9652,Y,L000221,Frequent,6631,Female,18,2007-11-10,Customer Service Rep
T001106,hannah.rodriguez220@icloud.com,2025-01-30,54,123.42,Hannah Rodriguez,1-416-892-9652,Y,L000221,Frequent,6631,Female,18,2007-11-10,Customer Service Rep
T002265,hannah.rodriguez220@icloud.com,2025-05-15,142,136.23,Hannah Rodriguez,1-416-892-9652,Y,L000221,Frequent,6631,Female,18,2007-11-10,Customer Service Rep
T002525,hannah.rodriguez220@icloud.com,2025-06-06,78,104.42,Hannah Rodriguez,1-416-892-9652,Y,L000221,Frequent,6631,Female,18,2007-11-10,Customer Service Rep
T002548,hannah.rodriguez220@icloud.com,2025-06-08,65,32.28,Hannah Rodriguez,1-416-892-9652,Y,L000221,Frequent,6631,Female,18,2007-11-10,Customer Service Rep
T003146,hannah.rodriguez220@icloud.com,2025-07-19,102,142.4,Hannah Rodriguez,1-416-892-9652,Y,L000221,Frequent,6631,Female,18,2007-11-10,Customer Service Rep
T003258,hannah.rodriguez220@icloud.com,2025-07-26,71,16.98,Hannah Rodriguez,1-416-892-9652,Y,L000221,Frequent,6631,Female,18,2007-11-10,Customer Service Rep
T003801,hannah.rodriguez220@icloud.com,2025-08-31,30,47.46,Hannah Rodriguez,1-416-892-9652,Y,L000221,Frequent,6631,Female,18,2007-11-10,Customer Service Rep
T000241,harper.chen291@hotmail.com,2024-11-18,140,55.95,Harper Chen,1-647-62-2450,Y,L000292,Frequent,6467,Female,23,2002-02-05,Project Manager
T000650,harper.chen291@hotmail.com,2024-12-17,72,93.94,Harper Chen,1-647-62-2450,Y,L000292,Frequent,6467,Female,23,2002-02-05,Project Manager
T001520,harper.chen291@hotmail.com,2025-03-13,79,19.29,Harper Chen,1-647-62-2450,Y,L000292,Frequent,6467,Female,23,2002-02-05,Project Manager
T002316,harper.chen291@hotmail.com,2025-05-18,138,51.47,Harper Chen,1-647-62-2450,Y,L000292,Frequent,6467,Female,23,2002-02-05,Project Manager
T002556,harper.chen291@hotmail.com,2025-06-08,99,12.99,Harper Chen,1-647-62-2450,Y,L000292,Frequent,6467,Female,23,2002-02-05,Project Manager
T003393,harper.chen291@hotmail.com,2025-08-04,69,149.41,Harper Chen,1-647-62-2450,Y,L000292,Frequent,6467,Female,23,2002-02-05,Project Manager
T003509,harper.chen291@hotmail.com,2025-08-12,87,63.24,Harper Chen,1-647-62-2450,Y,L000292,Frequent,6467,Female,23,2002-02-05,Project Manager
T003524,harper.chen291@hotmail.com,2025-08-13,145,116.29,Harper Chen,1-647-62-2450,Y,L000292,Frequent,6467,Female,23,2002-02-05,Project Manager
T003659,harper.chen291@hotmail.com,2025-08-23,105,48.93,Harper Chen,1-647-62-2450,Y,L000292,Frequent,6467,Female,23,2002-02-05,Project Manager
T004287,harper.chen291@hotmail.com,2025-10-09,132,35.25,Harper Chen,1-647-62-2450,Y,L000292,Frequent,6467,Female,23,2002-02-05,Project Manager
T000221,harper.ivanov327@hotmail.com,2024-11-16,103,102.44,Harper Ivanov,1-437-423-5650,Y,L000328,Very Frequent,9121,Female,28,1997-10-14,Teacher
T000404,harper.ivanov327@hotmail.com,2024-12-01,77,66.48,Harper Ivanov,1-437-423-5650,Y,L000328,Very Frequent,9121,Female,28,1997-10-14,Teacher
T001064,harper.ivanov327@hotmail.com,2025-01-24,157,95.78,Harper Ivanov,1-437-423-5650,Y,L000328,Very Frequent,9121,Female,28,1997-10-14,Teacher
T001129,harper.ivanov327@hotmail.com,2025-02-01,81,120.92,Harper Ivanov,1-437-423-5650,Y,L000328,Very Frequent,9121,Female,28,1997-10-14,Teacher
T001378,harper.ivanov327@hotmail.com,2025-02-28,130,111.42,Harper Ivanov,1-437-423-5650,Y,L000328,Very Frequent,9121,Female,28,1997-10-14,Teacher
T002038,harper.ivanov327@hotmail.com,2025-04-27,137,163.21,Harper Ivanov,1-437-423-5650,Y,L000328,Very Frequent,9121,Female,28,1997-10-14,Teacher
T002076,harper.ivanov327@hotmail.com,2025-04-29,30,51.46,Harper Ivanov,1-437-423-5650,Y,L000328,Very Frequent,9121,Female,28,1997-10-14,Teacher
T002145,harper.ivanov327@hotmail.com,2025-05-04,111,164.42,Harper Ivanov,1-437-423-5650,Y,L000328,Very Frequent,9121,Female,28,1997-10-14,Teacher
T002947,harper.ivanov327@hotmail.com,2025-07-04,113,35.97,Harper Ivanov,1-437-423-5650,Y,L000328,Very Frequent,9121,Female,28,1997-10-14,Teacher
T001040,harper.liu61@outlook.com,2025-01-21,73,124.97,Harper Liu,1-289-90-7476,Y,L000062,Very Frequent,9418,Female,43,1982-09-30,Marketing Specialist
T001313,harper.liu61@outlook.com,2025-02-21,108,94.94,Harper Liu,1-289-90-7476,Y,L000062,Very Frequent,9418,Female,43,1982-09-30,Marketing Specialist
T001330,harper.liu61@outlook.com,2025-02-23,48,142.7,Harper Liu,1-289-90-7476,Y,L000062,Very Frequent,9418,Female,43,1982-09-30,Marketing Specialist
T002093,harper.liu61@outlook.com,2025-05-01,101,52.97,Harper Liu,1-289-90-7476,Y,L000062,Very Frequent,9418,Female,43,1982-09-30,Marketing Specialist
T002114,harper.liu61@outlook.com,2025-05-03,59,172.52,Harper Liu,1-289-90-7476,Y,L000062,Very Frequent,9418,Female,43,1982-09-30,Marketing Specialist
T002419,harper.liu61@outlook.com,2025-05-28,147,89.93,Harper Liu,1-289-90-7476,Y,L000062,Very Frequent,9418,Female,43,1982-09-30,Marketing Specialist
T002859,harper.liu61@outlook.com,2025-06-28,38,8.49,Harper Liu,1-289-90-7476,Y,L000062,Very Frequent,9418,Female,43,1982-09-30,Marketing Specialist
T003433,harper.liu61@outlook.com,2025-08-07,48,46.46,Harper Liu,1-289-90-7476,Y,L000062,Very Frequent,9418,Female,43,1982-09-30,Marketing Specialist
T003805,harper.liu61@outlook.com,2025-08-31,154,74.96,Harper Liu,1-289-90-7476,Y,L000062,Very Frequent,9418,Female,43,1982-09-30,Marketing Specialist
T004174,harper.liu61@outlook.com,2025-09-30,119,46.98,Harper Liu,1-289-90-7476,Y,L000062,Very Frequent,9418,Female,43,1982-09-30,Marketing Specialist
T004295,harper.liu61@outlook.com,2025-10-10,120,81.93,Harper Liu,1-289-90-7476,Y,L000062,Very Frequent,9418,Female,43,1982-09-30,Marketing Specialist
T004372,harper.liu61@outlook.com,2025-10-18,166,4.99,Harper Liu,1-289-90-7476,Y,L000062,Very Frequent,9418,Female,43,1982-09-30,Marketing Specialist
T000159,harper.martinez292@yahoo.com,2024-11-10,113,18.49,Harper Martinez,1-905-185-6879,N,,,,,,,
T000307,harper.martinez292@yahoo.com,2024-11-24,87,65.96,Harper Martinez,1-905-185-6879,N,,,,,,,
T001119,harper.martinez292@yahoo.com,2025-01-31,57,31.48,Harper Martinez,1-905-185-6879,N,,,,,,,
T001624,harper.martinez292@yahoo.com,2025-03-22,106,75.46,Harper Martinez,1-905-185-6879,N,,,,,,,
T002563,harper.martinez292@yahoo.com,2025-06-08,97,151.91,Harper Martinez,1-905-185-6879,N,,,,,,,
T002643,harper.martinez292@yahoo.com,2025-06-14,114,103.0,Harper Martinez,1-905-185-6879,N,,,,,,,
T002855,harper.martinez292@yahoo.com,2025-06-28,101,43.97,Harper Martinez,1-905-185-6879,N,,,,,,,
T003086,harper.martinez292@yahoo.com,2025-07-15,136,103.21,Harper Martinez,1-905-185-6879,N,,,,,,,
T003339,harper.martinez292@yahoo.com,2025-08-01,84,44.43,Harper Martinez,1-905-185-6879,N,,,,,,,
T004176,harper.martinez292@yahoo.com,2025-09-30,72,68.48,Harper Martinez,1-905-185-6879,N,,,,,,,
T004267,harper.martinez292@yahoo.com,2025-10-07,71,92.43,Harper Martinez,1-905-185-6879,N,,,,,,,
T000013,harper.nguyen486@yahoo.com,2024-10-29,121,176.17,Harper Nguyen,1-437-860-3966,Y,L000487,Very Frequent,10062,Prefer not to say,35,1990-10-01,Marketing Specialist
T000331,harper.nguyen486@yahoo.com,2024-11-27,89,40.99,Harper Nguyen,1-437-860-3966,Y,L000487,Very Frequent,10062,Prefer not to say,35,1990-10-01,Marketing Specialist
T001034,harper.nguyen486@yahoo.com,2025-01-21,36,31.96,Harper Nguyen,1-437-860-3966,Y,L000487,Very Frequent,10062,Prefer not to say,35,1990-10-01,Marketing Specialist
T001394,harper.nguyen486@yahoo.com,2025-03-01,63,86.93,Harper Nguyen,1-437-860-3966,Y,L000487,Very Frequent,10062,Prefer not to say,35,1990-10-01,Marketing Specialist
T001608,harper.nguyen486@yahoo.com,2025-03-20,72,108.9,Harper Nguyen,1-437-860-3966,Y,L000487,Very Frequent,10062,Prefer not to say,35,1990-10-01,Marketing Specialist
T002462,harper.nguyen486@yahoo.com,2025-06-01,95,43.56,Harper Nguyen,1-437-860-3966,Y,L000487,Very Frequent,10062,Prefer not to say,35,1990-10-01,Marketing Specialist
T002864,harper.nguyen486@yahoo.com,2025-06-28,43,72.43,Harper Nguyen,1-437-860-3966,Y,L000487,Very Frequent,10062,Prefer not to say,35,1990-10-01,Marketing Specialist
T003277,harper.nguyen486@yahoo.com,2025-07-27,50,39.96,Harper Nguyen,1-437-860-3966,Y,L000487,Very Frequent,10062,Prefer not to say,35,1990-10-01,Marketing Specialist
T003384,harper.nguyen486@yahoo.com,2025-08-03,42,273.86,Harper Nguyen,1-437-860-3966,Y,L000487,Very Frequent,10062,Prefer not to say,35,1990-10-01,Marketing Specialist
T004385,harper.nguyen486@yahoo.com,2025-10-19,111,131.46,Harper Nguyen,1-437-860-3966,Y,L000487,Very Frequent,10062,Prefer not to say,35,1990-10-01,Marketing Specialist
T000220,harper.nowak5@outlook.com,2024-11-16,150,29.98,Harper Nowak,1-647-322-9661,N,,,,,,,
T000720,harper.nowak5@outlook.com,2024-12-22,48,16.97,Harper Nowak,1-647-322-9661,N,,,,,,,
T000820,harper.nowak5@outlook.com,2024-12-28,96,9.99,Harper Nowak,1-647-322-9661,N,,,,,,,
T001005,harper.nowak5@outlook.com,2025-01-18,66,59.27,Harper Nowak,1-647-322-9661,N,,,,,,,
T002283,harper.nowak5@outlook.com,2025-05-16,126,48.26,Harper Nowak,1-647-322-9661,N,,,,,,,
T003176,harper.nowak5@outlook.com,2025-07-21,86,52.46,Harper Nowak,1-647-322-9661,N,,,,,,,
T003930,harper.nowak5@outlook.com,2025-09-09,151,75.46,Harper Nowak,1-647-322-9661,N,,,,,,,
T000502,harper.singh329@outlook.com,2024-12-07,117,58.96,Harper Singh,1-647-178-8866,Y,L000330,Frequent,7472,Female,19,2006-08-04,Software Engineer
T001109,harper.singh329@outlook.com,2025-01-30,79,42.78,Harper Singh,1-647-178-8866,Y,L000330,Frequent,7472,Female,19,2006-08-04,Software Engineer
T001227,harper.singh329@outlook.com,2025-02-10,104,87.42,Harper Singh,1-647-178-8866,Y,L000330,Frequent,7472,Female,19,2006-08-04,Software Engineer
T002455,harper.singh329@outlook.com,2025-06-01,41,78.43,Harper Singh,1-647-178-8866,Y,L000330,Frequent,7472,Female,19,2006-08-04,Software Engineer
T002821,harper.singh329@outlook.com,2025-06-26,183,78.25,Harper Singh,1-647-178-8866,Y,L000330,Frequent,7472,Female,19,2006-08-04,Software Engineer
T002986,harper.singh329@outlook.com,2025-07-07,151,156.69,Harper Singh,1-647-178-8866,Y,L000330,Frequent,7472,Female,19,2006-08-04,Software Engineer
T003399,harper.singh329@outlook.com,2025-08-04,112,95.03,Harper Singh,1-647-178-8866,Y,L000330,Frequent,7472,Female,19,2006-08-04,Software Engineer
T003986,harper.singh329@outlook.com,2025-09-14,118,141.18,Harper Singh,1-647-178-8866,Y,L000330,Frequent,7472,Female,19,2006-08-04,Software Engineer
T004276,harper.singh329@outlook.com,2025-10-08,100,8.49,Harper Singh,1-647-178-8866,Y,L000330,Frequent,7472,Female,19,2006-08-04,Software Engineer
T001086,harper.tremblay30@gmail.com,2025-01-26,54,35.46,Harper Tremblay,1-437-762-7540,N,,,,,,,
T001521,harper.tremblay30@gmail.com,2025-03-13,71,49.47,Harper Tremblay,1-437-762-7540,N,,,,,,,
T002274,harper.tremblay30@gmail.com,2025-05-16,132,93.94,Harper Tremblay,1-437-762-7540,N,,,,,,,
T002758,harper.tremblay30@gmail.com,2025-06-21,126,28.98,Harper Tremblay,1-437-762-7540,N,,,,,,,
T003196,harper.tremblay30@gmail.com,2025-07-22,64,155.95,Harper Tremblay,1-437-762-7540,N,,,,,,,
T004045,harper.tremblay30@gmail.com,2025-09-20,53,107.93,Harper Tremblay,1-437-762-7540,N,,,,,,,
T004351,harper.tremblay30@gmail.com,2025-10-15,35,96.95,Harper Tremblay,1-437-762-7540,N,,,,,,,
T004450,harper.tremblay30@gmail.com,2025-10-25,118,76.94,Harper Tremblay,1-437-762-7540,N,,,,,,,
T000372,henry.brown105@yahoo.com,2024-11-30,126,23.47,Henry Brown,1-416-375-214,N,,,,,,,
T000429,henry.brown105@yahoo.com,2024-12-03,57,83.45,Henry Brown,1-416-375-214,N,,,,,,,
T000645,henry.brown105@yahoo.com,2024-12-16,85,80.51,Henry Brown,1-416-375-214,N,,,,,,,
T001376,henry.brown105@yahoo.com,2025-02-28,98,149.18,Henry Brown,1-416-375-214,N,,,,,,,
T001873,henry.brown105@yahoo.com,2025-04-12,101,10.47,Henry Brown,1-416-375-214,N,,,,,,,
T002290,henry.brown105@yahoo.com,2025-05-17,128,6.98,Henry Brown,1-416-375-214,N,,,,,,,
T002653,henry.brown105@yahoo.com,2025-06-14,86,274.65,Henry Brown,1-416-375-214,N,,,,,,,
T003148,henry.brown105@yahoo.com,2025-07-19,137,43.48,Henry Brown,1-416-375-214,N,,,,,,,
T003857,henry.brown105@yahoo.com,2025-09-03,78,27.28,Henry Brown,1-416-375-214,N,,,,,,,
T003987,henry.brown105@yahoo.com,2025-09-14,94,197.76,Henry Brown,1-416-375-214,N,,,,,,,
T004304,henry.brown105@yahoo.com,2025-10-11,97,57.74,Henry Brown,1-416-375-214,N,,,,,,,
T000986,henry.chow299@outlook.com,2025-01-16,49,5.98,Henry Chow,1-416-393-1311,N,,,,,,,
T001494,henry.chow299@outlook.com,2025-03-10,64,68.48,Henry Chow,1-416-393-1311,N,,,,,,,
T002062,henry.chow299@outlook.com,2025-04-28,100,105.52,Henry Chow,1-416-393-1311,N,,,,,,,
T002880,henry.chow299@outlook.com,2025-06-29,105,76.44,Henry Chow,1-416-393-1311,N,,,,,,,
T003332,henry.chow299@outlook.com,2025-07-31,76,27.97,Henry Chow,1-416-393-1311,N,,,,,,,
T003529,henry.chow299@outlook.com,2025-08-14,135,95.93,Henry Chow,1-416-393-1311,N,,,,,,,
T003655,henry.chow299@outlook.com,2025-08-23,73,41.97,Henry Chow,1-416-393-1311,N,,,,,,,
T004130,henry.chow299@outlook.com,2025-09-27,122,100.45,Henry Chow,1-416-393-1311,N,,,,,,,
T004464,henry.chow299@outlook.com,2025-10-26,104,80.95,Henry Chow,1-416-393-1311,N,,,,,,,
T000183,henry.kowalski314@yahoo.com,2024-11-12,83,63.93,Henry Kowalski,1-647-981-4949,Y,L000315,Frequent,7229,Male,27,1998-04-23,Software Engineer
T001108,henry.kowalski314@yahoo.com,2025-01-30,83,115.47,Henry Kowalski,1-647-981-4949,Y,L000315,Frequent,7229,Male,27,1998-04-23,Software Engineer
T002200,henry.kowalski314@yahoo.com,2025-05-09,152,66.46,Henry Kowalski,1-647-981-4949,Y,L000315,Frequent,7229,Male,27,1998-04-23,Software Engineer
T002662,henry.kowalski314@yahoo.com,2025-06-15,87,108.92,Henry Kowalski,1-647-981-4949,Y,L000315,Frequent,7229,Male,27,1998-04-23,Software Engineer
T002749,henry.kowalski314@yahoo.com,2025-06-21,44,71.94,Henry Kowalski,1-647-981-4949,Y,L000315,Frequent,7229,Male,27,1998-04-23,Software Engineer
T003467,henry.kowalski314@yahoo.com,2025-08-10,37,221.66,Henry Kowalski,1-647-981-4949,Y,L000315,Frequent,7229,Male,27,1998-04-23,Software Engineer
T004352,henry.kowalski314@yahoo.com,2025-10-15,62,74.55,Henry Kowalski,1-647-981-4949,Y,L000315,Frequent,7229,Male,27,1998-04-23,Software Engineer
T000091,henry.lam334@gmail.com,2024-11-05,110,185.15,Henry Lam,1-365-590-8583,Y,L000335,Frequent,5452,Male,23,2002-12-23,Product Manager
T001128,henry.lam334@gmail.com,2025-02-01,87,93.73,Henry Lam,1-365-590-8583,Y,L000335,Frequent,5452,Male,23,2002-12-23,Product Manager
T001248,henry.lam334@gmail.com,2025-02-13,97,12.49,Henry Lam,1-365-590-8583,Y,L000335,Frequent,5452,Male,23,2002-12-23,Product Manager
T001267,henry.lam334@gmail.com,2025-02-16,105,43.97,Henry Lam,1-365-590-8583,Y,L000335,Frequent,5452,Male,23,2002-12-23,Product Manager
T002081,henry.lam334@gmail.com,2025-04-29,96,3.49,Henry Lam,1-365-590-8583,Y,L000335,Frequent,5452,Male,23,2002-12-23,Product Manager
T003431,henry.lam334@gmail.com,2025-08-07,192,120.02,Henry Lam,1-365-590-8583,Y,L000335,Frequent,5452,Male,23,2002-12-23,Product Manager
T003752,henry.lam334@gmail.com,2025-08-28,61,45.47,Henry Lam,1-365-590-8583,Y,L000335,Frequent,5452,Male,23,2002-12-23,Product Manager
T004446,henry.lam334@gmail.com,2025-10-25,136,40.96,Henry Lam,1-365-590-8583,Y,L000335,Frequent,5452,Male,23,2002-12-23,Product Manager
T000144,henry.lin68@hotmail.com,2024-11-09,111,99.42,Henry Lin,1-289-567-3925,Y,L000069,Frequent,5985,Male,42,1983-09-02,Sales Associate
T000719,henry.lin68@hotmail.com,2024-12-22,57,44.95,Henry Lin,1-289-567-3925,Y,L000069,Frequent,5985,Male,42,1983-09-02,Sales Associate
T001345,henry.lin68@hotmail.com,2025-02-24,126,106.23,Henry Lin,1-289-567-3925,Y,L000069,Frequent,5985,Male,42,1983-09-02,Sales Associate
T002478,henry.lin68@hotmail.com,2025-06-02,101,41.47,Henry Lin,1-289-567-3925,Y,L000069,Frequent,5985,Male,42,1983-09-02,Sales Associate
T002549,henry.lin68@hotmail.com,2025-06-08,118,64.74,Henry Lin,1-289-567-3925,Y,L000069,Frequent,5985,Male,42,1983-09-02,Sales Associate
T003066,henry.lin68@hotmail.com,2025-07-13,151,130.79,Henry Lin,1-289-567-3925,Y,L000069,Frequent,5985,Male,42,1983-09-02,Sales Associate
T003178,henry.lin68@hotmail.com,2025-07-21,85,110.91,Henry Lin,1-289-567-3925,Y,L000069,Frequent,5985,Male,42,1983-09-02,Sales Associate
T000298,henry.martin143@yahoo.com,2024-11-23,97,18.98,Henry Martin,1-905-660-8456,Y,L000144,Frequent,7066,Male,41,1984-01-27,Consultant
T000792,henry.martin143@yahoo.com,2024-12-27,92,94.52,Henry Martin,1-905-660-8456,Y,L000144,Frequent,7066,Male,41,1984-01-27,Consultant
T000871,henry.martin143@yahoo.com,2025-01-01,136,55.55,Henry Martin,1-905-660-8456,Y,L000144,Frequent,7066,Male,41,1984-01-27,Consultant
T001522,henry.martin143@yahoo.com,2025-03-13,110,24.97,Henry Martin,1-905-660-8456,Y,L000144,Frequent,7066,Male,41,1984-01-27,Consultant
T003254,henry.martin143@yahoo.com,2025-07-26,118,192.43,Henry Martin,1-905-660-8456,Y,L000144,Frequent,7066,Male,41,1984-01-27,Consultant
T003977,henry.martin143@yahoo.com,2025-09-14,96,82.74,Henry Martin,1-905-660-8456,Y,L000144,Frequent,7066,Male,41,1984-01-27,Consultant
T004483,henry.martin143@yahoo.com,2025-10-27,99,237.49,Henry Martin,1-905-660-8456,Y,L000144,Frequent,7066,Male,41,1984-01-27,Consultant
T000383,henry.park477@hotmail.com,2024-11-30,97,87.94,Henry Park,1-437-335-396,Y,L000478,Very Frequent,8157,Male,44,1981-05-09,Product Manager
T001131,henry.park477@hotmail.com,2025-02-01,86,81.72,Henry Park,1-437-335-396,Y,L000478,Very Frequent,8157,Male,44,1981-05-09,Product Manager
T001672,henry.park477@hotmail.com,2025-03-26,87,144.91,Henry Park,1-437-335-396,Y,L000478,Very Frequent,8157,Male,44,1981-05-09,Product Manager
T001786,henry.park477@hotmail.com,2025-04-05,116,116.43,Henry Park,1-437-335-396,Y,L000478,Very Frequent,8157,Male,44,1981-05-09,Product Manager
T002030,henry.park477@hotmail.com,2025-04-26,78,111.4,Henry Park,1-437-335-396,Y,L000478,Very Frequent,8157,Male,44,1981-05-09,Product Manager
T002858,henry.park477@hotmail.com,2025-06-28,57,54.46,Henry Park,1-437-335-396,Y,L000478,Very Frequent,8157,Male,44,1981-05-09,Product Manager
T004451,henry.park477@hotmail.com,2025-10-25,70,218.88,Henry Park,1-437-335-396,Y,L000478,Very Frequent,8157,Male,44,1981-05-09,Product Manager
T000086,henry.roy106@hotmail.com,2024-11-05,113,115.22,Henry Roy,1-905-751-5907,Y,L000107,Frequent,7656,Female,21,2004-04-08,Nurse
T000208,henry.roy106@hotmail.com,2024-11-15,89,178.4,Henry Roy,1-905-751-5907,Y,L000107,Frequent,7656,Female,21,2004-04-08,Nurse
T000286,henry.roy106@hotmail.com,2024-11-22,97,71.26,Henry Roy,1-905-751-5907,Y,L000107,Frequent,7656,Female,21,2004-04-08,Nurse
T000572,henry.roy106@hotmail.com,2024-12-12,98,22.47,Henry Roy,1-905-751-5907,Y,L000107,Frequent,7656,Female,21,2004-04-08,Nurse
T001420,henry.roy106@hotmail.com,2025-03-03,75,43.47,Henry Roy,1-905-751-5907,Y,L000107,Frequent,7656,Female,21,2004-04-08,Nurse
T001664,henry.roy106@hotmail.com,2025-03-25,69,80.94,Henry Roy,1-905-751-5907,Y,L000107,Frequent,7656,Female,21,2004-04-08,Nurse
T002023,henry.roy106@hotmail.com,2025-04-25,111,68.45,Henry Roy,1-905-751-5907,Y,L000107,Frequent,7656,Female,21,2004-04-08,Nurse
T003422,henry.roy106@hotmail.com,2025-08-06,41,39.47,Henry Roy,1-905-751-5907,Y,L000107,Frequent,7656,Female,21,2004-04-08,Nurse
T003762,henry.roy106@hotmail.com,2025-08-29,66,145.94,Henry Roy,1-905-751-5907,Y,L000107,Frequent,7656,Female,21,2004-04-08,Nurse
T002058,henry.singh421@gmail.com,2025-04-28,116,20.97,Henry Singh,1-905-696-2395,Y,L000422,Frequent,7385,Non-binary,18,2007-02-13,Product Manager
T002176,henry.singh421@gmail.com,2025-05-07,104,51.44,Henry Singh,1-905-696-2395,Y,L000422,Frequent,7385,Non-binary,18,2007-02-13,Product Manager
T002708,henry.singh421@gmail.com,2025-06-18,82,12.49,Henry Singh,1-905-696-2395,Y,L000422,Frequent,7385,Non-binary,18,2007-02-13,Product Manager
T002740,henry.singh421@gmail.com,2025-06-20,144,96.43,Henry Singh,1-905-696-2395,Y,L000422,Frequent,7385,Non-binary,18,2007-02-13,Product Manager
T002783,henry.singh421@gmail.com,2025-06-23,151,64.76,Henry Singh,1-905-696-2395,Y,L000422,Frequent,7385,Non-binary,18,2007-02-13,Product Manager
T002971,henry.singh421@gmail.com,2025-07-06,132,123.43,Henry Singh,1-905-696-2395,Y,L000422,Frequent,7385,Non-binary,18,2007-02-13,Product Manager
T002993,henry.singh421@gmail.com,2025-07-08,114,3.49,Henry Singh,1-905-696-2395,Y,L000422,Frequent,7385,Non-binary,18,2007-02-13,Product Manager
T003151,henry.singh421@gmail.com,2025-07-19,148,104.21,Henry Singh,1-905-696-2395,Y,L000422,Frequent,7385,Non-binary,18,2007-02-13,Product Manager
T003327,henry.singh421@gmail.com,2025-07-31,100,34.98,Henry Singh,1-905-696-2395,Y,L000422,Frequent,7385,Non-binary,18,2007-02-13,Product Manager
T003848,henry.singh421@gmail.com,2025-09-03,135,107.45,Henry Singh,1-905-696-2395,Y,L000422,Frequent,7385,Non-binary,18,2007-02-13,Product Manager
T004099,henry.singh421@gmail.com,2025-09-24,121,72.43,Henry Singh,1-905-696-2395,Y,L000422,Frequent,7385,Non-binary,18,2007-02-13,Product Manager
T004142,henry.singh421@gmail.com,2025-09-27,97,46.47,Henry Singh,1-905-696-2395,Y,L000422,Frequent,7385,Non-binary,18,2007-02-13,Product Manager
T000184,henry.smith288@gmail.com,2024-11-12,114,135.17,Henry Smith,1-647-183-6652,Y,L000289,Frequent,6588,Male,21,2004-07-01,Teacher
T000844,henry.smith288@gmail.com,2024-12-30,118,202.48,Henry Smith,1-647-183-6652,Y,L000289,Frequent,6588,Male,21,2004-07-01,Teacher
T003329,henry.smith288@gmail.com,2025-07-31,122,96.48,Henry Smith,1-647-183-6652,Y,L000289,Frequent,6588,Male,21,2004-07-01,Teacher
T003459,henry.smith288@gmail.com,2025-08-09,153,53.98,Henry Smith,1-647-183-6652,Y,L000289,Frequent,6588,Male,21,2004-07-01,Teacher
T004472,henry.smith288@gmail.com,2025-10-26,113,170.74,Henry Smith,1-647-183-6652,Y,L000289,Frequent,6588,Male,21,2004-07-01,Teacher
T000391,henry.white239@outlook.com,2024-12-01,83,121.44,Henry White,1-437-375-3074,Y,L000240,Frequent,5677,Male,39,1986-03-10,Nurse
T000497,henry.white239@outlook.com,2024-12-07,80,20.98,Henry White,1-437-375-3074,Y,L000240,Frequent,5677,Male,39,1986-03-10,Nurse
T001060,henry.white239@outlook.com,2025-01-24,85,56.48,Henry White,1-437-375-3074,Y,L000240,Frequent,5677,Male,39,1986-03-10,Nurse
T002743,henry.white239@outlook.com,2025-06-21,30,111.42,Henry White,1-437-375-3074,Y,L000240,Frequent,5677,Male,39,1986-03-10,Nurse
T003237,henry.white239@outlook.com,2025-07-25,110,81.94,Henry White,1-437-375-3074,Y,L000240,Frequent,5677,Male,39,1986-03-10,Nurse
T003297,henry.white239@outlook.com,2025-07-28,127,122.43,Henry White,1-437-375-3074,Y,L000240,Frequent,5677,Male,39,1986-03-10,Nurse
T003492,henry.white239@outlook.com,2025-08-11,103,21.56,Henry White,1-437-375-3074,Y,L000240,Frequent,5677,Male,39,1986-03-10,Nurse
T003740,henry.white239@outlook.com,2025-08-28,151,31.48,Henry White,1-437-375-3074,Y,L000240,Frequent,5677,Male,39,1986-03-10,Nurse
T000322,henry.zhang139@gmail.com,2024-11-25,107,66.46,Henry Zhang,1-647-291-4924,Y,L000140,Frequent,7972,Female,34,1991-09-28,Graphic Designer
T000418,henry.zhang139@gmail.com,2024-12-02,111,35.97,Henry Zhang,1-647-291-4924,Y,L000140,Frequent,7972,Female,34,1991-09-28,Graphic Designer
T000978,henry.zhang139@gmail.com,2025-01-15,171,65.98,Henry Zhang,1-647-291-4924,Y,L000140,Frequent,7972,Female,34,1991-09-28,Graphic Designer
T002040,henry.zhang139@gmail.com,2025-04-27,111,113.68,Henry Zhang,1-647-291-4924,Y,L000140,Frequent,7972,Female,34,1991-09-28,Graphic Designer
T002134,henry.zhang139@gmail.com,2025-05-04,30,51.47,Henry Zhang,1-647-291-4924,Y,L000140,Frequent,7972,Female,34,1991-09-28,Graphic Designer
T002451,henry.zhang139@gmail.com,2025-05-31,135,117.47,Henry Zhang,1-647-291-4924,Y,L000140,Frequent,7972,Female,34,1991-09-28,Graphic Designer
T002696,henry.zhang139@gmail.com,2025-06-17,139,127.4,Henry Zhang,1-647-291-4924,Y,L000140,Frequent,7972,Female,34,1991-09-28,Graphic Designer
T002811,henry.zhang139@gmail.com,2025-06-25,104,33.27,Henry Zhang,1-647-291-4924,Y,L000140,Frequent,7972,Female,34,1991-09-28,Graphic Designer
T003328,henry.zhang139@gmail.com,2025-07-31,91,59.74,Henry Zhang,1-647-291-4924,Y,L000140,Frequent,7972,Female,34,1991-09-28,Graphic Designer
T004454,henry.zhang139@gmail.com,2025-10-25,101,125.79,Henry Zhang,1-647-291-4924,Y,L000140,Frequent,7972,Female,34,1991-09-28,Graphic Designer
T000482,isabella.gonzalez414@gmail.com,2024-12-06,59,69.95,Isabella Gonzalez,1-289-39-6575,Y,L000415,Very Frequent,9977,Non-binary,21,2004-02-24,HR Coordinator
T000631,isabella.gonzalez414@gmail.com,2024-12-15,102,145.37,Isabella Gonzalez,1-289-39-6575,Y,L000415,Very Frequent,9977,Non-binary,21,2004-02-24,HR Coordinator
T000855,isabella.gonzalez414@gmail.com,2024-12-31,160,32.98,Isabella Gonzalez,1-289-39-6575,Y,L000415,Very Frequent,9977,Non-binary,21,2004-02-24,HR Coordinator
T001593,isabella.gonzalez414@gmail.com,2025-03-19,94,54.97,Isabella Gonzalez,1-289-39-6575,Y,L000415,Very Frequent,9977,Non-binary,21,2004-02-24,HR Coordinator
T001750,isabella.gonzalez414@gmail.com,2025-04-01,132,90.94,Isabella Gonzalez,1-289-39-6575,Y,L000415,Very Frequent,9977,Non-binary,21,2004-02-24,HR Coordinator
T002517,isabella.gonzalez414@gmail.com,2025-06-05,176,58.96,Isabella Gonzalez,1-289-39-6575,Y,L000415,Very Frequent,9977,Non-binary,21,2004-02-24,HR Coordinator
T002591,isabella.gonzalez414@gmail.com,2025-06-10,122,123.32,Isabella Gonzalez,1-289-39-6575,Y,L000415,Very Frequent,9977,Non-binary,21,2004-02-24,HR Coordinator
T002748,isabella.gonzalez414@gmail.com,2025-06-21,139,142.39,Isabella Gonzalez,1-289-39-6575,Y,L000415,Very Frequent,9977,Non-binary,21,2004-02-24,HR Coordinator
T003212,isabella.gonzalez414@gmail.com,2025-07-23,46,75.94,Isabella Gonzalez,1-289-39-6575,Y,L000415,Very Frequent,9977,Non-binary,21,2004-02-24,HR Coordinator
T003563,isabella.gonzalez414@gmail.com,2025-08-16,44,67.45,Isabella Gonzalez,1-289-39-6575,Y,L000415,Very Frequent,9977,Non-binary,21,2004-02-24,HR Coordinator
T003888,isabella.gonzalez414@gmail.com,2025-09-06,106,135.44,Isabella Gonzalez,1-289-39-6575,Y,L000415,Very Frequent,9977,Non-binary,21,2004-02-24,HR Coordinator
T001540,isabella.park487@yahoo.com,2025-03-15,95,84.45,Isabella Park,1-289-199-3521,Y,L000488,Very Frequent,10529,Prefer not to say,18,2007-05-09,Graphic Designer
T001778,isabella.park487@yahoo.com,2025-04-04,132,52.47,Isabella Park,1-289-199-3521,Y,L000488,Very Frequent,10529,Prefer not to say,18,2007-05-09,Graphic Designer
T002203,isabella.park487@yahoo.com,2025-05-10,70,34.98,Isabella Park,1-289-199-3521,Y,L000488,Very Frequent,10529,Prefer not to say,18,2007-05-09,Graphic Designer
T002522,isabella.park487@yahoo.com,2025-06-06,163,76.47,Isabella Park,1-289-199-3521,Y,L000488,Very Frequent,10529,Prefer not to say,18,2007-05-09,Graphic Designer
T003360,isabella.park487@yahoo.com,2025-08-02,46,54.96,Isabella Park,1-289-199-3521,Y,L000488,Very Frequent,10529,Prefer not to say,18,2007-05-09,Graphic Designer
T003407,isabella.park487@yahoo.com,2025-08-05,91,312.35,Isabella Park,1-289-199-3521,Y,L000488,Very Frequent,10529,Prefer not to say,18,2007-05-09,Graphic Designer
T003919,isabella.park487@yahoo.com,2025-09-07,55,147.91,Isabella Park,1-289-199-3521,Y,L000488,Very Frequent,10529,Prefer not to say,18,2007-05-09,Graphic Designer
T004168,isabella.park487@yahoo.com,2025-09-29,123,153.42,Isabella Park,1-289-199-3521,Y,L000488,Very Frequent,10529,Prefer not to say,18,2007-05-09,Graphic Designer
T004347,isabella.park487@yahoo.com,2025-10-14,103,69.96,Isabella Park,1-289-199-3521,Y,L000488,Very Frequent,10529,Prefer not to say,18,2007-05-09,Graphic Designer
T004432,isabella.park487@yahoo.com,2025-10-24,117,65.98,Isabella Park,1-289-199-3521,Y,L000488,Very Frequent,10529,Prefer not to say,18,2007-05-09,Graphic Designer
T000423,isabella.tremblay7@outlook.com,2024-12-02,150,112.92,Isabella Tremblay,1-905-229-8363,N,,,,,,,
T000875,isabella.tremblay7@outlook.com,2025-01-02,111,58.46,Isabella Tremblay,1-905-229-8363,N,,,,,,,
T001278,isabella.tremblay7@outlook.com,2025-02-17,72,111.41,Isabella Tremblay,1-905-229-8363,N,,,,,,,
T001561,isabella.tremblay7@outlook.com,2025-03-16,140,126.17,Isabella Tremblay,1-905-229-8363,N,,,,,,,
T002322,isabella.tremblay7@outlook.com,2025-05-19,142,77.47,Isabella Tremblay,1-905-229-8363,N,,,,,,,
T003120,isabella.tremblay7@outlook.com,2025-07-18,128,4.99,Isabella Tremblay,1-905-229-8363,N,,,,,,,
T003611,isabella.tremblay7@outlook.com,2025-08-20,97,59.74,Isabella Tremblay,1-905-229-8363,N,,,,,,,
T000435,isabella.white72@outlook.com,2024-12-03,156,109.44,Isabella White,1-647-13-7521,N,,,,,,,
T000785,isabella.white72@outlook.com,2024-12-27,104,156.94,Isabella White,1-647-13-7521,N,,,,,,,
T001265,isabella.white72@outlook.com,2025-02-16,67,52.93,Isabella White,1-647-13-7521,N,,,,,,,
T001332,isabella.white72@outlook.com,2025-02-23,104,17.97,Isabella White,1-647-13-7521,N,,,,,,,
T002247,isabella.white72@outlook.com,2025-05-13,89,34.98,Isabella White,1-647-13-7521,N,,,,,,,
T003244,isabella.white72@outlook.com,2025-07-25,105,183.89,Isabella White,1-647-13-7521,N,,,,,,,
T004191,isabella.white72@outlook.com,2025-10-02,79,31.77,Isabella White,1-647-13-7521,N,,,,,,,
T004363,isabella.white72@outlook.com,2025-10-17,55,126.7,Isabella White,1-647-13-7521,N,,,,,,,
T004425,isabella.white72@outlook.com,2025-10-23,155,142.86,Isabella White,1-647-13-7521,N,,,,,,,
T000276,jack.anderson427@hotmail.com,2024-11-21,77,76.96,Jack Anderson,1-416-646-253,N,,,,,,,
T001032,jack.anderson427@hotmail.com,2025-01-21,150,51.97,Jack Anderson,1-416-646-253,N,,,,,,,
T001232,jack.anderson427@hotmail.com,2025-02-11,134,129.96,Jack Anderson,1-416-646-253,N,,,,,,,
T001290,jack.anderson427@hotmail.com,2025-02-17,79,83.1,Jack Anderson,1-416-646-253,N,,,,,,,
T001308,jack.anderson427@hotmail.com,2025-02-20,105,70.95,Jack Anderson,1-416-646-253,N,,,,,,,
T001802,jack.anderson427@hotmail.com,2025-04-06,133,21.49,Jack Anderson,1-416-646-253,N,,,,,,,
T002018,jack.anderson427@hotmail.com,2025-04-25,75,55.75,Jack Anderson,1-416-646-253,N,,,,,,,
T002061,jack.anderson427@hotmail.com,2025-04-28,118,140.91,Jack Anderson,1-416-646-253,N,,,,,,,
T002077,jack.anderson427@hotmail.com,2025-04-29,132,116.13,Jack Anderson,1-416-646-253,N,,,,,,,
T002353,jack.anderson427@hotmail.com,2025-05-22,60,56.96,Jack Anderson,1-416-646-253,N,,,,,,,
T003084,jack.anderson427@hotmail.com,2025-07-14,160,65.98,Jack Anderson,1-416-646-253,N,,,,,,,
T003253,jack.anderson427@hotmail.com,2025-07-26,94,177.92,Jack Anderson,1-416-646-253,N,,,,,,,
T003323,jack.anderson427@hotmail.com,2025-07-30,121,173.44,Jack Anderson,1-416-646-253,N,,,,,,,
T003887,jack.anderson427@hotmail.com,2025-09-06,88,29.98,Jack Anderson,1-416-646-253,N,,,,,,,
T004224,jack.anderson427@hotmail.com,2025-10-04,120,33.96,Jack Anderson,1-416-646-253,N,,,,,,,
T000097,jack.brown341@yahoo.com,2024-11-06,151,44.78,Jack Brown,1-647-717-5136,N,,,,,,,
T001072,jack.brown341@yahoo.com,2025-01-25,81,139.79,Jack Brown,1-647-717-5136,N,,,,,,,
T001249,jack.brown341@yahoo.com,2025-02-13,107,194.68,Jack Brown,1-647-717-5136,N,,,,,,,
T001859,jack.brown341@yahoo.com,2025-04-11,146,90.97,Jack Brown,1-647-717-5136,N,,,,,,,
T001918,jack.brown341@yahoo.com,2025-04-16,81,100.93,Jack Brown,1-647-717-5136,N,,,,,,,
T001980,jack.brown341@yahoo.com,2025-04-21,50,63.95,Jack Brown,1-647-717-5136,N,,,,,,,
T002282,jack.brown341@yahoo.com,2025-05-16,76,29.97,Jack Brown,1-647-717-5136,N,,,,,,,
T002460,jack.brown341@yahoo.com,2025-06-01,161,79.47,Jack Brown,1-647-717-5136,N,,,,,,,
T002659,jack.brown341@yahoo.com,2025-06-15,164,177.32,Jack Brown,1-647-717-5136,N,,,,,,,
T003767,jack.brown341@yahoo.com,2025-08-29,112,119.92,Jack Brown,1-647-717-5136,N,,,,,,,
T004082,jack.brown341@yahoo.com,2025-09-23,106,83.95,Jack Brown,1-647-717-5136,N,,,,,,,
T004236,jack.brown341@yahoo.com,2025-10-05,125,35.48,Jack Brown,1-647-717-5136,N,,,,,,,
T001212,jack.garcia224@gmail.com,2025-02-09,46,33.96,Jack Garcia,1-365-294-3946,Y,L000225,Frequent,5257,Male,18,2007-03-26,Student
T001340,jack.garcia224@gmail.com,2025-02-23,30,35.97,Jack Garcia,1-365-294-3946,Y,L000225,Frequent,5257,Male,18,2007-03-26,Student
T002414,jack.garcia224@gmail.com,2025-05-28,86,133.4,Jack Garcia,1-365-294-3946,Y,L000225,Frequent,5257,Male,18,2007-03-26,Student
T002980,jack.garcia224@gmail.com,2025-07-07,98,32.48,Jack Garcia,1-365-294-3946,Y,L000225,Frequent,5257,Male,18,2007-03-26,Student
T003726,jack.garcia224@gmail.com,2025-08-27,107,192.11,Jack Garcia,1-365-294-3946,Y,L000225,Frequent,5257,Male,18,2007-03-26,Student
T003832,jack.garcia224@gmail.com,2025-09-02,96,46.42,Jack Garcia,1-365-294-3946,Y,L000225,Frequent,5257,Male,18,2007-03-26,Student
T003880,jack.garcia224@gmail.com,2025-09-05,117,51.44,Jack Garcia,1-365-294-3946,Y,L000225,Frequent,5257,Male,18,2007-03-26,Student
T000122,jack.gonzalez233@gmail.com,2024-11-08,146,70.46,Jack Gonzalez,1-289-191-7079,Y,L000234,Frequent,4365,Male,41,1984-06-24,Accountant
T000499,jack.gonzalez233@gmail.com,2024-12-07,131,88.45,Jack Gonzalez,1-289-191-7079,Y,L000234,Frequent,4365,Male,41,1984-06-24,Accountant
T000738,jack.gonzalez233@gmail.com,2024-12-24,53,4.99,Jack Gonzalez,1-289-191-7079,Y,L000234,Frequent,4365,Male,41,1984-06-24,Accountant
T001287,jack.gonzalez233@gmail.com,2025-02-17,124,43.45,Jack Gonzalez,1-289-191-7079,Y,L000234,Frequent,4365,Male,41,1984-06-24,Accountant
T001843,jack.gonzalez233@gmail.com,2025-04-09,95,116.68,Jack Gonzalez,1-289-191-7079,Y,L000234,Frequent,4365,Male,41,1984-06-24,Accountant
T002383,jack.gonzalez233@gmail.com,2025-05-25,217,102.52,Jack Gonzalez,1-289-191-7079,Y,L000234,Frequent,4365,Male,41,1984-06-24,Accountant
T004159,jack.gonzalez233@gmail.com,2025-09-28,73,9.98,Jack Gonzalez,1-289-191-7079,Y,L000234,Frequent,4365,Male,41,1984-06-24,Accountant
T000992,jack.khan123@outlook.com,2025-01-17,94,24.98,Jack Khan,1-647-315-1593,Y,L000124,Frequent,5275,Male,36,1989-11-18,Consultant
T001600,jack.khan123@outlook.com,2025-03-20,109,53.93,Jack Khan,1-647-315-1593,Y,L000124,Frequent,5275,Male,36,1989-11-18,Consultant
T002314,jack.khan123@outlook.com,2025-05-18,133,124.9,Jack Khan,1-647-315-1593,Y,L000124,Frequent,5275,Male,36,1989-11-18,Consultant
T002764,jack.khan123@outlook.com,2025-06-22,111,16.48,Jack Khan,1-647-315-1593,Y,L000124,Frequent,5275,Male,36,1989-11-18,Consultant
T003626,jack.khan123@outlook.com,2025-08-21,44,127.44,Jack Khan,1-647-315-1593,Y,L000124,Frequent,5275,Male,36,1989-11-18,Consultant
T004036,jack.khan123@outlook.com,2025-09-20,123,179.86,Jack Khan,1-647-315-1593,Y,L000124,Frequent,5275,Male,36,1989-11-18,Consultant
T000526,jack.khan166@hotmail.com,2024-12-09,139,113.41,Jack Khan,1-416-614-4318,N,,,,,,,
T000551,jack.khan166@hotmail.com,2024-12-11,109,126.4,Jack Khan,1-416-614-4318,N,,,,,,,
T000599,jack.khan166@hotmail.com,2024-12-14,161,80.23,Jack Khan,1-416-614-4318,N,,,,,,,
T001312,jack.khan166@hotmail.com,2025-02-21,104,41.74,Jack Khan,1-416-614-4318,N,,,,,,,
T001471,jack.khan166@hotmail.com,2025-03-09,103,20.48,Jack Khan,1-416-614-4318,N,,,,,,,
T001477,jack.khan166@hotmail.com,2025-03-09,72,56.47,Jack Khan,1-416-614-4318,N,,,,,,,
T001481,jack.khan166@hotmail.com,2025-03-10,90,108.44,Jack Khan,1-416-614-4318,N,,,,,,,
T002625,jack.khan166@hotmail.com,2025-06-13,110,98.31,Jack Khan,1-416-614-4318,N,,,,,,,
T003386,jack.khan166@hotmail.com,2025-08-03,109,47.95,Jack Khan,1-416-614-4318,N,,,,,,,
T004241,jack.khan166@hotmail.com,2025-10-05,63,86.94,Jack Khan,1-416-614-4318,N,,,,,,,
T004354,jack.khan166@hotmail.com,2025-10-16,48,115.94,Jack Khan,1-416-614-4318,N,,,,,,,
T001003,jack.lam160@icloud.com,2025-01-18,120,176.96,Jack Lam,1-905-780-9646,Y,L000161,Very Frequent,9107,Male,36,1989-11-06,Accountant
T002363,jack.lam160@icloud.com,2025-05-24,128,113.92,Jack Lam,1-905-780-9646,Y,L000161,Very Frequent,9107,Male,36,1989-11-06,Accountant
T002716,jack.lam160@icloud.com,2025-06-18,73,76.96,Jack Lam,1-905-780-9646,Y,L000161,Very Frequent,9107,Male,36,1989-11-06,Accountant
T002833,jack.lam160@icloud.com,2025-06-27,99,32.48,Jack Lam,1-905-780-9646,Y,L000161,Very Frequent,9107,Male,36,1989-11-06,Accountant
T002877,jack.lam160@icloud.com,2025-06-29,76,77.94,Jack Lam,1-905-780-9646,Y,L000161,Very Frequent,9107,Male,36,1989-11-06,Accountant
T003041,jack.lam160@icloud.com,2025-07-12,96,42.77,Jack Lam,1-905-780-9646,Y,L000161,Very Frequent,9107,Male,36,1989-11-06,Accountant
T003247,jack.lam160@icloud.com,2025-07-26,130,138.94,Jack Lam,1-905-780-9646,Y,L000161,Very Frequent,9107,Male,36,1989-11-06,Accountant
T003269,jack.lam160@icloud.com,2025-07-27,140,142.87,Jack Lam,1-905-780-9646,Y,L000161,Very Frequent,9107,Male,36,1989-11-06,Accountant
T003549,jack.lam160@icloud.com,2025-08-15,106,89.95,Jack Lam,1-905-780-9646,Y,L000161,Very Frequent,9107,Male,36,1989-11-06,Accountant
T003972,jack.lam160@icloud.com,2025-09-13,47,17.98,Jack Lam,1-905-780-9646,Y,L000161,Very Frequent,9107,Male,36,1989-11-06,Accountant
T000195,jack.liu119@gmail.com,2024-11-14,119,85.44,Jack Liu,1-416-297-7214,N,,,,,,,
T000942,jack.liu119@gmail.com,2025-01-11,108,127.93,Jack Liu,1-416-297-7214,N,,,,,,,
T001260,jack.liu119@gmail.com,2025-02-15,81,50.03,Jack Liu,1-416-297-7214,N,,,,,,,
T002440,jack.liu119@gmail.com,2025-05-31,89,139.21,Jack Liu,1-416-297-7214,N,,,,,,,
T004078,jack.liu119@gmail.com,2025-09-22,122,110.91,Jack Liu,1-416-297-7214,N,,,,,,,
T004249,jack.liu119@gmail.com,2025-10-06,83,39.48,Jack Liu,1-416-297-7214,N,,,,,,,
T004398,jack.liu119@gmail.com,2025-10-20,113,42.97,Jack Liu,1-416-297-7214,N,,,,,,,
T000474,jack.lopez182@yahoo.com,2024-12-06,70,112.43,Jack Lopez,1-437-90-9672,Y,L000183,Frequent,6974,Male,42,1983-01-31,Barista
T001944,jack.lopez182@yahoo.com,2025-04-18,109,118.94,Jack Lopez,1-437-90-9672,Y,L000183,Frequent,6974,Male,42,1983-01-31,Barista
T002131,jack.lopez182@yahoo.com,2025-05-04,123,8.28,Jack Lopez,1-437-90-9672,Y,L000183,Frequent,6974,Male,42,1983-01-31,Barista
T002140,jack.lopez182@yahoo.com,2025-05-04,88,236.38,Jack Lopez,1-437-90-9672,Y,L000183,Frequent,6974,Male,42,1983-01-31,Barista
T002458,jack.lopez182@yahoo.com,2025-06-01,80,62.04,Jack Lopez,1-437-90-9672,Y,L000183,Frequent,6974,Male,42,1983-01-31,Barista
T002603,jack.lopez182@yahoo.com,2025-06-11,76,2.99,Jack Lopez,1-437-90-9672,Y,L000183,Frequent,6974,Male,42,1983-01-31,Barista
T003305,jack.lopez182@yahoo.com,2025-07-29,69,121.91,Jack Lopez,1-437-90-9672,Y,L000183,Frequent,6974,Male,42,1983-01-31,Barista
T003789,jack.lopez182@yahoo.com,2025-08-30,88,34.48,Jack Lopez,1-437-90-9672,Y,L000183,Frequent,6974,Male,42,1983-01-31,Barista
T000614,jack.nguyen394@icloud.com,2024-12-15,72,95.93,Jack Nguyen,1-365-815-302,Y,L000395,Very Frequent,11287,Female,42,1983-09-17,Research Assistant
T000911,jack.nguyen394@icloud.com,2025-01-06,146,99.94,Jack Nguyen,1-365-815-302,Y,L000395,Very Frequent,11287,Female,42,1983-09-17,Research Assistant
T000996,jack.nguyen394@icloud.com,2025-01-17,168,8.48,Jack Nguyen,1-365-815-302,Y,L000395,Very Frequent,11287,Female,42,1983-09-17,Research Assistant
T001073,jack.nguyen394@icloud.com,2025-01-25,98,119.45,Jack Nguyen,1-365-815-302,Y,L000395,Very Frequent,11287,Female,42,1983-09-17,Research Assistant
T001074,jack.nguyen394@icloud.com,2025-01-25,54,176.37,Jack Nguyen,1-365-815-302,Y,L000395,Very Frequent,11287,Female,42,1983-09-17,Research Assistant
T001146,jack.nguyen394@icloud.com,2025-02-02,47,53.48,Jack Nguyen,1-365-815-302,Y,L000395,Very Frequent,11287,Female,42,1983-09-17,Research Assistant
T001417,jack.nguyen394@icloud.com,2025-03-03,115,161.99,Jack Nguyen,1-365-815-302,Y,L000395,Very Frequent,11287,Female,42,1983-09-17,Research Assistant
T001837,jack.nguyen394@icloud.com,2025-04-08,133,118.93,Jack Nguyen,1-365-815-302,Y,L000395,Very Frequent,11287,Female,42,1983-09-17,Research Assistant
T003416,jack.nguyen394@icloud.com,2025-08-06,67,112.94,Jack Nguyen,1-365-815-302,Y,L000395,Very Frequent,11287,Female,42,1983-09-17,Research Assistant
T003636,jack.nguyen394@icloud.com,2025-08-22,134,33.98,Jack Nguyen,1-365-815-302,Y,L000395,Very Frequent,11287,Female,42,1983-09-17,Research Assistant
T003815,jack.nguyen394@icloud.com,2025-08-31,110,104.93,Jack Nguyen,1-365-815-302,Y,L000395,Very Frequent,11287,Female,42,1983-09-17,Research Assistant
T003929,jack.nguyen394@icloud.com,2025-09-08,35,42.28,Jack Nguyen,1-365-815-302,Y,L000395,Very Frequent,11287,Female,42,1983-09-17,Research Assistant
T000288,jack.nowak350@outlook.com,2024-11-22,65,72.74,Jack Nowak,1-905-644-8117,Y,L000351,Very Frequent,13982,Male,36,1989-06-27,Chef
T000501,jack.nowak350@outlook.com,2024-12-07,59,58.48,Jack Nowak,1-905-644-8117,Y,L000351,Very Frequent,13982,Male,36,1989-06-27,Chef
T000611,jack.nowak350@outlook.com,2024-12-15,103,124.92,Jack Nowak,1-905-644-8117,Y,L000351,Very Frequent,13982,Male,36,1989-06-27,Chef
T000808,jack.nowak350@outlook.com,2024-12-28,165,23.27,Jack Nowak,1-905-644-8117,Y,L000351,Very Frequent,13982,Male,36,1989-06-27,Chef
T001015,jack.nowak350@outlook.com,2025-01-19,71,86.95,Jack Nowak,1-905-644-8117,Y,L000351,Very Frequent,13982,Male,36,1989-06-27,Chef
T001315,jack.nowak350@outlook.com,2025-02-22,94,241.82,Jack Nowak,1-905-644-8117,Y,L000351,Very Frequent,13982,Male,36,1989-06-27,Chef
T001427,jack.nowak350@outlook.com,2025-03-04,100,12.98,Jack Nowak,1-905-644-8117,Y,L000351,Very Frequent,13982,Male,36,1989-06-27,Chef
T001666,jack.nowak350@outlook.com,2025-03-25,77,58.98,Jack Nowak,1-905-644-8117,Y,L000351,Very Frequent,13982,Male,36,1989-06-27,Chef
T002164,jack.nowak350@outlook.com,2025-05-06,150,188.47,Jack Nowak,1-905-644-8117,Y,L000351,Very Frequent,13982,Male,36,1989-06-27,Chef
T002168,jack.nowak350@outlook.com,2025-05-06,105,44.98,Jack Nowak,1-905-644-8117,Y,L000351,Very Frequent,13982,Male,36,1989-06-27,Chef
T002561,jack.nowak350@outlook.com,2025-06-08,90,22.48,Jack Nowak,1-905-644-8117,Y,L000351,Very Frequent,13982,Male,36,1989-06-27,Chef
T002767,jack.nowak350@outlook.com,2025-06-22,55,109.46,Jack Nowak,1-905-644-8117,Y,L000351,Very Frequent,13982,Male,36,1989-06-27,Chef
T002953,jack.nowak350@outlook.com,2025-07-05,98,15.97,Jack Nowak,1-905-644-8117,Y,L000351,Very Frequent,13982,Male,36,1989-06-27,Chef
T003172,jack.nowak350@outlook.com,2025-07-21,133,95.45,Jack Nowak,1-905-644-8117,Y,L000351,Very Frequent,13982,Male,36,1989-06-27,Chef
T003443,jack.nowak350@outlook.com,2025-08-08,118,30.98,Jack Nowak,1-905-644-8117,Y,L000351,Very Frequent,13982,Male,36,1989-06-27,Chef
T003501,jack.nowak350@outlook.com,2025-08-11,86,100.94,Jack Nowak,1-905-644-8117,Y,L000351,Very Frequent,13982,Male,36,1989-06-27,Chef
T003732,jack.nowak350@outlook.com,2025-08-27,114,109.42,Jack Nowak,1-905-644-8117,Y,L000351,Very Frequent,13982,Male,36,1989-06-27,Chef
T000059,jack.roy278@hotmail.com,2024-11-02,80,157.42,Jack Roy,1-437-730-4327,N,,,,,,,
T000582,jack.roy278@hotmail.com,2024-12-13,90,114.76,Jack Roy,1-437-730-4327,N,,,,,,,
T002158,jack.roy278@hotmail.com,2025-05-05,118,72.03,Jack Roy,1-437-730-4327,N,,,,,,,
T003989,jack.roy278@hotmail.com,2025-09-14,66,75.03,Jack Roy,1-437-730-4327,N,,,,,,,
T000138,jack.wilson218@outlook.com,2024-11-09,73,142.07,Jack Wilson,1-905-426-2809,N,,,,,,,
T000172,jack.wilson218@outlook.com,2024-11-11,167,65.47,Jack Wilson,1-905-426-2809,N,,,,,,,
T000461,jack.wilson218@outlook.com,2024-12-05,140,274.26,Jack Wilson,1-905-426-2809,N,,,,,,,
T001069,jack.wilson218@outlook.com,2025-01-25,114,97.48,Jack Wilson,1-905-426-2809,N,,,,,,,
T001305,jack.wilson218@outlook.com,2025-02-20,143,52.97,Jack Wilson,1-905-426-2809,N,,,,,,,
T001655,jack.wilson218@outlook.com,2025-03-24,94,114.94,Jack Wilson,1-905-426-2809,N,,,,,,,
T001986,jack.wilson218@outlook.com,2025-04-22,86,95.77,Jack Wilson,1-905-426-2809,N,,,,,,,
T002702,jack.wilson218@outlook.com,2025-06-17,91,107.43,Jack Wilson,1-905-426-2809,N,,,,,,,
T003471,jack.wilson218@outlook.com,2025-08-10,178,44.76,Jack Wilson,1-905-426-2809,N,,,,,,,
T003507,jack.wilson218@outlook.com,2025-08-12,110,15.78,Jack Wilson,1-905-426-2809,N,,,,,,,
T000148,jackson.brown140@hotmail.com,2024-11-10,73,106.93,Jackson Brown,1-416-333-230,Y,L000141,Frequent,5614,Male,40,1985-04-14,Electrician
T000421,jackson.brown140@hotmail.com,2024-12-02,98,37.47,Jackson Brown,1-416-333-230,Y,L000141,Frequent,5614,Male,40,1985-04-14,Electrician
T000872,jackson.brown140@hotmail.com,2025-01-01,71,171.95,Jackson Brown,1-416-333-230,Y,L000141,Frequent,5614,Male,40,1985-04-14,Electrician
T001331,jackson.brown140@hotmail.com,2025-02-23,39,186.38,Jackson Brown,1-416-333-230,Y,L000141,Frequent,5614,Male,40,1985-04-14,Electrician
T002895,jackson.brown140@hotmail.com,2025-06-30,73,30.96,Jackson Brown,1-416-333-230,Y,L000141,Frequent,5614,Male,40,1985-04-14,Electrician
T002990,jackson.brown140@hotmail.com,2025-07-08,40,11.98,Jackson Brown,1-416-333-230,Y,L000141,Frequent,5614,Male,40,1985-04-14,Electrician
T004302,jackson.brown140@hotmail.com,2025-10-11,65,15.78,Jackson Brown,1-416-333-230,Y,L000141,Frequent,5614,Male,40,1985-04-14,Electrician
T000101,jackson.kowalski152@gmail.com,2024-11-06,54,30.97,Jackson Kowalski,1-365-839-2990,Y,L000153,Frequent,5520,Male,39,1986-06-26,Product Manager
T002681,jackson.kowalski152@gmail.com,2025-06-15,114,137.37,Jackson Kowalski,1-365-839-2990,Y,L000153,Frequent,5520,Male,39,1986-06-26,Product Manager
T002835,jackson.kowalski152@gmail.com,2025-06-27,125,14.97,Jackson Kowalski,1-365-839-2990,Y,L000153,Frequent,5520,Male,39,1986-06-26,Product Manager
T002974,jackson.kowalski152@gmail.com,2025-07-06,146,141.67,Jackson Kowalski,1-365-839-2990,Y,L000153,Frequent,5520,Male,39,1986-06-26,Product Manager
T003434,jackson.kowalski152@gmail.com,2025-08-08,30,74.95,Jackson Kowalski,1-365-839-2990,Y,L000153,Frequent,5520,Male,39,1986-06-26,Product Manager
T003548,jackson.kowalski152@gmail.com,2025-08-15,111,111.93,Jackson Kowalski,1-365-839-2990,Y,L000153,Frequent,5520,Male,39,1986-06-26,Product Manager
T004059,jackson.kowalski152@gmail.com,2025-09-21,119,36.85,Jackson Kowalski,1-365-839-2990,Y,L000153,Frequent,5520,Male,39,1986-06-26,Product Manager
T004359,jackson.kowalski152@gmail.com,2025-10-17,109,3.29,Jackson Kowalski,1-365-839-2990,Y,L000153,Frequent,5520,Male,39,1986-06-26,Product Manager
T000392,jackson.kowalski455@yahoo.com,2024-12-01,137,44.28,Jackson Kowalski,1-416-631-8442,Y,L000456,Very Frequent,11145,Male,33,1992-12-23,Graphic Designer
T000797,jackson.kowalski455@yahoo.com,2024-12-27,167,169.42,Jackson Kowalski,1-416-631-8442,Y,L000456,Very Frequent,11145,Male,33,1992-12-23,Graphic Designer
T001448,jackson.kowalski455@yahoo.com,2025-03-06,125,59.96,Jackson Kowalski,1-416-631-8442,Y,L000456,Very Frequent,11145,Male,33,1992-12-23,Graphic Designer
T001497,jackson.kowalski455@yahoo.com,2025-03-11,117,108.74,Jackson Kowalski,1-416-631-8442,Y,L000456,Very Frequent,11145,Male,33,1992-12-23,Graphic Designer
T002230,jackson.kowalski455@yahoo.com,2025-05-12,108,157.9,Jackson Kowalski,1-416-631-8442,Y,L000456,Very Frequent,11145,Male,33,1992-12-23,Graphic Designer
T002977,jackson.kowalski455@yahoo.com,2025-07-06,77,196.66,Jackson Kowalski,1-416-631-8442,Y,L000456,Very Frequent,11145,Male,33,1992-12-23,Graphic Designer
T003708,jackson.kowalski455@yahoo.com,2025-08-25,77,111.25,Jackson Kowalski,1-416-631-8442,Y,L000456,Very Frequent,11145,Male,33,1992-12-23,Graphic Designer
T004031,jackson.kowalski455@yahoo.com,2025-09-19,89,94.93,Jackson Kowalski,1-416-631-8442,Y,L000456,Very Frequent,11145,Male,33,1992-12-23,Graphic Designer
T004199,jackson.kowalski455@yahoo.com,2025-10-02,56,9.99,Jackson Kowalski,1-416-631-8442,Y,L000456,Very Frequent,11145,Male,33,1992-12-23,Graphic Designer
T004257,jackson.kowalski455@yahoo.com,2025-10-06,145,161.43,Jackson Kowalski,1-416-631-8442,Y,L000456,Very Frequent,11145,Male,33,1992-12-23,Graphic Designer
T000076,jackson.liu3@outlook.com,2024-11-03,68,57.96,Jackson Liu,1-416-759-3586,N,,,,,,,
T000234,jackson.liu3@outlook.com,2024-11-17,87,20.48,Jackson Liu,1-416-759-3586,N,,,,,,,
T000759,jackson.liu3@outlook.com,2024-12-25,149,11.97,Jackson Liu,1-416-759-3586,N,,,,,,,
T001358,jackson.liu3@outlook.com,2025-02-26,167,114.95,Jackson Liu,1-416-759-3586,N,,,,,,,
T001359,jackson.liu3@outlook.com,2025-02-26,63,77.94,Jackson Liu,1-416-759-3586,N,,,,,,,
T002036,jackson.liu3@outlook.com,2025-04-26,95,25.46,Jackson Liu,1-416-759-3586,N,,,,,,,
T003885,jackson.liu3@outlook.com,2025-09-05,141,132.51,Jackson Liu,1-416-759-3586,N,,,,,,,
T000214,jackson.martin170@gmail.com,2024-11-16,79,182.39,Jackson Martin,1-437-486-4584,Y,L000171,Very Frequent,9844,Male,43,1982-04-09,Marketing Specialist
T000237,jackson.martin170@gmail.com,2024-11-17,119,56.45,Jackson Martin,1-437-486-4584,Y,L000171,Very Frequent,9844,Male,43,1982-04-09,Marketing Specialist
T000390,jackson.martin170@gmail.com,2024-12-01,121,63.47,Jackson Martin,1-437-486-4584,Y,L000171,Very Frequent,9844,Male,43,1982-04-09,Marketing Specialist
T000476,jackson.martin170@gmail.com,2024-12-06,78,64.46,Jackson Martin,1-437-486-4584,Y,L000171,Very Frequent,9844,Male,43,1982-04-09,Marketing Specialist
T001085,jackson.martin170@gmail.com,2025-01-26,82,187.67,Jackson Martin,1-437-486-4584,Y,L000171,Very Frequent,9844,Male,43,1982-04-09,Marketing Specialist
T001171,jackson.martin170@gmail.com,2025-02-05,139,55.26,Jackson Martin,1-437-486-4584,Y,L000171,Very Frequent,9844,Male,43,1982-04-09,Marketing Specialist
T001651,jackson.martin170@gmail.com,2025-03-24,176,42.97,Jackson Martin,1-437-486-4584,Y,L000171,Very Frequent,9844,Male,43,1982-04-09,Marketing Specialist
T003002,jackson.martin170@gmail.com,2025-07-08,141,118.03,Jackson Martin,1-437-486-4584,Y,L000171,Very Frequent,9844,Male,43,1982-04-09,Marketing Specialist
T003198,jackson.martin170@gmail.com,2025-07-22,76,76.95,Jackson Martin,1-437-486-4584,Y,L000171,Very Frequent,9844,Male,43,1982-04-09,Marketing Specialist
T003664,jackson.martin170@gmail.com,2025-08-23,164,136.82,Jackson Martin,1-437-486-4584,Y,L000171,Very Frequent,9844,Male,43,1982-04-09,Marketing Specialist
T000459,jackson.roy27@yahoo.com,2024-12-04,125,162.88,Jackson Roy,1-437-245-3985,Y,L000028,Very Frequent,13395,Male,42,1983-04-06,Data Analyst
T000677,jackson.roy27@yahoo.com,2024-12-19,154,97.47,Jackson Roy,1-437-245-3985,Y,L000028,Very Frequent,13395,Male,42,1983-04-06,Data Analyst
T000815,jackson.roy27@yahoo.com,2024-12-28,130,44.98,Jackson Roy,1-437-245-3985,Y,L000028,Very Frequent,13395,Male,42,1983-04-06,Data Analyst
T000924,jackson.roy27@yahoo.com,2025-01-08,94,72.45,Jackson Roy,1-437-245-3985,Y,L000028,Very Frequent,13395,Male,42,1983-04-06,Data Analyst
T001422,jackson.roy27@yahoo.com,2025-03-04,129,65.48,Jackson Roy,1-437-245-3985,Y,L000028,Very Frequent,13395,Male,42,1983-04-06,Data Analyst
T001438,jackson.roy27@yahoo.com,2025-03-05,83,60.93,Jackson Roy,1-437-245-3985,Y,L000028,Very Frequent,13395,Male,42,1983-04-06,Data Analyst
T001496,jackson.roy27@yahoo.com,2025-03-11,30,16.48,Jackson Roy,1-437-245-3985,Y,L000028,Very Frequent,13395,Male,42,1983-04-06,Data Analyst
T001725,jackson.roy27@yahoo.com,2025-03-30,100,156.89,Jackson Roy,1-437-245-3985,Y,L000028,Very Frequent,13395,Male,42,1983-04-06,Data Analyst
T002133,jackson.roy27@yahoo.com,2025-05-04,81,87.5,Jackson Roy,1-437-245-3985,Y,L000028,Very Frequent,13395,Male,42,1983-04-06,Data Analyst
T002482,jackson.roy27@yahoo.com,2025-06-02,105,96.44,Jackson Roy,1-437-245-3985,Y,L000028,Very Frequent,13395,Male,42,1983-04-06,Data Analyst
T002937,jackson.roy27@yahoo.com,2025-07-04,133,85.78,Jackson Roy,1-437-245-3985,Y,L000028,Very Frequent,13395,Male,42,1983-04-06,Data Analyst
T003286,jackson.roy27@yahoo.com,2025-07-28,127,55.43,Jackson Roy,1-437-245-3985,Y,L000028,Very Frequent,13395,Male,42,1983-04-06,Data Analyst
T003289,jackson.roy27@yahoo.com,2025-07-28,121,106.42,Jackson Roy,1-437-245-3985,Y,L000028,Very Frequent,13395,Male,42,1983-04-06,Data Analyst
T004285,jackson.roy27@yahoo.com,2025-10-09,119,230.44,Jackson Roy,1-437-245-3985,Y,L000028,Very Frequent,13395,Male,42,1983-04-06,Data Analyst
T000282,jackson.thompson161@icloud.com,2024-11-22,139,110.23,Jackson Thompson,1-365-571-5885,N,,,,,,,
T000319,jackson.thompson161@icloud.com,2024-11-24,114,43.97,Jackson Thompson,1-365-571-5885,N,,,,,,,
T000960,jackson.thompson161@icloud.com,2025-01-13,71,43.47,Jackson Thompson,1-365-571-5885,N,,,,,,,
T002161,jackson.thompson161@icloud.com,2025-05-06,91,91.41,Jackson Thompson,1-365-571-5885,N,,,,,,,
T002531,jackson.thompson161@icloud.com,2025-06-07,82,29.47,Jackson Thompson,1-365-571-5885,N,,,,,,,
T003273,jackson.thompson161@icloud.com,2025-07-27,121,42.47,Jackson Thompson,1-365-571-5885,N,,,,,,,
T003701,jackson.thompson161@icloud.com,2025-08-25,102,83.97,Jackson Thompson,1-365-571-5885,N,,,,,,,
T003938,jackson.thompson161@icloud.com,2025-09-09,107,46.97,Jackson Thompson,1-365-571-5885,N,,,,,,,
T001696,jackson.tremblay396@yahoo.com,2025-03-28,111,90.43,Jackson Tremblay,1-905-222-6573,N,,,,,,,
T002262,jackson.tremblay396@yahoo.com,2025-05-15,65,49.95,Jackson Tremblay,1-905-222-6573,N,,,,,,,
T002865,jackson.tremblay396@yahoo.com,2025-06-28,109,198.36,Jackson Tremblay,1-905-222-6573,N,,,,,,,
T004038,jackson.tremblay396@yahoo.com,2025-09-20,99,67.98,Jackson Tremblay,1-905-222-6573,N,,,,,,,
T000662,jacob.chow45@icloud.com,2024-12-18,35,67.44,Jacob Chow,1-289-374-8849,N,,,,,,,
T000799,jacob.chow45@icloud.com,2024-12-28,102,83.23,Jacob Chow,1-289-374-8849,N,,,,,,,
T001362,jacob.chow45@icloud.com,2025-02-26,142,45.98,Jacob Chow,1-289-374-8849,N,,,,,,,
T001395,jacob.chow45@icloud.com,2025-03-01,40,67.54,Jacob Chow,1-289-374-8849,N,,,,,,,
T002035,jacob.chow45@icloud.com,2025-04-26,74,47.96,Jacob Chow,1-289-374-8849,N,,,,,,,
T003098,jacob.chow45@icloud.com,2025-07-15,114,55.25,Jacob Chow,1-289-374-8849,N,,,,,,,
T003113,jacob.chow45@icloud.com,2025-07-17,110,58.46,Jacob Chow,1-289-374-8849,N,,,,,,,
T003239,jacob.chow45@icloud.com,2025-07-25,104,50.44,Jacob Chow,1-289-374-8849,N,,,,,,,
T003419,jacob.chow45@icloud.com,2025-08-06,106,87.41,Jacob Chow,1-289-374-8849,N,,,,,,,
T004242,jacob.chow45@icloud.com,2025-10-05,100,206.41,Jacob Chow,1-289-374-8849,N,,,,,,,
T004262,jacob.chow45@icloud.com,2025-10-07,105,97.95,Jacob Chow,1-289-374-8849,N,,,,,,,
T004344,jacob.chow45@icloud.com,2025-10-14,121,46.97,Jacob Chow,1-289-374-8849,N,,,,,,,
T004475,jacob.chow45@icloud.com,2025-10-26,182,153.91,Jacob Chow,1-289-374-8849,N,,,,,,,
T000083,jacob.garcia285@hotmail.com,2024-11-05,68,43.97,Jacob Garcia,1-416-592-3211,Y,L000286,Frequent,5881,Male,24,2001-06-04,Graphic Designer
T001403,jacob.garcia285@hotmail.com,2025-03-02,98,12.49,Jacob Garcia,1-416-592-3211,Y,L000286,Frequent,5881,Male,24,2001-06-04,Graphic Designer
T001602,jacob.garcia285@hotmail.com,2025-03-20,78,108.94,Jacob Garcia,1-416-592-3211,Y,L000286,Frequent,5881,Male,24,2001-06-04,Graphic Designer
T002374,jacob.garcia285@hotmail.com,2025-05-24,66,3.49,Jacob Garcia,1-416-592-3211,Y,L000286,Frequent,5881,Male,24,2001-06-04,Graphic Designer
T002539,jacob.garcia285@hotmail.com,2025-06-07,30,12.49,Jacob Garcia,1-416-592-3211,Y,L000286,Frequent,5881,Male,24,2001-06-04,Graphic Designer
T003092,jacob.garcia285@hotmail.com,2025-07-15,107,25.98,Jacob Garcia,1-416-592-3211,Y,L000286,Frequent,5881,Male,24,2001-06-04,Graphic Designer
T003195,jacob.garcia285@hotmail.com,2025-07-22,186,192.9,Jacob Garcia,1-416-592-3211,Y,L000286,Frequent,5881,Male,24,2001-06-04,Graphic Designer
T003783,jacob.garcia285@hotmail.com,2025-08-30,125,27.48,Jacob Garcia,1-416-592-3211,Y,L000286,Frequent,5881,Male,24,2001-06-04,Graphic Designer
T003817,jacob.garcia285@hotmail.com,2025-08-31,83,160.4,Jacob Garcia,1-416-592-3211,Y,L000286,Frequent,5881,Male,24,2001-06-04,Graphic Designer
T000035,jacob.johnson214@outlook.com,2024-10-31,107,31.49,Jacob Johnson,1-647-151-8995,N,,,,,,,
T001401,jacob.johnson214@outlook.com,2025-03-02,144,49.04,Jacob Johnson,1-647-151-8995,N,,,,,,,
T001472,jacob.johnson214@outlook.com,2025-03-09,32,36.55,Jacob Johnson,1-647-151-8995,N,,,,,,,
T001528,jacob.johnson214@outlook.com,2025-03-13,158,130.44,Jacob Johnson,1-647-151-8995,N,,,,,,,
T002136,jacob.johnson214@outlook.com,2025-05-04,94,64.95,Jacob Johnson,1-647-151-8995,N,,,,,,,
T003156,jacob.johnson214@outlook.com,2025-07-20,95,125.23,Jacob Johnson,1-647-151-8995,N,,,,,,,
T003962,jacob.johnson214@outlook.com,2025-09-12,109,178.3,Jacob Johnson,1-647-151-8995,N,,,,,,,
T000024,jacob.li446@hotmail.com,2024-10-30,30,46.46,Jacob Li,1-437-743-1909,N,,,,,,,
T000365,jacob.li446@hotmail.com,2024-11-29,122,78.47,Jacob Li,1-437-743-1909,N,,,,,,,
T000388,jacob.li446@hotmail.com,2024-12-01,74,72.93,Jacob Li,1-437-743-1909,N,,,,,,,
T000716,jacob.li446@hotmail.com,2024-12-22,52,121.2,Jacob Li,1-437-743-1909,N,,,,,,,
T001565,jacob.li446@hotmail.com,2025-03-16,60,29.47,Jacob Li,1-437-743-1909,N,,,,,,,
T001638,jacob.li446@hotmail.com,2025-03-23,119,86.96,Jacob Li,1-437-743-1909,N,,,,,,,
T001709,jacob.li446@hotmail.com,2025-03-29,114,94.02,Jacob Li,1-437-743-1909,N,,,,,,,
T001799,jacob.li446@hotmail.com,2025-04-06,39,163.7,Jacob Li,1-437-743-1909,N,,,,,,,
T002160,jacob.li446@hotmail.com,2025-05-06,139,165.92,Jacob Li,1-437-743-1909,N,,,,,,,
T003179,jacob.li446@hotmail.com,2025-07-21,112,92.46,Jacob Li,1-437-743-1909,N,,,,,,,
T003251,jacob.li446@hotmail.com,2025-07-26,119,33.48,Jacob Li,1-437-743-1909,N,,,,,,,
T003562,jacob.li446@hotmail.com,2025-08-16,93,34.98,Jacob Li,1-437-743-1909,N,,,,,,,
T003571,jacob.li446@hotmail.com,2025-08-16,91,25.98,Jacob Li,1-437-743-1909,N,,,,,,,
T004128,jacob.li446@hotmail.com,2025-09-27,63,120.94,Jacob Li,1-437-743-1909,N,,,,,,,
T001575,jacob.lin484@gmail.com,2025-03-17,115,31.47,Jacob Lin,1-416-253-3133,Y,L000485,Very Frequent,8445,Male,29,1996-08-27,Consultant
T001659,jacob.lin484@gmail.com,2025-03-25,153,108.21,Jacob Lin,1-416-253-3133,Y,L000485,Very Frequent,8445,Male,29,1996-08-27,Consultant
T001675,jacob.lin484@gmail.com,2025-03-26,127,58.48,Jacob Lin,1-416-253-3133,Y,L000485,Very Frequent,8445,Male,29,1996-08-27,Consultant
T001748,jacob.lin484@gmail.com,2025-04-01,171,123.93,Jacob Lin,1-416-253-3133,Y,L000485,Very Frequent,8445,Male,29,1996-08-27,Consultant
T003117,jacob.lin484@gmail.com,2025-07-17,99,167.71,Jacob Lin,1-416-253-3133,Y,L000485,Very Frequent,8445,Male,29,1996-08-27,Consultant
T003136,jacob.lin484@gmail.com,2025-07-19,143,116.94,Jacob Lin,1-416-253-3133,Y,L000485,Very Frequent,8445,Male,29,1996-08-27,Consultant
T003831,jacob.lin484@gmail.com,2025-09-02,96,87.94,Jacob Lin,1-416-253-3133,Y,L000485,Very Frequent,8445,Male,29,1996-08-27,Consultant
T004494,jacob.lin484@gmail.com,2025-10-28,91,149.91,Jacob Lin,1-416-253-3133,Y,L000485,Very Frequent,8445,Male,29,1996-08-27,Consultant
T000692,jacob.lopez201@yahoo.com,2024-12-21,90,25.98,Jacob Lopez,1-437-187-669,N,,,,,,,
T001098,jacob.lopez201@yahoo.com,2025-01-28,30,13.48,Jacob Lopez,1-437-187-669,N,,,,,,,
T001591,jacob.lopez201@yahoo.com,2025-03-19,45,46.04,Jacob Lopez,1-437-187-669,N,,,,,,,
T001970,jacob.lopez201@yahoo.com,2025-04-20,76,28.98,Jacob Lopez,1-437-187-669,N,,,,,,,
T002964,jacob.lopez201@yahoo.com,2025-07-06,133,8.49,Jacob Lopez,1-437-187-669,N,,,,,,,
T003080,jacob.lopez201@yahoo.com,2025-07-14,120,62.95,Jacob Lopez,1-437-187-669,N,,,,,,,
T003356,jacob.lopez201@yahoo.com,2025-08-02,124,43.49,Jacob Lopez,1-437-187-669,N,,,,,,,
T003542,jacob.lopez201@yahoo.com,2025-08-15,47,36.77,Jacob Lopez,1-437-187-669,N,,,,,,,
T003944,jacob.lopez201@yahoo.com,2025-09-10,59,12.49,Jacob Lopez,1-437-187-669,N,,,,,,,
T000490,jacob.martin290@yahoo.com,2024-12-06,85,31.05,Jacob Martin,1-289-474-3439,N,,,,,,,
T000579,jacob.martin290@yahoo.com,2024-12-13,110,33.98,Jacob Martin,1-289-474-3439,N,,,,,,,
T000775,jacob.martin290@yahoo.com,2024-12-26,86,222.65,Jacob Martin,1-289-474-3439,N,,,,,,,
T001167,jacob.martin290@yahoo.com,2025-02-04,135,102.88,Jacob Martin,1-289-474-3439,N,,,,,,,
T001824,jacob.martin290@yahoo.com,2025-04-07,128,265.32,Jacob Martin,1-289-474-3439,N,,,,,,,
T002046,jacob.martin290@yahoo.com,2025-04-27,92,36.98,Jacob Martin,1-289-474-3439,N,,,,,,,
T002631,jacob.martin290@yahoo.com,2025-06-14,146,41.56,Jacob Martin,1-289-474-3439,N,,,,,,,
T002698,jacob.martin290@yahoo.com,2025-06-17,116,42.47,Jacob Martin,1-289-474-3439,N,,,,,,,
T003118,jacob.martin290@yahoo.com,2025-07-17,53,184.85,Jacob Martin,1-289-474-3439,N,,,,,,,
T004415,jacob.martin290@yahoo.com,2025-10-21,103,51.49,Jacob Martin,1-289-474-3439,N,,,,,,,
T001195,jacob.patel20@gmail.com,2025-02-08,44,160.2,Jacob Patel,1-905-880-6500,N,,,,,,,
T001344,jacob.patel20@gmail.com,2025-02-24,79,69.95,Jacob Patel,1-905-880-6500,N,,,,,,,
T001583,jacob.patel20@gmail.com,2025-03-18,119,107.95,Jacob Patel,1-905-880-6500,N,,,,,,,
T001686,jacob.patel20@gmail.com,2025-03-27,207,91.48,Jacob Patel,1-905-880-6500,N,,,,,,,
T001932,jacob.patel20@gmail.com,2025-04-17,44,66.75,Jacob Patel,1-905-880-6500,N,,,,,,,
T002376,jacob.patel20@gmail.com,2025-05-25,105,192.45,Jacob Patel,1-905-880-6500,N,,,,,,,
T003303,jacob.patel20@gmail.com,2025-07-29,153,67.48,Jacob Patel,1-905-880-6500,N,,,,,,,
T003473,jacob.patel20@gmail.com,2025-08-10,95,58.43,Jacob Patel,1-905-880-6500,N,,,,,,,
T004178,jacob.patel20@gmail.com,2025-09-30,73,58.96,Jacob Patel,1-905-880-6500,N,,,,,,,
T000436,jacob.smith482@gmail.com,2024-12-03,145,14.98,Jacob Smith,1-905-669-3128,Y,L000483,Frequent,4677,Prefer not to say,31,1994-03-06,Nurse
T000656,jacob.smith482@gmail.com,2024-12-17,97,32.96,Jacob Smith,1-905-669-3128,Y,L000483,Frequent,4677,Prefer not to say,31,1994-03-06,Nurse
T002302,jacob.smith482@gmail.com,2025-05-17,119,43.29,Jacob Smith,1-905-669-3128,Y,L000483,Frequent,4677,Prefer not to say,31,1994-03-06,Nurse
T002456,jacob.smith482@gmail.com,2025-06-01,33,4.99,Jacob Smith,1-905-669-3128,Y,L000483,Frequent,4677,Prefer not to say,31,1994-03-06,Nurse
T002477,jacob.smith482@gmail.com,2025-06-02,98,32.05,Jacob Smith,1-905-669-3128,Y,L000483,Frequent,4677,Prefer not to say,31,1994-03-06,Nurse
T002848,jacob.smith482@gmail.com,2025-06-28,81,139.88,Jacob Smith,1-905-669-3128,Y,L000483,Frequent,4677,Prefer not to say,31,1994-03-06,Nurse
T003778,jacob.smith482@gmail.com,2025-08-30,147,59.95,Jacob Smith,1-905-669-3128,Y,L000483,Frequent,4677,Prefer not to say,31,1994-03-06,Nurse
T004369,jacob.smith482@gmail.com,2025-10-18,114,139.69,Jacob Smith,1-905-669-3128,Y,L000483,Frequent,4677,Prefer not to say,31,1994-03-06,Nurse
T001346,jacob.thompson51@icloud.com,2025-02-24,125,82.95,Jacob Thompson,1-289-350-6140,Y,L000052,Frequent,5199,Male,25,2000-12-25,Marketing Specialist
T002650,jacob.thompson51@icloud.com,2025-06-14,118,143.88,Jacob Thompson,1-289-350-6140,Y,L000052,Frequent,5199,Male,25,2000-12-25,Marketing Specialist
T003008,jacob.thompson51@icloud.com,2025-07-09,120,95.45,Jacob Thompson,1-289-350-6140,Y,L000052,Frequent,5199,Male,25,2000-12-25,Marketing Specialist
T003775,jacob.thompson51@icloud.com,2025-08-30,129,7.98,Jacob Thompson,1-289-350-6140,Y,L000052,Frequent,5199,Male,25,2000-12-25,Marketing Specialist
T004407,jacob.thompson51@icloud.com,2025-10-21,164,189.72,Jacob Thompson,1-289-350-6140,Y,L000052,Frequent,5199,Male,25,2000-12-25,Marketing Specialist
T000111,james.chow145@icloud.com,2024-11-07,103,76.43,James Chow,1-289-750-8033,Y,L000146,Very Frequent,14194,Male,18,2007-03-12,Project Manager
T000439,james.chow145@icloud.com,2024-12-03,35,137.37,James Chow,1-289-750-8033,Y,L000146,Very Frequent,14194,Male,18,2007-03-12,Project Manager
T001020,james.chow145@icloud.com,2025-01-19,75,75.95,James Chow,1-289-750-8033,Y,L000146,Very Frequent,14194,Male,18,2007-03-12,Project Manager
T001367,james.chow145@icloud.com,2025-02-27,55,72.43,James Chow,1-289-750-8033,Y,L000146,Very Frequent,14194,Male,18,2007-03-12,Project Manager
T001441,james.chow145@icloud.com,2025-03-06,149,157.21,James Chow,1-289-750-8033,Y,L000146,Very Frequent,14194,Male,18,2007-03-12,Project Manager
T001842,james.chow145@icloud.com,2025-04-09,142,52.97,James Chow,1-289-750-8033,Y,L000146,Very Frequent,14194,Male,18,2007-03-12,Project Manager
T001991,james.chow145@icloud.com,2025-04-22,95,151.18,James Chow,1-289-750-8033,Y,L000146,Very Frequent,14194,Male,18,2007-03-12,Project Manager
T002382,james.chow145@icloud.com,2025-05-25,67,37.46,James Chow,1-289-750-8033,Y,L000146,Very Frequent,14194,Male,18,2007-03-12,Project Manager
T002581,james.chow145@icloud.com,2025-06-09,118,112.99,James Chow,1-289-750-8033,Y,L000146,Very Frequent,14194,Male,18,2007-03-12,Project Manager
T003321,james.chow145@icloud.com,2025-07-30,90,52.29,James Chow,1-289-750-8033,Y,L000146,Very Frequent,14194,Male,18,2007-03-12,Project Manager
T003352,james.chow145@icloud.com,2025-08-02,88,35.98,James Chow,1-289-750-8033,Y,L000146,Very Frequent,14194,Male,18,2007-03-12,Project Manager
T003427,james.chow145@icloud.com,2025-08-07,58,49.97,James Chow,1-289-750-8033,Y,L000146,Very Frequent,14194,Male,18,2007-03-12,Project Manager
T004018,james.chow145@icloud.com,2025-09-18,103,46.98,James Chow,1-289-750-8033,Y,L000146,Very Frequent,14194,Male,18,2007-03-12,Project Manager
T004081,james.chow145@icloud.com,2025-09-23,79,241.97,James Chow,1-289-750-8033,Y,L000146,Very Frequent,14194,Male,18,2007-03-12,Project Manager
T004200,james.chow145@icloud.com,2025-10-02,167,118.31,James Chow,1-289-750-8033,Y,L000146,Very Frequent,14194,Male,18,2007-03-12,Project Manager
T000739,james.chow457@yahoo.com,2024-12-24,141,15.98,James Chow,1-905-223-631,Y,L000458,Frequent,6660,Male,32,1993-09-01,Electrician
T001031,james.chow457@yahoo.com,2025-01-20,114,72.96,James Chow,1-905-223-631,Y,L000458,Frequent,6660,Male,32,1993-09-01,Electrician
T001649,james.chow457@yahoo.com,2025-03-24,139,68.42,James Chow,1-905-223-631,Y,L000458,Frequent,6660,Male,32,1993-09-01,Electrician
T002083,james.chow457@yahoo.com,2025-04-30,169,85.46,James Chow,1-905-223-631,Y,L000458,Frequent,6660,Male,32,1993-09-01,Electrician
T003271,james.chow457@yahoo.com,2025-07-27,82,46.58,James Chow,1-905-223-631,Y,L000458,Frequent,6660,Male,32,1993-09-01,Electrician
T003705,james.chow457@yahoo.com,2025-08-25,117,166.38,James Chow,1-905-223-631,Y,L000458,Frequent,6660,Male,32,1993-09-01,Electrician
T003795,james.chow457@yahoo.com,2025-08-30,93,43.47,James Chow,1-905-223-631,Y,L000458,Frequent,6660,Male,32,1993-09-01,Electrician
T004071,james.chow457@yahoo.com,2025-09-22,71,60.94,James Chow,1-905-223-631,Y,L000458,Frequent,6660,Male,32,1993-09-01,Electrician
T004197,james.chow457@yahoo.com,2025-10-02,134,51.46,James Chow,1-905-223-631,Y,L000458,Frequent,6660,Male,32,1993-09-01,Electrician
T004365,james.chow457@yahoo.com,2025-10-17,125,54.43,James Chow,1-905-223-631,Y,L000458,Frequent,6660,Male,32,1993-09-01,Electrician
T000506,james.khan240@gmail.com,2024-12-08,45,48.26,James Khan,1-365-186-6192,N,,,,,,,
T000821,james.khan240@gmail.com,2024-12-29,30,18.99,James Khan,1-365-186-6192,N,,,,,,,
T000825,james.khan240@gmail.com,2024-12-29,36,125.7,James Khan,1-365-186-6192,N,,,,,,,
T001584,james.khan240@gmail.com,2025-03-18,84,41.94,James Khan,1-365-186-6192,N,,,,,,,
T001735,james.khan240@gmail.com,2025-03-31,95,15.98,James Khan,1-365-186-6192,N,,,,,,,
T002275,james.khan240@gmail.com,2025-05-16,67,169.4,James Khan,1-365-186-6192,N,,,,,,,
T002564,james.khan240@gmail.com,2025-06-08,102,4.99,James Khan,1-365-186-6192,N,,,,,,,
T002638,james.khan240@gmail.com,2025-06-14,66,40.46,James Khan,1-365-186-6192,N,,,,,,,
T003177,james.khan240@gmail.com,2025-07-21,181,144.88,James Khan,1-365-186-6192,N,,,,,,,
T003293,james.khan240@gmail.com,2025-07-28,133,167.9,James Khan,1-365-186-6192,N,,,,,,,
T003724,james.khan240@gmail.com,2025-08-26,158,146.4,James Khan,1-365-186-6192,N,,,,,,,
T000036,james.kowalski157@yahoo.com,2024-10-31,118,40.98,James Kowalski,1-365-406-8330,N,,,,,,,
T000228,james.kowalski157@yahoo.com,2024-11-16,87,77.91,James Kowalski,1-365-406-8330,N,,,,,,,
T000316,james.kowalski157@yahoo.com,2024-11-24,129,70.25,James Kowalski,1-365-406-8330,N,,,,,,,
T000605,james.kowalski157@yahoo.com,2024-12-14,80,27.46,James Kowalski,1-365-406-8330,N,,,,,,,
T001228,james.kowalski157@yahoo.com,2025-02-10,130,47.46,James Kowalski,1-365-406-8330,N,,,,,,,
T001283,james.kowalski157@yahoo.com,2025-02-17,63,59.97,James Kowalski,1-365-406-8330,N,,,,,,,
T001937,james.kowalski157@yahoo.com,2025-04-18,72,21.98,James Kowalski,1-365-406-8330,N,,,,,,,
T001994,james.kowalski157@yahoo.com,2025-04-23,63,146.37,James Kowalski,1-365-406-8330,N,,,,,,,
T002250,james.kowalski157@yahoo.com,2025-05-14,54,36.97,James Kowalski,1-365-406-8330,N,,,,,,,
T002925,james.kowalski157@yahoo.com,2025-07-03,69,296.63,James Kowalski,1-365-406-8330,N,,,,,,,
T004346,james.kowalski157@yahoo.com,2025-10-14,79,102.41,James Kowalski,1-365-406-8330,N,,,,,,,
T001042,james.lam438@icloud.com,2025-01-22,86,100.89,James Lam,1-416-370-2160,N,,,,,,,
T001551,james.lam438@icloud.com,2025-03-15,101,213.41,James Lam,1-416-370-2160,N,,,,,,,
T002245,james.lam438@icloud.com,2025-05-13,82,100.23,James Lam,1-416-370-2160,N,,,,,,,
T002398,james.lam438@icloud.com,2025-05-26,65,130.9,James Lam,1-416-370-2160,N,,,,,,,
T003147,james.lam438@icloud.com,2025-07-19,62,23.48,James Lam,1-416-370-2160,N,,,,,,,
T000332,james.patel154@outlook.com,2024-11-27,103,76.44,James Patel,1-437-356-6937,Y,L000155,Very Frequent,10432,Male,41,1984-11-27,Student
T000335,james.patel154@outlook.com,2024-11-27,105,33.46,James Patel,1-437-356-6937,Y,L000155,Very Frequent,10432,Male,41,1984-11-27,Student
T000556,james.patel154@outlook.com,2024-12-11,135,104.45,James Patel,1-437-356-6937,Y,L000155,Very Frequent,10432,Male,41,1984-11-27,Student
T000935,james.patel154@outlook.com,2025-01-10,65,20.98,James Patel,1-437-356-6937,Y,L000155,Very Frequent,10432,Male,41,1984-11-27,Student
T001399,james.patel154@outlook.com,2025-03-02,62,135.98,James Patel,1-437-356-6937,Y,L000155,Very Frequent,10432,Male,41,1984-11-27,Student
T001887,james.patel154@outlook.com,2025-04-13,81,89.01,James Patel,1-437-356-6937,Y,L000155,Very Frequent,10432,Male,41,1984-11-27,Student
T002060,james.patel154@outlook.com,2025-04-28,134,145.95,James Patel,1-437-356-6937,Y,L000155,Very Frequent,10432,Male,41,1984-11-27,Student
T002166,james.patel154@outlook.com,2025-05-06,152,13.49,James Patel,1-437-356-6937,Y,L000155,Very Frequent,10432,Male,41,1984-11-27,Student
T002281,james.patel154@outlook.com,2025-05-16,38,46.45,James Patel,1-437-356-6937,Y,L000155,Very Frequent,10432,Male,41,1984-11-27,Student
T002709,james.patel154@outlook.com,2025-06-18,47,33.96,James Patel,1-437-356-6937,Y,L000155,Very Frequent,10432,Male,41,1984-11-27,Student
T002968,james.patel154@outlook.com,2025-07-06,76,18.99,James Patel,1-437-356-6937,Y,L000155,Very Frequent,10432,Male,41,1984-11-27,Student
T003219,james.patel154@outlook.com,2025-07-24,67,180.37,James Patel,1-437-356-6937,Y,L000155,Very Frequent,10432,Male,41,1984-11-27,Student
T003607,james.patel154@outlook.com,2025-08-19,34,43.45,James Patel,1-437-356-6937,Y,L000155,Very Frequent,10432,Male,41,1984-11-27,Student
T003635,james.patel154@outlook.com,2025-08-22,73,9.99,James Patel,1-437-356-6937,Y,L000155,Very Frequent,10432,Male,41,1984-11-27,Student
T004005,james.patel154@outlook.com,2025-09-16,72,90.24,James Patel,1-437-356-6937,Y,L000155,Very Frequent,10432,Male,41,1984-11-27,Student
T000773,james.tremblay17@outlook.com,2024-12-26,121,77.46,James Tremblay,1-416-524-5785,Y,L000018,Frequent,7062,Male,33,1992-03-22,Software Engineer
T001023,james.tremblay17@outlook.com,2025-01-19,106,161.16,James Tremblay,1-416-524-5785,Y,L000018,Frequent,7062,Male,33,1992-03-22,Software Engineer
T001116,james.tremblay17@outlook.com,2025-01-31,106,33.84,James Tremblay,1-416-524-5785,Y,L000018,Frequent,7062,Male,33,1992-03-22,Software Engineer
T001588,james.tremblay17@outlook.com,2025-03-18,113,29.47,James Tremblay,1-416-524-5785,Y,L000018,Frequent,7062,Male,33,1992-03-22,Software Engineer
T001876,james.tremblay17@outlook.com,2025-04-12,120,134.44,James Tremblay,1-416-524-5785,Y,L000018,Frequent,7062,Male,33,1992-03-22,Software Engineer
T002931,james.tremblay17@outlook.com,2025-07-03,46,120.9,James Tremblay,1-416-524-5785,Y,L000018,Frequent,7062,Male,33,1992-03-22,Software Engineer
T002989,james.tremblay17@outlook.com,2025-07-08,146,148.93,James Tremblay,1-416-524-5785,Y,L000018,Frequent,7062,Male,33,1992-03-22,Software Engineer
T001194,james.wang283@icloud.com,2025-02-08,100,158.02,James Wang,1-416-492-2387,Y,L000284,Frequent,7544,Male,53,1972-05-31,Project Manager
T001338,james.wang283@icloud.com,2025-02-23,111,42.47,James Wang,1-416-492-2387,Y,L000284,Frequent,7544,Male,53,1972-05-31,Project Manager
T001546,james.wang283@icloud.com,2025-03-15,114,28.47,James Wang,1-416-492-2387,Y,L000284,Frequent,7544,Male,53,1972-05-31,Project Manager
T002055,james.wang283@icloud.com,2025-04-28,149,61.95,James Wang,1-416-492-2387,Y,L000284,Frequent,7544,Male,53,1972-05-31,Project Manager
T002392,james.wang283@icloud.com,2025-05-25,57,70.44,James Wang,1-416-492-2387,Y,L000284,Frequent,7544,Male,53,1972-05-31,Project Manager
T002560,james.wang283@icloud.com,2025-06-08,148,90.72,James Wang,1-416-492-2387,Y,L000284,Frequent,7544,Male,53,1972-05-31,Project Manager
T003678,james.wang283@icloud.com,2025-08-24,131,24.98,James Wang,1-416-492-2387,Y,L000284,Frequent,7544,Male,53,1972-05-31,Project Manager
T003702,james.wang283@icloud.com,2025-08-25,45,70.52,James Wang,1-416-492-2387,Y,L000284,Frequent,7544,Male,53,1972-05-31,Project Manager
T003967,james.wang283@icloud.com,2025-09-12,95,56.46,James Wang,1-416-492-2387,Y,L000284,Frequent,7544,Male,53,1972-05-31,Project Manager
T004391,james.wang283@icloud.com,2025-10-19,111,102.45,James Wang,1-416-492-2387,Y,L000284,Frequent,7544,Male,53,1972-05-31,Project Manager
T004403,james.wang283@icloud.com,2025-10-20,85,47.95,James Wang,1-416-492-2387,Y,L000284,Frequent,7544,Male,53,1972-05-31,Project Manager
T000123,james.wang383@gmail.com,2024-11-08,79,160.66,James Wang,1-365-835-2662,Y,L000384,Frequent,7375,Male,23,2002-05-01,Truck Driver
T000840,james.wang383@gmail.com,2024-12-29,68,26.47,James Wang,1-365-835-2662,Y,L000384,Frequent,7375,Male,23,2002-05-01,Truck Driver
T000991,james.wang383@gmail.com,2025-01-17,144,96.72,James Wang,1-365-835-2662,Y,L000384,Frequent,7375,Male,23,2002-05-01,Truck Driver
T002884,james.wang383@gmail.com,2025-06-29,111,24.98,James Wang,1-365-835-2662,Y,L000384,Frequent,7375,Male,23,2002-05-01,Truck Driver
T003211,james.wang383@gmail.com,2025-07-23,103,128.23,James Wang,1-365-835-2662,Y,L000384,Frequent,7375,Male,23,2002-05-01,Truck Driver
T003325,james.wang383@gmail.com,2025-07-31,36,192.17,James Wang,1-365-835-2662,Y,L000384,Frequent,7375,Male,23,2002-05-01,Truck Driver
T003765,james.wang383@gmail.com,2025-08-29,104,108.27,James Wang,1-365-835-2662,Y,L000384,Frequent,7375,Male,23,2002-05-01,Truck Driver
T001482,james.white116@gmail.com,2025-03-10,85,50.44,James White,1-416-724-3377,N,,,,,,,
T001832,james.white116@gmail.com,2025-04-08,164,50.98,James White,1-416-724-3377,N,,,,,,,
T002249,james.white116@gmail.com,2025-05-14,50,25.97,James White,1-416-724-3377,N,,,,,,,
T002359,james.white116@gmail.com,2025-05-23,97,42.47,James White,1-416-724-3377,N,,,,,,,
T003804,james.white116@gmail.com,2025-08-31,98,159.53,James White,1-416-724-3377,N,,,,,,,
T003910,james.white116@gmail.com,2025-09-07,124,136.45,James White,1-416-724-3377,N,,,,,,,
T000621,james.white31@icloud.com,2024-12-15,140,87.75,James White,1-416-851-1387,N,,,,,,,
T000672,james.white31@icloud.com,2024-12-18,104,35.28,James White,1-416-851-1387,N,,,,,,,
T000846,james.white31@icloud.com,2024-12-30,116,75.98,James White,1-416-851-1387,N,,,,,,,
T001082,james.white31@icloud.com,2025-01-26,77,47.46,James White,1-416-851-1387,N,,,,,,,
T002583,james.white31@icloud.com,2025-06-09,100,9.98,James White,1-416-851-1387,N,,,,,,,
T003696,james.white31@icloud.com,2025-08-25,123,259.43,James White,1-416-851-1387,N,,,,,,,
T003943,james.white31@icloud.com,2025-09-10,70,39.95,James White,1-416-851-1387,N,,,,,,,
T004111,james.white31@icloud.com,2025-09-25,149,27.48,James White,1-416-851-1387,N,,,,,,,
T004388,james.white31@icloud.com,2025-10-19,176,49.98,James White,1-416-851-1387,N,,,,,,,
T000128,james.zhang47@yahoo.com,2024-11-08,36,114.19,James Zhang,1-437-380-1312,Y,L000048,Very Frequent,11268,Male,36,1989-05-23,Electrician
T000344,james.zhang47@yahoo.com,2024-11-28,30,23.29,James Zhang,1-437-380-1312,Y,L000048,Very Frequent,11268,Male,36,1989-05-23,Electrician
T000492,james.zhang47@yahoo.com,2024-12-07,102,50.45,James Zhang,1-437-380-1312,Y,L000048,Very Frequent,11268,Male,36,1989-05-23,Electrician
T001026,james.zhang47@yahoo.com,2025-01-19,36,160.92,James Zhang,1-437-380-1312,Y,L000048,Very Frequent,11268,Male,36,1989-05-23,Electrician
T001945,james.zhang47@yahoo.com,2025-04-19,153,269.34,James Zhang,1-437-380-1312,Y,L000048,Very Frequent,11268,Male,36,1989-05-23,Electrician
T002689,james.zhang47@yahoo.com,2025-06-16,66,81.46,James Zhang,1-437-380-1312,Y,L000048,Very Frequent,11268,Male,36,1989-05-23,Electrician
T003318,james.zhang47@yahoo.com,2025-07-30,124,40.43,James Zhang,1-437-380-1312,Y,L000048,Very Frequent,11268,Male,36,1989-05-23,Electrician
T003410,james.zhang47@yahoo.com,2025-08-05,76,95.93,James Zhang,1-437-380-1312,Y,L000048,Very Frequent,11268,Male,36,1989-05-23,Electrician
T003472,james.zhang47@yahoo.com,2025-08-10,92,5.98,James Zhang,1-437-380-1312,Y,L000048,Very Frequent,11268,Male,36,1989-05-23,Electrician
T004020,james.zhang47@yahoo.com,2025-09-18,54,55.45,James Zhang,1-437-380-1312,Y,L000048,Very Frequent,11268,Male,36,1989-05-23,Electrician
T004110,james.zhang47@yahoo.com,2025-09-25,133,229.4,James Zhang,1-437-380-1312,Y,L000048,Very Frequent,11268,Male,36,1989-05-23,Electrician
T000718,john.anderson64@yahoo.com,2024-12-22,146,79.41,John Anderson,1-647-725-7598,N,,,,,,,
T000862,john.anderson64@yahoo.com,2024-12-31,130,242.41,John Anderson,1-647-725-7598,N,,,,,,,
T001375,john.anderson64@yahoo.com,2025-02-28,92,175.91,John Anderson,1-647-725-7598,N,,,,,,,
T001868,john.anderson64@yahoo.com,2025-04-12,163,188.4,John Anderson,1-647-725-7598,N,,,,,,,
T002251,john.anderson64@yahoo.com,2025-05-14,70,44.76,John Anderson,1-647-725-7598,N,,,,,,,
T003609,john.anderson64@yahoo.com,2025-08-19,132,67.47,John Anderson,1-647-725-7598,N,,,,,,,
T004015,john.anderson64@yahoo.com,2025-09-17,46,33.56,John Anderson,1-647-725-7598,N,,,,,,,
T004413,john.anderson64@yahoo.com,2025-10-21,65,41.46,John Anderson,1-647-725-7598,N,,,,,,,
T000509,john.chen114@icloud.com,2024-12-08,78,33.48,John Chen,1-647-889-8660,Y,L000115,Frequent,4792,Male,18,2007-11-02,Barista
T002068,john.chen114@icloud.com,2025-04-28,34,53.47,John Chen,1-647-889-8660,Y,L000115,Frequent,4792,Male,18,2007-11-02,Barista
T003087,john.chen114@icloud.com,2025-07-15,62,128.73,John Chen,1-647-889-8660,Y,L000115,Frequent,4792,Male,18,2007-11-02,Barista
T003132,john.chen114@icloud.com,2025-07-19,74,181.13,John Chen,1-647-889-8660,Y,L000115,Frequent,4792,Male,18,2007-11-02,Barista
T003479,john.chen114@icloud.com,2025-08-10,88,40.47,John Chen,1-647-889-8660,Y,L000115,Frequent,4792,Male,18,2007-11-02,Barista
T003807,john.chen114@icloud.com,2025-08-31,71,41.97,John Chen,1-647-889-8660,Y,L000115,Frequent,4792,Male,18,2007-11-02,Barista
T000099,john.gonzalez429@outlook.com,2024-11-06,113,133.92,John Gonzalez,1-905-211-5202,N,,,,,,,
T001855,john.gonzalez429@outlook.com,2025-04-10,97,88.45,John Gonzalez,1-905-211-5202,N,,,,,,,
T002441,john.gonzalez429@outlook.com,2025-05-31,125,150.42,John Gonzalez,1-905-211-5202,N,,,,,,,
T002849,john.gonzalez429@outlook.com,2025-06-28,103,37.77,John Gonzalez,1-905-211-5202,N,,,,,,,
T004308,john.gonzalez429@outlook.com,2025-10-11,164,43.44,John Gonzalez,1-905-211-5202,N,,,,,,,
T004457,john.gonzalez429@outlook.com,2025-10-25,36,20.28,John Gonzalez,1-905-211-5202,N,,,,,,,
T000245,john.lau426@outlook.com,2024-11-18,154,105.53,John Lau,1-905-250-7455,Y,L000427,Very Frequent,9642,Prefer not to say,25,2000-12-28,Graphic Designer
T000249,john.lau426@outlook.com,2024-11-18,55,15.47,John Lau,1-905-250-7455,Y,L000427,Very Frequent,9642,Prefer not to say,25,2000-12-28,Graphic Designer
T002052,john.lau426@outlook.com,2025-04-27,110,160.36,John Lau,1-905-250-7455,Y,L000427,Very Frequent,9642,Prefer not to say,25,2000-12-28,Graphic Designer
T002879,john.lau426@outlook.com,2025-06-29,100,39.97,John Lau,1-905-250-7455,Y,L000427,Very Frequent,9642,Prefer not to say,25,2000-12-28,Graphic Designer
T003449,john.lau426@outlook.com,2025-08-09,68,26.97,John Lau,1-905-250-7455,Y,L000427,Very Frequent,9642,Prefer not to say,25,2000-12-28,Graphic Designer
T003661,john.lau426@outlook.com,2025-08-23,239,150.4,John Lau,1-905-250-7455,Y,L000427,Very Frequent,9642,Prefer not to say,25,2000-12-28,Graphic Designer
T003749,john.lau426@outlook.com,2025-08-28,135,267.71,John Lau,1-905-250-7455,Y,L000427,Very Frequent,9642,Prefer not to say,25,2000-12-28,Graphic Designer
T004037,john.lau426@outlook.com,2025-09-20,108,83.95,John Lau,1-905-250-7455,Y,L000427,Very Frequent,9642,Prefer not to say,25,2000-12-28,Graphic Designer
T004226,john.lau426@outlook.com,2025-10-04,109,113.92,John Lau,1-905-250-7455,Y,L000427,Very Frequent,9642,Prefer not to say,25,2000-12-28,Graphic Designer
T000951,john.li445@outlook.com,2025-01-12,62,62.83,John Li,1-437-652-1011,N,,,,,,,
T001254,john.li445@outlook.com,2025-02-15,93,112.24,John Li,1-437-652-1011,N,,,,,,,
T001487,john.li445@outlook.com,2025-03-10,103,95.99,John Li,1-437-652-1011,N,,,,,,,
T003856,john.li445@outlook.com,2025-09-03,108,42.49,John Li,1-437-652-1011,N,,,,,,,
T003869,john.li445@outlook.com,2025-09-04,113,107.92,John Li,1-437-652-1011,N,,,,,,,
T004211,john.li445@outlook.com,2025-10-03,128,48.47,John Li,1-437-652-1011,N,,,,,,,
T000999,john.lin172@outlook.com,2025-01-18,154,58.95,John Lin,1-289-619-3739,Y,L000173,Very Frequent,8557,Male,18,2007-08-15,Customer Service Rep
T001240,john.lin172@outlook.com,2025-02-12,131,159.37,John Lin,1-289-619-3739,Y,L000173,Very Frequent,8557,Male,18,2007-08-15,Customer Service Rep
T001306,john.lin172@outlook.com,2025-02-20,133,71.93,John Lin,1-289-619-3739,Y,L000173,Very Frequent,8557,Male,18,2007-08-15,Customer Service Rep
T002621,john.lin172@outlook.com,2025-06-13,89,130.45,John Lin,1-289-619-3739,Y,L000173,Very Frequent,8557,Male,18,2007-08-15,Customer Service Rep
T002654,john.lin172@outlook.com,2025-06-14,90,83.45,John Lin,1-289-619-3739,Y,L000173,Very Frequent,8557,Male,18,2007-08-15,Customer Service Rep
T002695,john.lin172@outlook.com,2025-06-17,33,153.89,John Lin,1-289-619-3739,Y,L000173,Very Frequent,8557,Male,18,2007-08-15,Customer Service Rep
T003800,john.lin172@outlook.com,2025-08-31,144,34.27,John Lin,1-289-619-3739,Y,L000173,Very Frequent,8557,Male,18,2007-08-15,Customer Service Rep
T004220,john.lin172@outlook.com,2025-10-04,141,163.4,John Lin,1-289-619-3739,Y,L000173,Very Frequent,8557,Male,18,2007-08-15,Customer Service Rep
T000011,john.nguyen261@hotmail.com,2024-10-28,107,119.71,John Nguyen,1-365-200-5540,N,,,,,,,
T000666,john.nguyen261@hotmail.com,2024-12-18,111,60.94,John Nguyen,1-365-200-5540,N,,,,,,,
T001976,john.nguyen261@hotmail.com,2025-04-21,149,108.91,John Nguyen,1-365-200-5540,N,,,,,,,
T002465,john.nguyen261@hotmail.com,2025-06-01,117,106.47,John Nguyen,1-365-200-5540,N,,,,,,,
T003517,john.nguyen261@hotmail.com,2025-08-13,86,37.47,John Nguyen,1-365-200-5540,N,,,,,,,
T004021,john.nguyen261@hotmail.com,2025-09-18,146,71.46,John Nguyen,1-365-200-5540,N,,,,,,,
T004466,john.nguyen261@hotmail.com,2025-10-26,157,135.19,John Nguyen,1-365-200-5540,N,,,,,,,
T000965,john.patel21@yahoo.com,2025-01-14,105,8.49,John Patel,1-905-424-3920,Y,L000022,Frequent,7512,Male,18,2007-07-06,Marketing Specialist
T001243,john.patel21@yahoo.com,2025-02-12,186,122.42,John Patel,1-905-424-3920,Y,L000022,Frequent,7512,Male,18,2007-07-06,Marketing Specialist
T001865,john.patel21@yahoo.com,2025-04-11,77,82.95,John Patel,1-905-424-3920,Y,L000022,Frequent,7512,Male,18,2007-07-06,Marketing Specialist
T002057,john.patel21@yahoo.com,2025-04-28,38,98.94,John Patel,1-905-424-3920,Y,L000022,Frequent,7512,Male,18,2007-07-06,Marketing Specialist
T002266,john.patel21@yahoo.com,2025-05-15,131,63.45,John Patel,1-905-424-3920,Y,L000022,Frequent,7512,Male,18,2007-07-06,Marketing Specialist
T002823,john.patel21@yahoo.com,2025-06-26,129,15.98,John Patel,1-905-424-3920,Y,L000022,Frequent,7512,Male,18,2007-07-06,Marketing Specialist
T003227,john.patel21@yahoo.com,2025-07-25,134,162.14,John Patel,1-905-424-3920,Y,L000022,Frequent,7512,Male,18,2007-07-06,Marketing Specialist
T003850,john.patel21@yahoo.com,2025-09-03,178,49.97,John Patel,1-905-424-3920,Y,L000022,Frequent,7512,Male,18,2007-07-06,Marketing Specialist
T004438,john.patel21@yahoo.com,2025-10-24,112,146.93,John Patel,1-905-424-3920,Y,L000022,Frequent,7512,Male,18,2007-07-06,Marketing Specialist
T000206,john.smith377@gmail.com,2024-11-15,122,91.42,John Smith,1-365-326-9208,Y,L000378,Very Frequent,11564,Male,50,1975-05-13,Customer Service Rep
T000856,john.smith377@gmail.com,2024-12-31,111,22.28,John Smith,1-365-326-9208,Y,L000378,Very Frequent,11564,Male,50,1975-05-13,Customer Service Rep
T001309,john.smith377@gmail.com,2025-02-20,130,33.98,John Smith,1-365-326-9208,Y,L000378,Very Frequent,11564,Male,50,1975-05-13,Customer Service Rep
T001485,john.smith377@gmail.com,2025-03-10,111,44.97,John Smith,1-365-326-9208,Y,L000378,Very Frequent,11564,Male,50,1975-05-13,Customer Service Rep
T001705,john.smith377@gmail.com,2025-03-29,118,44.99,John Smith,1-365-326-9208,Y,L000378,Very Frequent,11564,Male,50,1975-05-13,Customer Service Rep
T001792,john.smith377@gmail.com,2025-04-05,141,120.31,John Smith,1-365-326-9208,Y,L000378,Very Frequent,11564,Male,50,1975-05-13,Customer Service Rep
T002481,john.smith377@gmail.com,2025-06-02,114,225.88,John Smith,1-365-326-9208,Y,L000378,Very Frequent,11564,Male,50,1975-05-13,Customer Service Rep
T002881,john.smith377@gmail.com,2025-06-29,38,56.98,John Smith,1-365-326-9208,Y,L000378,Very Frequent,11564,Male,50,1975-05-13,Customer Service Rep
T002998,john.smith377@gmail.com,2025-07-08,154,58.47,John Smith,1-365-326-9208,Y,L000378,Very Frequent,11564,Male,50,1975-05-13,Customer Service Rep
T003021,john.smith377@gmail.com,2025-07-10,158,133.43,John Smith,1-365-326-9208,Y,L000378,Very Frequent,11564,Male,50,1975-05-13,Customer Service Rep
T003274,john.smith377@gmail.com,2025-07-27,96,104.93,John Smith,1-365-326-9208,Y,L000378,Very Frequent,11564,Male,50,1975-05-13,Customer Service Rep
T003674,john.smith377@gmail.com,2025-08-24,95,147.91,John Smith,1-365-326-9208,Y,L000378,Very Frequent,11564,Male,50,1975-05-13,Customer Service Rep
T004061,john.smith377@gmail.com,2025-09-21,104,18.98,John Smith,1-365-326-9208,Y,L000378,Very Frequent,11564,Male,50,1975-05-13,Customer Service Rep
T004092,john.smith377@gmail.com,2025-09-23,105,51.93,John Smith,1-365-326-9208,Y,L000378,Very Frequent,11564,Male,50,1975-05-13,Customer Service Rep
T000585,john.taylor88@hotmail.com,2024-12-13,92,28.47,John Taylor,1-647-690-7231,Y,L000089,Frequent,5102,Female,44,1981-02-01,Truck Driver
T000703,john.taylor88@hotmail.com,2024-12-21,117,36.96,John Taylor,1-647-690-7231,Y,L000089,Frequent,5102,Female,44,1981-02-01,Truck Driver
T001279,john.taylor88@hotmail.com,2025-02-17,97,29.98,John Taylor,1-647-690-7231,Y,L000089,Frequent,5102,Female,44,1981-02-01,Truck Driver
T001327,john.taylor88@hotmail.com,2025-02-22,116,89.7,John Taylor,1-647-690-7231,Y,L000089,Frequent,5102,Female,44,1981-02-01,Truck Driver
T002236,john.taylor88@hotmail.com,2025-05-12,107,200.19,John Taylor,1-647-690-7231,Y,L000089,Frequent,5102,Female,44,1981-02-01,Truck Driver
T003068,john.taylor88@hotmail.com,2025-07-13,86,82.99,John Taylor,1-647-690-7231,Y,L000089,Frequent,5102,Female,44,1981-02-01,Truck Driver
T003770,john.taylor88@hotmail.com,2025-08-30,85,41.96,John Taylor,1-647-690-7231,Y,L000089,Frequent,5102,Female,44,1981-02-01,Truck Driver
T000250,john.white173@yahoo.com,2024-11-19,110,4.99,John White,1-289-550-1344,N,,,,,,,
T000301,john.white173@yahoo.com,2024-11-23,105,115.73,John White,1-289-550-1344,N,,,,,,,
T000447,john.white173@yahoo.com,2024-12-04,120,160.88,John White,1-289-550-1344,N,,,,,,,
T001238,john.white173@yahoo.com,2025-02-12,133,55.48,John White,1-289-550-1344,N,,,,,,,
T001926,john.white173@yahoo.com,2025-04-17,105,35.47,John White,1-289-550-1344,N,,,,,,,
T002434,john.white173@yahoo.com,2025-05-30,107,49.96,John White,1-289-550-1344,N,,,,,,,
T002660,john.white173@yahoo.com,2025-06-15,88,80.47,John White,1-289-550-1344,N,,,,,,,
T003235,john.white173@yahoo.com,2025-07-25,64,30.48,John White,1-289-550-1344,N,,,,,,,
T003733,john.white173@yahoo.com,2025-08-27,90,85.43,John White,1-289-550-1344,N,,,,,,,
T003937,john.white173@yahoo.com,2025-09-09,105,38.96,John White,1-289-550-1344,N,,,,,,,
T004064,john.white173@yahoo.com,2025-09-21,114,112.19,John White,1-289-550-1344,N,,,,,,,
T004252,john.white173@yahoo.com,2025-10-06,173,42.97,John White,1-289-550-1344,N,,,,,,,
T001145,joseph.brown481@hotmail.com,2025-02-02,140,163.01,Joseph Brown,1-289-952-262,Y,L000482,Frequent,7563,Prefer not to say,39,1986-04-30,HR Coordinator
T001252,joseph.brown481@hotmail.com,2025-02-15,107,158.9,Joseph Brown,1-289-952-262,Y,L000482,Frequent,7563,Prefer not to say,39,1986-04-30,HR Coordinator
T001751,joseph.brown481@hotmail.com,2025-04-01,57,50.95,Joseph Brown,1-289-952-262,Y,L000482,Frequent,7563,Prefer not to say,39,1986-04-30,HR Coordinator
T002936,joseph.brown481@hotmail.com,2025-07-04,108,93.24,Joseph Brown,1-289-952-262,Y,L000482,Frequent,7563,Prefer not to say,39,1986-04-30,HR Coordinator
T002995,joseph.brown481@hotmail.com,2025-07-08,116,57.95,Joseph Brown,1-289-952-262,Y,L000482,Frequent,7563,Prefer not to say,39,1986-04-30,HR Coordinator
T003750,joseph.brown481@hotmail.com,2025-08-28,149,102.93,Joseph Brown,1-289-952-262,Y,L000482,Frequent,7563,Prefer not to say,39,1986-04-30,HR Coordinator
T004056,joseph.brown481@hotmail.com,2025-09-21,79,129.4,Joseph Brown,1-289-952-262,Y,L000482,Frequent,7563,Prefer not to say,39,1986-04-30,HR Coordinator
T000264,joseph.chan456@yahoo.com,2024-11-20,110,104.45,Joseph Chan,1-289-137-2895,N,,,,,,,
T000405,joseph.chan456@yahoo.com,2024-12-01,105,12.49,Joseph Chan,1-289-137-2895,N,,,,,,,
T000446,joseph.chan456@yahoo.com,2024-12-04,89,48.97,Joseph Chan,1-289-137-2895,N,,,,,,,
T000466,joseph.chan456@yahoo.com,2024-12-05,128,67.47,Joseph Chan,1-289-137-2895,N,,,,,,,
T001490,joseph.chan456@yahoo.com,2025-03-10,102,171.19,Joseph Chan,1-289-137-2895,N,,,,,,,
T001572,joseph.chan456@yahoo.com,2025-03-16,135,12.49,Joseph Chan,1-289-137-2895,N,,,,,,,
T001755,joseph.chan456@yahoo.com,2025-04-02,58,54.97,Joseph Chan,1-289-137-2895,N,,,,,,,
T002428,joseph.chan456@yahoo.com,2025-05-29,72,201.55,Joseph Chan,1-289-137-2895,N,,,,,,,
T002596,joseph.chan456@yahoo.com,2025-06-11,108,64.96,Joseph Chan,1-289-137-2895,N,,,,,,,
T003225,joseph.chan456@yahoo.com,2025-07-24,86,144.19,Joseph Chan,1-289-137-2895,N,,,,,,,
T003330,joseph.chan456@yahoo.com,2025-07-31,104,57.95,Joseph Chan,1-289-137-2895,N,,,,,,,
T000363,joseph.khan73@hotmail.com,2024-11-29,97,77.46,Joseph Khan,1-437-540-432,Y,L000074,Very Frequent,13436,Male,30,1995-08-30,Project Manager
T000510,joseph.khan73@hotmail.com,2024-12-08,125,62.53,Joseph Khan,1-437-540-432,Y,L000074,Very Frequent,13436,Male,30,1995-08-30,Project Manager
T000724,joseph.khan73@hotmail.com,2024-12-22,82,102.25,Joseph Khan,1-437-540-432,Y,L000074,Very Frequent,13436,Male,30,1995-08-30,Project Manager
T001103,joseph.khan73@hotmail.com,2025-01-29,78,105.39,Joseph Khan,1-437-540-432,Y,L000074,Very Frequent,13436,Male,30,1995-08-30,Project Manager
T001377,joseph.khan73@hotmail.com,2025-02-28,155,47.44,Joseph Khan,1-437-540-432,Y,L000074,Very Frequent,13436,Male,30,1995-08-30,Project Manager
T002022,joseph.khan73@hotmail.com,2025-04-25,142,139.89,Joseph Khan,1-437-540-432,Y,L000074,Very Frequent,13436,Male,30,1995-08-30,Project Manager
T002177,joseph.khan73@hotmail.com,2025-05-07,84,205.2,Joseph Khan,1-437-540-432,Y,L000074,Very Frequent,13436,Male,30,1995-08-30,Project Manager
T002420,joseph.khan73@hotmail.com,2025-05-28,90,112.42,Joseph Khan,1-437-540-432,Y,L000074,Very Frequent,13436,Male,30,1995-08-30,Project Manager
T002890,joseph.khan73@hotmail.com,2025-06-30,97,204.34,Joseph Khan,1-437-540-432,Y,L000074,Very Frequent,13436,Male,30,1995-08-30,Project Manager
T004144,joseph.khan73@hotmail.com,2025-09-28,159,83.04,Joseph Khan,1-437-540-432,Y,L000074,Very Frequent,13436,Male,30,1995-08-30,Project Manager
T004190,joseph.khan73@hotmail.com,2025-10-02,30,12.48,Joseph Khan,1-437-540-432,Y,L000074,Very Frequent,13436,Male,30,1995-08-30,Project Manager
T004340,joseph.khan73@hotmail.com,2025-10-14,101,191.21,Joseph Khan,1-437-540-432,Y,L000074,Very Frequent,13436,Male,30,1995-08-30,Project Manager
T000064,joseph.lopez252@icloud.com,2024-11-03,94,147.4,Joseph Lopez,1-365-467-8855,Y,L000253,Frequent,7304,Female,43,1982-10-18,Product Manager
T000190,joseph.lopez252@icloud.com,2024-11-13,122,12.98,Joseph Lopez,1-365-467-8855,Y,L000253,Frequent,7304,Female,43,1982-10-18,Product Manager
T002064,joseph.lopez252@icloud.com,2025-04-28,93,11.49,Joseph Lopez,1-365-467-8855,Y,L000253,Frequent,7304,Female,43,1982-10-18,Product Manager
T002096,joseph.lopez252@icloud.com,2025-05-01,66,38.55,Joseph Lopez,1-365-467-8855,Y,L000253,Frequent,7304,Female,43,1982-10-18,Product Manager
T002379,joseph.lopez252@icloud.com,2025-05-25,68,80.93,Joseph Lopez,1-365-467-8855,Y,L000253,Frequent,7304,Female,43,1982-10-18,Product Manager
T002505,joseph.lopez252@icloud.com,2025-06-04,94,174.89,Joseph Lopez,1-365-467-8855,Y,L000253,Frequent,7304,Female,43,1982-10-18,Product Manager
T003233,joseph.lopez252@icloud.com,2025-07-25,97,89.44,Joseph Lopez,1-365-467-8855,Y,L000253,Frequent,7304,Female,43,1982-10-18,Product Manager
T003310,joseph.lopez252@icloud.com,2025-07-29,78,9.57,Joseph Lopez,1-365-467-8855,Y,L000253,Frequent,7304,Female,43,1982-10-18,Product Manager
T003779,joseph.lopez252@icloud.com,2025-08-30,93,105.93,Joseph Lopez,1-365-467-8855,Y,L000253,Frequent,7304,Female,43,1982-10-18,Product Manager
T004380,joseph.lopez252@icloud.com,2025-10-19,39,59.22,Joseph Lopez,1-365-467-8855,Y,L000253,Frequent,7304,Female,43,1982-10-18,Product Manager
T000271,joseph.nguyen416@icloud.com,2024-11-21,84,81.93,Joseph Nguyen,1-647-636-9023,Y,L000417,Very Frequent,11122,Male,35,1990-02-17,Graphic Designer
T000493,joseph.nguyen416@icloud.com,2024-12-07,121,219.7,Joseph Nguyen,1-647-636-9023,Y,L000417,Very Frequent,11122,Male,35,1990-02-17,Graphic Designer
T000573,joseph.nguyen416@icloud.com,2024-12-12,180,21.98,Joseph Nguyen,1-647-636-9023,Y,L000417,Very Frequent,11122,Male,35,1990-02-17,Graphic Designer
T000612,joseph.nguyen416@icloud.com,2024-12-15,122,33.47,Joseph Nguyen,1-647-636-9023,Y,L000417,Very Frequent,11122,Male,35,1990-02-17,Graphic Designer
T001089,joseph.nguyen416@icloud.com,2025-01-27,59,106.71,Joseph Nguyen,1-647-636-9023,Y,L000417,Very Frequent,11122,Male,35,1990-02-17,Graphic Designer
T003019,joseph.nguyen416@icloud.com,2025-07-10,127,104.43,Joseph Nguyen,1-647-636-9023,Y,L000417,Very Frequent,11122,Male,35,1990-02-17,Graphic Designer
T003138,joseph.nguyen416@icloud.com,2025-07-19,114,125.19,Joseph Nguyen,1-647-636-9023,Y,L000417,Very Frequent,11122,Male,35,1990-02-17,Graphic Designer
T003525,joseph.nguyen416@icloud.com,2025-08-14,93,59.07,Joseph Nguyen,1-647-636-9023,Y,L000417,Very Frequent,11122,Male,35,1990-02-17,Graphic Designer
T003596,joseph.nguyen416@icloud.com,2025-08-18,30,53.97,Joseph Nguyen,1-647-636-9023,Y,L000417,Very Frequent,11122,Male,35,1990-02-17,Graphic Designer
T004440,joseph.nguyen416@icloud.com,2025-10-24,100,305.81,Joseph Nguyen,1-647-636-9023,Y,L000417,Very Frequent,11122,Male,35,1990-02-17,Graphic Designer
T000153,layla.chow107@outlook.com,2024-11-10,30,12.49,Layla Chow,1-905-609-8417,Y,L000108,Very Frequent,13911,Male,43,1982-08-06,Electrician
T000155,layla.chow107@outlook.com,2024-11-10,91,199.92,Layla Chow,1-905-609-8417,Y,L000108,Very Frequent,13911,Male,43,1982-08-06,Electrician
T000406,layla.chow107@outlook.com,2024-12-01,151,131.9,Layla Chow,1-905-609-8417,Y,L000108,Very Frequent,13911,Male,43,1982-08-06,Electrician
T000919,layla.chow107@outlook.com,2025-01-07,45,106.93,Layla Chow,1-905-609-8417,Y,L000108,Very Frequent,13911,Male,43,1982-08-06,Electrician
T001442,layla.chow107@outlook.com,2025-03-06,30,53.96,Layla Chow,1-905-609-8417,Y,L000108,Very Frequent,13911,Male,43,1982-08-06,Electrician
T001712,layla.chow107@outlook.com,2025-03-29,65,118.87,Layla Chow,1-905-609-8417,Y,L000108,Very Frequent,13911,Male,43,1982-08-06,Electrician
T002252,layla.chow107@outlook.com,2025-05-14,174,146.93,Layla Chow,1-905-609-8417,Y,L000108,Very Frequent,13911,Male,43,1982-08-06,Electrician
T002703,layla.chow107@outlook.com,2025-06-18,128,57.95,Layla Chow,1-905-609-8417,Y,L000108,Very Frequent,13911,Male,43,1982-08-06,Electrician
T002975,layla.chow107@outlook.com,2025-07-06,76,109.22,Layla Chow,1-905-609-8417,Y,L000108,Very Frequent,13911,Male,43,1982-08-06,Electrician
T003621,layla.chow107@outlook.com,2025-08-21,100,132.89,Layla Chow,1-905-609-8417,Y,L000108,Very Frequent,13911,Male,43,1982-08-06,Electrician
T003782,layla.chow107@outlook.com,2025-08-30,83,158.69,Layla Chow,1-905-609-8417,Y,L000108,Very Frequent,13911,Male,43,1982-08-06,Electrician
T004486,layla.chow107@outlook.com,2025-10-27,88,161.38,Layla Chow,1-905-609-8417,Y,L000108,Very Frequent,13911,Male,43,1982-08-06,Electrician
T000147,layla.garcia440@hotmail.com,2024-11-10,142,11.49,Layla Garcia,1-905-952-4961,N,,,,,,,
T000511,layla.garcia440@hotmail.com,2024-12-08,158,51.96,Layla Garcia,1-905-952-4961,N,,,,,,,
T000524,layla.garcia440@hotmail.com,2024-12-09,95,49.48,Layla Garcia,1-905-952-4961,N,,,,,,,
T000684,layla.garcia440@hotmail.com,2024-12-20,71,45.47,Layla Garcia,1-905-952-4961,N,,,,,,,
T000737,layla.garcia440@hotmail.com,2024-12-24,30,15.98,Layla Garcia,1-905-952-4961,N,,,,,,,
T001645,layla.garcia440@hotmail.com,2025-03-23,101,36.45,Layla Garcia,1-905-952-4961,N,,,,,,,
T002518,layla.garcia440@hotmail.com,2025-06-05,136,114.73,Layla Garcia,1-905-952-4961,N,,,,,,,
T002541,layla.garcia440@hotmail.com,2025-06-07,147,17.49,Layla Garcia,1-905-952-4961,N,,,,,,,
T002774,layla.garcia440@hotmail.com,2025-06-22,92,98.45,Layla Garcia,1-905-952-4961,N,,,,,,,
T002830,layla.garcia440@hotmail.com,2025-06-27,93,80.94,Layla Garcia,1-905-952-4961,N,,,,,,,
T002976,layla.garcia440@hotmail.com,2025-07-06,103,30.48,Layla Garcia,1-905-952-4961,N,,,,,,,
T003653,layla.garcia440@hotmail.com,2025-08-23,92,80.94,Layla Garcia,1-905-952-4961,N,,,,,,,
T003794,layla.garcia440@hotmail.com,2025-08-30,114,114.45,Layla Garcia,1-905-952-4961,N,,,,,,,
T004329,layla.garcia440@hotmail.com,2025-10-13,107,173.41,Layla Garcia,1-905-952-4961,N,,,,,,,
T000664,layla.gonzalez4@icloud.com,2024-12-18,103,224.44,Layla Gonzalez,1-647-702-2021,Y,L000005,Frequent,5245,Female,33,1992-02-18,Software Engineer
T001007,layla.gonzalez4@icloud.com,2025-01-18,56,144.42,Layla Gonzalez,1-647-702-2021,Y,L000005,Frequent,5245,Female,33,1992-02-18,Software Engineer
T002961,layla.gonzalez4@icloud.com,2025-07-05,96,29.47,Layla Gonzalez,1-647-702-2021,Y,L000005,Frequent,5245,Female,33,1992-02-18,Software Engineer
T003665,layla.gonzalez4@icloud.com,2025-08-23,51,93.94,Layla Gonzalez,1-647-702-2021,Y,L000005,Frequent,5245,Female,33,1992-02-18,Software Engineer
T003975,layla.gonzalez4@icloud.com,2025-09-13,181,32.27,Layla Gonzalez,1-647-702-2021,Y,L000005,Frequent,5245,Female,33,1992-02-18,Software Engineer
T000002,layla.lam324@icloud.com,2024-10-28,98,71.94,Layla Lam,1-289-318-7623,N,,,,,,,
T000809,layla.lam324@icloud.com,2024-12-28,123,45.77,Layla Lam,1-289-318-7623,N,,,,,,,
T001643,layla.lam324@icloud.com,2025-03-23,103,57.07,Layla Lam,1-289-318-7623,N,,,,,,,
T002778,layla.lam324@icloud.com,2025-06-22,74,74.98,Layla Lam,1-289-318-7623,N,,,,,,,
T004397,layla.lam324@icloud.com,2025-10-19,115,9.99,Layla Lam,1-289-318-7623,N,,,,,,,
T000165,layla.lin370@yahoo.com,2024-11-10,111,32.48,Layla Lin,1-365-635-7660,N,,,,,,,
T000240,layla.lin370@yahoo.com,2024-11-18,98,213.89,Layla Lin,1-365-635-7660,N,,,,,,,
T000373,layla.lin370@yahoo.com,2024-11-30,112,55.27,Layla Lin,1-365-635-7660,N,,,,,,,
T002850,layla.lin370@yahoo.com,2025-06-28,95,24.97,Layla Lin,1-365-635-7660,N,,,,,,,
T003551,layla.lin370@yahoo.com,2025-08-15,78,103.2,Layla Lin,1-365-635-7660,N,,,,,,,
T003744,layla.lin370@yahoo.com,2025-08-28,83,134.94,Layla Lin,1-365-635-7660,N,,,,,,,
T000309,layla.martinez199@hotmail.com,2024-11-24,108,181.18,Layla Martinez,1-416-665-6315,Y,L000200,Very Frequent,10357,Female,31,1994-05-14,Research Assistant
T000640,layla.martinez199@hotmail.com,2024-12-16,110,51.46,Layla Martinez,1-416-665-6315,Y,L000200,Very Frequent,10357,Female,31,1994-05-14,Research Assistant
T000946,layla.martinez199@hotmail.com,2025-01-11,123,53.96,Layla Martinez,1-416-665-6315,Y,L000200,Very Frequent,10357,Female,31,1994-05-14,Research Assistant
T001134,layla.martinez199@hotmail.com,2025-02-01,80,66.96,Layla Martinez,1-416-665-6315,Y,L000200,Very Frequent,10357,Female,31,1994-05-14,Research Assistant
T001202,layla.martinez199@hotmail.com,2025-02-08,87,73.97,Layla Martinez,1-416-665-6315,Y,L000200,Very Frequent,10357,Female,31,1994-05-14,Research Assistant
T001223,layla.martinez199@hotmail.com,2025-02-09,30,18.48,Layla Martinez,1-416-665-6315,Y,L000200,Very Frequent,10357,Female,31,1994-05-14,Research Assistant
T002552,layla.martinez199@hotmail.com,2025-06-08,51,124.2,Layla Martinez,1-416-665-6315,Y,L000200,Very Frequent,10357,Female,31,1994-05-14,Research Assistant
T002644,layla.martinez199@hotmail.com,2025-06-14,121,121.44,Layla Martinez,1-416-665-6315,Y,L000200,Very Frequent,10357,Female,31,1994-05-14,Research Assistant
T002882,layla.martinez199@hotmail.com,2025-06-29,102,3.49,Layla Martinez,1-416-665-6315,Y,L000200,Very Frequent,10357,Female,31,1994-05-14,Research Assistant
T003746,layla.martinez199@hotmail.com,2025-08-28,108,103.72,Layla Martinez,1-416-665-6315,Y,L000200,Very Frequent,10357,Female,31,1994-05-14,Research Assistant
T004010,layla.martinez199@hotmail.com,2025-09-17,156,83.72,Layla Martinez,1-416-665-6315,Y,L000200,Very Frequent,10357,Female,31,1994-05-14,Research Assistant
T004360,layla.martinez199@hotmail.com,2025-10-17,117,153.2,Layla Martinez,1-416-665-6315,Y,L000200,Very Frequent,10357,Female,31,1994-05-14,Research Assistant
T000043,layla.nguyen320@yahoo.com,2024-10-31,99,143.43,Layla Nguyen,1-437-948-2461,N,,,,,,,
T000203,layla.nguyen320@yahoo.com,2024-11-15,76,76.72,Layla Nguyen,1-437-948-2461,N,,,,,,,
T000303,layla.nguyen320@yahoo.com,2024-11-23,146,132.98,Layla Nguyen,1-437-948-2461,N,,,,,,,
T000693,layla.nguyen320@yahoo.com,2024-12-21,65,97.9,Layla Nguyen,1-437-948-2461,N,,,,,,,
T001418,layla.nguyen320@yahoo.com,2025-03-03,79,29.96,Layla Nguyen,1-437-948-2461,N,,,,,,,
T001640,layla.nguyen320@yahoo.com,2025-03-23,126,112.96,Layla Nguyen,1-437-948-2461,N,,,,,,,
T002597,layla.nguyen320@yahoo.com,2025-06-11,57,122.73,Layla Nguyen,1-437-948-2461,N,,,,,,,
T002757,layla.nguyen320@yahoo.com,2025-06-21,120,69.95,Layla Nguyen,1-437-948-2461,N,,,,,,,
T003095,layla.nguyen320@yahoo.com,2025-07-15,30,48.96,Layla Nguyen,1-437-948-2461,N,,,,,,,
T003629,layla.nguyen320@yahoo.com,2025-08-21,96,45.48,Layla Nguyen,1-437-948-2461,N,,,,,,,
T000625,layla.nowak71@gmail.com,2024-12-15,119,74.94,Layla Nowak,1-365-227-5811,Y,L000072,Frequent,7581,Male,39,1986-06-13,Barista
T000705,layla.nowak71@gmail.com,2024-12-21,55,151.93,Layla Nowak,1-365-227-5811,Y,L000072,Frequent,7581,Male,39,1986-06-13,Barista
T001215,layla.nowak71@gmail.com,2025-02-09,116,110.71,Layla Nowak,1-365-227-5811,Y,L000072,Frequent,7581,Male,39,1986-06-13,Barista
T001933,layla.nowak71@gmail.com,2025-04-17,56,182.69,Layla Nowak,1-365-227-5811,Y,L000072,Frequent,7581,Male,39,1986-06-13,Barista
T002017,layla.nowak71@gmail.com,2025-04-25,30,44.47,Layla Nowak,1-365-227-5811,Y,L000072,Frequent,7581,Male,39,1986-06-13,Barista
T002227,layla.nowak71@gmail.com,2025-05-11,38,88.96,Layla Nowak,1-365-227-5811,Y,L000072,Frequent,7581,Male,39,1986-06-13,Barista
T002852,layla.nowak71@gmail.com,2025-06-28,30,19.99,Layla Nowak,1-365-227-5811,Y,L000072,Frequent,7581,Male,39,1986-06-13,Barista
T004088,layla.nowak71@gmail.com,2025-09-23,117,26.48,Layla Nowak,1-365-227-5811,Y,L000072,Frequent,7581,Male,39,1986-06-13,Barista
T004480,layla.nowak71@gmail.com,2025-10-27,77,57.98,Layla Nowak,1-365-227-5811,Y,L000072,Frequent,7581,Male,39,1986-06-13,Barista
T000166,layla.thompson352@hotmail.com,2024-11-10,116,50.97,Layla Thompson,1-905-140-2376,Y,L000353,Very Frequent,8018,Female,36,1989-02-28,Product Manager
T001162,layla.thompson352@hotmail.com,2025-02-04,50,118.71,Layla Thompson,1-905-140-2376,Y,L000353,Very Frequent,8018,Female,36,1989-02-28,Product Manager
T001206,layla.thompson352@hotmail.com,2025-02-08,96,80.48,Layla Thompson,1-905-140-2376,Y,L000353,Very Frequent,8018,Female,36,1989-02-28,Product Manager
T001927,layla.thompson352@hotmail.com,2025-04-17,82,47.46,Layla Thompson,1-905-140-2376,Y,L000353,Very Frequent,8018,Female,36,1989-02-28,Product Manager
T002089,layla.thompson352@hotmail.com,2025-04-30,111,53.45,Layla Thompson,1-905-140-2376,Y,L000353,Very Frequent,8018,Female,36,1989-02-28,Product Manager
T002170,layla.thompson352@hotmail.com,2025-05-06,57,214.1,Layla Thompson,1-905-140-2376,Y,L000353,Very Frequent,8018,Female,36,1989-02-28,Product Manager
T002248,layla.thompson352@hotmail.com,2025-05-13,174,43.46,Layla Thompson,1-905-140-2376,Y,L000353,Very Frequent,8018,Female,36,1989-02-28,Product Manager
T002616,layla.thompson352@hotmail.com,2025-06-12,141,21.76,Layla Thompson,1-905-140-2376,Y,L000353,Very Frequent,8018,Female,36,1989-02-28,Product Manager
T004135,layla.thompson352@hotmail.com,2025-09-27,153,171.45,Layla Thompson,1-905-140-2376,Y,L000353,Very Frequent,8018,Female,36,1989-02-28,Product Manager
T001224,layla.tremblay32@outlook.com,2025-02-09,120,199.35,Layla Tremblay,1-647-663-5897,Y,L000033,Very Frequent,8230,Female,19,2006-02-19,Data Analyst
T001292,layla.tremblay32@outlook.com,2025-02-18,60,110.44,Layla Tremblay,1-647-663-5897,Y,L000033,Very Frequent,8230,Female,19,2006-02-19,Data Analyst
T001302,layla.tremblay32@outlook.com,2025-02-19,37,83.98,Layla Tremblay,1-647-663-5897,Y,L000033,Very Frequent,8230,Female,19,2006-02-19,Data Analyst
T001329,layla.tremblay32@outlook.com,2025-02-23,128,74.95,Layla Tremblay,1-647-663-5897,Y,L000033,Very Frequent,8230,Female,19,2006-02-19,Data Analyst
T001726,layla.tremblay32@outlook.com,2025-03-30,79,40.97,Layla Tremblay,1-647-663-5897,Y,L000033,Very Frequent,8230,Female,19,2006-02-19,Data Analyst
T001797,layla.tremblay32@outlook.com,2025-04-06,178,60.97,Layla Tremblay,1-647-663-5897,Y,L000033,Very Frequent,8230,Female,19,2006-02-19,Data Analyst
T002777,layla.tremblay32@outlook.com,2025-06-22,152,30.05,Layla Tremblay,1-647-663-5897,Y,L000033,Very Frequent,8230,Female,19,2006-02-19,Data Analyst
T002837,layla.tremblay32@outlook.com,2025-06-27,71,84.91,Layla Tremblay,1-647-663-5897,Y,L000033,Very Frequent,8230,Female,19,2006-02-19,Data Analyst
T003703,layla.tremblay32@outlook.com,2025-08-25,177,51.46,Layla Tremblay,1-647-663-5897,Y,L000033,Very Frequent,8230,Female,19,2006-02-19,Data Analyst
T003799,layla.tremblay32@outlook.com,2025-08-31,61,85.95,Layla Tremblay,1-647-663-5897,Y,L000033,Very Frequent,8230,Female,19,2006-02-19,Data Analyst
T000046,layla.tremblay460@yahoo.com,2024-11-01,145,58.95,Layla Tremblay,1-416-405-8657,Y,L000461,Very Frequent,10938,Prefer not to say,23,2002-07-12,Teacher
T001048,layla.tremblay460@yahoo.com,2025-01-22,30,31.47,Layla Tremblay,1-416-405-8657,Y,L000461,Very Frequent,10938,Prefer not to say,23,2002-07-12,Teacher
T001741,layla.tremblay460@yahoo.com,2025-03-31,83,291.82,Layla Tremblay,1-416-405-8657,Y,L000461,Very Frequent,10938,Prefer not to say,23,2002-07-12,Teacher
T001931,layla.tremblay460@yahoo.com,2025-04-17,150,128.2,Layla Tremblay,1-416-405-8657,Y,L000461,Very Frequent,10938,Prefer not to say,23,2002-07-12,Teacher
T003978,layla.tremblay460@yahoo.com,2025-09-14,86,247.34,Layla Tremblay,1-416-405-8657,Y,L000461,Very Frequent,10938,Prefer not to say,23,2002-07-12,Teacher
T004219,layla.tremblay460@yahoo.com,2025-10-04,95,112.69,Layla Tremblay,1-416-405-8657,Y,L000461,Very Frequent,10938,Prefer not to say,23,2002-07-12,Teacher
T004250,layla.tremblay460@yahoo.com,2025-10-06,107,102.43,Layla Tremblay,1-416-405-8657,Y,L000461,Very Frequent,10938,Prefer not to say,23,2002-07-12,Teacher
T004371,layla.tremblay460@yahoo.com,2025-10-18,105,120.91,Layla Tremblay,1-416-405-8657,Y,L000461,Very Frequent,10938,Prefer not to say,23,2002-07-12,Teacher
T000017,layla.wilson194@icloud.com,2024-10-29,83,33.97,Layla Wilson,1-905-539-1892,Y,L000195,Frequent,4937,Female,25,2000-08-14,Sales Associate
T000134,layla.wilson194@icloud.com,2024-11-09,76,97.23,Layla Wilson,1-905-539-1892,Y,L000195,Frequent,4937,Female,25,2000-08-14,Sales Associate
T000616,layla.wilson194@icloud.com,2024-12-15,172,70.43,Layla Wilson,1-905-539-1892,Y,L000195,Frequent,4937,Female,25,2000-08-14,Sales Associate
T000943,layla.wilson194@icloud.com,2025-01-11,167,97.95,Layla Wilson,1-905-539-1892,Y,L000195,Frequent,4937,Female,25,2000-08-14,Sales Associate
T002355,layla.wilson194@icloud.com,2025-05-23,110,47.94,Layla Wilson,1-905-539-1892,Y,L000195,Frequent,4937,Female,25,2000-08-14,Sales Associate
T002599,layla.wilson194@icloud.com,2025-06-11,142,122.46,Layla Wilson,1-905-539-1892,Y,L000195,Frequent,4937,Female,25,2000-08-14,Sales Associate
T004459,layla.wilson194@icloud.com,2025-10-26,61,23.77,Layla Wilson,1-905-539-1892,Y,L000195,Frequent,4937,Female,25,2000-08-14,Sales Associate
T000772,layla.zhang187@gmail.com,2024-12-26,91,78.43,Layla Zhang,1-416-269-3465,Y,L000188,Frequent,4961,Female,30,1995-03-11,Barista
T001180,layla.zhang187@gmail.com,2025-02-06,178,12.49,Layla Zhang,1-416-269-3465,Y,L000188,Frequent,4961,Female,30,1995-03-11,Barista
T001683,layla.zhang187@gmail.com,2025-03-27,131,98.02,Layla Zhang,1-416-269-3465,Y,L000188,Frequent,4961,Female,30,1995-03-11,Barista
T001687,layla.zhang187@gmail.com,2025-03-27,35,93.44,Layla Zhang,1-416-269-3465,Y,L000188,Frequent,4961,Female,30,1995-03-11,Barista
T001688,layla.zhang187@gmail.com,2025-03-27,69,51.94,Layla Zhang,1-416-269-3465,Y,L000188,Frequent,4961,Female,30,1995-03-11,Barista
T002344,layla.zhang187@gmail.com,2025-05-22,110,139.39,Layla Zhang,1-416-269-3465,Y,L000188,Frequent,4961,Female,30,1995-03-11,Barista
T002589,layla.zhang187@gmail.com,2025-06-10,65,22.48,Layla Zhang,1-416-269-3465,Y,L000188,Frequent,4961,Female,30,1995-03-11,Barista
T001222,leo.huang250@gmail.com,2025-02-09,121,132.92,Leo Huang,1-365-424-7628,N,,,,,,,
T001266,leo.huang250@gmail.com,2025-02-16,74,84.81,Leo Huang,1-365-424-7628,N,,,,,,,
T001553,leo.huang250@gmail.com,2025-03-15,81,96.38,Leo Huang,1-365-424-7628,N,,,,,,,
T002473,leo.huang250@gmail.com,2025-06-02,43,129.46,Leo Huang,1-365-424-7628,N,,,,,,,
T002649,leo.huang250@gmail.com,2025-06-14,131,123.72,Leo Huang,1-365-424-7628,N,,,,,,,
T003453,leo.huang250@gmail.com,2025-08-09,133,21.97,Leo Huang,1-365-424-7628,N,,,,,,,
T004138,leo.huang250@gmail.com,2025-09-27,190,45.96,Leo Huang,1-365-424-7628,N,,,,,,,
T004205,leo.huang250@gmail.com,2025-10-03,89,200.41,Leo Huang,1-365-424-7628,N,,,,,,,
T000202,leo.kim238@hotmail.com,2024-11-14,138,57.47,Leo Kim,1-365-553-149,Y,L000239,Very Frequent,10393,Male,32,1993-08-15,Graphic Designer
T000489,leo.kim238@hotmail.com,2024-12-06,104,267.08,Leo Kim,1-365-553-149,Y,L000239,Very Frequent,10393,Male,32,1993-08-15,Graphic Designer
T000505,leo.kim238@hotmail.com,2024-12-08,141,65.45,Leo Kim,1-365-553-149,Y,L000239,Very Frequent,10393,Male,32,1993-08-15,Graphic Designer
T000793,leo.kim238@hotmail.com,2024-12-27,132,106.26,Leo Kim,1-365-553-149,Y,L000239,Very Frequent,10393,Male,32,1993-08-15,Graphic Designer
T001526,leo.kim238@hotmail.com,2025-03-13,91,94.88,Leo Kim,1-365-553-149,Y,L000239,Very Frequent,10393,Male,32,1993-08-15,Graphic Designer
T001684,leo.kim238@hotmail.com,2025-03-27,139,169.87,Leo Kim,1-365-553-149,Y,L000239,Very Frequent,10393,Male,32,1993-08-15,Graphic Designer
T002365,leo.kim238@hotmail.com,2025-05-24,71,210.41,Leo Kim,1-365-553-149,Y,L000239,Very Frequent,10393,Male,32,1993-08-15,Graphic Designer
T002507,leo.kim238@hotmail.com,2025-06-04,150,67.94,Leo Kim,1-365-553-149,Y,L000239,Very Frequent,10393,Male,32,1993-08-15,Graphic Designer
T000448,leo.martinez276@yahoo.com,2024-12-04,101,117.24,Leo Martinez,1-647-985-9743,Y,L000277,Very Frequent,12321,Male,33,1992-04-01,Research Assistant
T000810,leo.martinez276@yahoo.com,2024-12-28,100,56.94,Leo Martinez,1-647-985-9743,Y,L000277,Very Frequent,12321,Male,33,1992-04-01,Research Assistant
T001104,leo.martinez276@yahoo.com,2025-01-29,90,119.39,Leo Martinez,1-647-985-9743,Y,L000277,Very Frequent,12321,Male,33,1992-04-01,Research Assistant
T001157,leo.martinez276@yahoo.com,2025-02-03,129,165.37,Leo Martinez,1-647-985-9743,Y,L000277,Very Frequent,12321,Male,33,1992-04-01,Research Assistant
T001226,leo.martinez276@yahoo.com,2025-02-10,95,67.24,Leo Martinez,1-647-985-9743,Y,L000277,Very Frequent,12321,Male,33,1992-04-01,Research Assistant
T001413,leo.martinez276@yahoo.com,2025-03-03,30,24.97,Leo Martinez,1-647-985-9743,Y,L000277,Very Frequent,12321,Male,33,1992-04-01,Research Assistant
T001701,leo.martinez276@yahoo.com,2025-03-29,103,34.54,Leo Martinez,1-647-985-9743,Y,L000277,Very Frequent,12321,Male,33,1992-04-01,Research Assistant
T001883,leo.martinez276@yahoo.com,2025-04-13,111,39.47,Leo Martinez,1-647-985-9743,Y,L000277,Very Frequent,12321,Male,33,1992-04-01,Research Assistant
T002519,leo.martinez276@yahoo.com,2025-06-06,83,36.47,Leo Martinez,1-647-985-9743,Y,L000277,Very Frequent,12321,Male,33,1992-04-01,Research Assistant
T002562,leo.martinez276@yahoo.com,2025-06-08,63,77.92,Leo Martinez,1-647-985-9743,Y,L000277,Very Frequent,12321,Male,33,1992-04-01,Research Assistant
T002715,leo.martinez276@yahoo.com,2025-06-18,140,268.64,Leo Martinez,1-647-985-9743,Y,L000277,Very Frequent,12321,Male,33,1992-04-01,Research Assistant
T004017,leo.martinez276@yahoo.com,2025-09-18,30,15.97,Leo Martinez,1-647-985-9743,Y,L000277,Very Frequent,12321,Male,33,1992-04-01,Research Assistant
T004033,leo.martinez276@yahoo.com,2025-09-20,89,98.47,Leo Martinez,1-647-985-9743,Y,L000277,Very Frequent,12321,Male,33,1992-04-01,Research Assistant
T004253,leo.martinez276@yahoo.com,2025-10-06,40,67.46,Leo Martinez,1-647-985-9743,Y,L000277,Very Frequent,12321,Male,33,1992-04-01,Research Assistant
T004427,leo.martinez276@yahoo.com,2025-10-23,61,42.03,Leo Martinez,1-647-985-9743,Y,L000277,Very Frequent,12321,Male,33,1992-04-01,Research Assistant
T000265,leo.park442@outlook.com,2024-11-20,127,40.48,Leo Park,1-647-308-8340,N,,,,,,,
T000313,leo.park442@outlook.com,2024-11-24,119,97.46,Leo Park,1-647-308-8340,N,,,,,,,
T000378,leo.park442@outlook.com,2024-11-30,30,115.92,Leo Park,1-647-308-8340,N,,,,,,,
T002629,leo.park442@outlook.com,2025-06-13,75,162.39,Leo Park,1-647-308-8340,N,,,,,,,
T000052,leo.thompson391@outlook.com,2024-11-02,79,89.93,Leo Thompson,1-905-433-5168,Y,L000392,Very Frequent,11383,Male,32,1993-01-16,Software Engineer
T000488,leo.thompson391@outlook.com,2024-12-06,137,139.4,Leo Thompson,1-905-433-5168,Y,L000392,Very Frequent,11383,Male,32,1993-01-16,Software Engineer
T001047,leo.thompson391@outlook.com,2025-01-22,89,53.45,Leo Thompson,1-905-433-5168,Y,L000392,Very Frequent,11383,Male,32,1993-01-16,Software Engineer
T001324,leo.thompson391@outlook.com,2025-02-22,98,58.44,Leo Thompson,1-905-433-5168,Y,L000392,Very Frequent,11383,Male,32,1993-01-16,Software Engineer
T002094,leo.thompson391@outlook.com,2025-05-01,104,177.45,Leo Thompson,1-905-433-5168,Y,L000392,Very Frequent,11383,Male,32,1993-01-16,Software Engineer
T002153,leo.thompson391@outlook.com,2025-05-05,95,60.94,Leo Thompson,1-905-433-5168,Y,L000392,Very Frequent,11383,Male,32,1993-01-16,Software Engineer
T002446,leo.thompson391@outlook.com,2025-05-31,123,91.51,Leo Thompson,1-905-433-5168,Y,L000392,Very Frequent,11383,Male,32,1993-01-16,Software Engineer
T002523,leo.thompson391@outlook.com,2025-06-06,45,63.45,Leo Thompson,1-905-433-5168,Y,L000392,Very Frequent,11383,Male,32,1993-01-16,Software Engineer
T002554,leo.thompson391@outlook.com,2025-06-08,155,125.39,Leo Thompson,1-905-433-5168,Y,L000392,Very Frequent,11383,Male,32,1993-01-16,Software Engineer
T002595,leo.thompson391@outlook.com,2025-06-11,64,67.94,Leo Thompson,1-905-433-5168,Y,L000392,Very Frequent,11383,Male,32,1993-01-16,Software Engineer
T002658,leo.thompson391@outlook.com,2025-06-15,113,69.53,Leo Thompson,1-905-433-5168,Y,L000392,Very Frequent,11383,Male,32,1993-01-16,Software Engineer
T002768,leo.thompson391@outlook.com,2025-06-22,145,60.46,Leo Thompson,1-905-433-5168,Y,L000392,Very Frequent,11383,Male,32,1993-01-16,Software Engineer
T003276,leo.thompson391@outlook.com,2025-07-27,108,80.48,Leo Thompson,1-905-433-5168,Y,L000392,Very Frequent,11383,Male,32,1993-01-16,Software Engineer
T001008,liam.huang425@gmail.com,2025-01-18,111,125.44,Liam Huang,1-905-338-8521,N,,,,,,,
T002195,liam.huang425@gmail.com,2025-05-09,107,34.23,Liam Huang,1-905-338-8521,N,,,,,,,
T002202,liam.huang425@gmail.com,2025-05-10,146,195.33,Liam Huang,1-905-338-8521,N,,,,,,,
T002483,liam.huang425@gmail.com,2025-06-02,69,144.86,Liam Huang,1-905-338-8521,N,,,,,,,
T002775,liam.huang425@gmail.com,2025-06-22,106,50.95,Liam Huang,1-905-338-8521,N,,,,,,,
T003051,liam.huang425@gmail.com,2025-07-12,95,86.73,Liam Huang,1-905-338-8521,N,,,,,,,
T003368,liam.huang425@gmail.com,2025-08-03,147,127.39,Liam Huang,1-905-338-8521,N,,,,,,,
T004479,liam.huang425@gmail.com,2025-10-27,63,3.29,Liam Huang,1-905-338-8521,N,,,,,,,
T000218,liam.lam326@yahoo.com,2024-11-16,70,201.72,Liam Lam,1-365-182-6977,N,,,,,,,
T000917,liam.lam326@yahoo.com,2025-01-06,88,24.06,Liam Lam,1-365-182-6977,N,,,,,,,
T000969,liam.lam326@yahoo.com,2025-01-14,86,89.45,Liam Lam,1-365-182-6977,N,,,,,,,
T001036,liam.lam326@yahoo.com,2025-01-21,69,26.98,Liam Lam,1-365-182-6977,N,,,,,,,
T001539,liam.lam326@yahoo.com,2025-03-15,132,99.9,Liam Lam,1-365-182-6977,N,,,,,,,
T002746,liam.lam326@yahoo.com,2025-06-21,62,16.98,Liam Lam,1-365-182-6977,N,,,,,,,
T000823,liam.rodriguez262@gmail.com,2024-12-29,121,69.73,Liam Rodriguez,1-905-642-813,Y,L000263,Frequent,5447,Male,24,2001-05-31,Truck Driver
T001969,liam.rodriguez262@gmail.com,2025-04-20,123,3.49,Liam Rodriguez,1-905-642-813,Y,L000263,Frequent,5447,Male,24,2001-05-31,Truck Driver
T002116,liam.rodriguez262@gmail.com,2025-05-03,154,55.95,Liam Rodriguez,1-905-642-813,Y,L000263,Frequent,5447,Male,24,2001-05-31,Truck Driver
T002272,liam.rodriguez262@gmail.com,2025-05-15,51,160.95,Liam Rodriguez,1-905-642-813,Y,L000263,Frequent,5447,Male,24,2001-05-31,Truck Driver
T003451,liam.rodriguez262@gmail.com,2025-08-09,121,43.76,Liam Rodriguez,1-905-642-813,Y,L000263,Frequent,5447,Male,24,2001-05-31,Truck Driver
T003474,liam.rodriguez262@gmail.com,2025-08-10,118,64.47,Liam Rodriguez,1-905-642-813,Y,L000263,Frequent,5447,Male,24,2001-05-31,Truck Driver
T003515,liam.rodriguez262@gmail.com,2025-08-13,71,69.94,Liam Rodriguez,1-905-642-813,Y,L000263,Frequent,5447,Male,24,2001-05-31,Truck Driver
T003684,liam.rodriguez262@gmail.com,2025-08-24,87,16.97,Liam Rodriguez,1-905-642-813,Y,L000263,Frequent,5447,Male,24,2001-05-31,Truck Driver
T004153,liam.rodriguez262@gmail.com,2025-09-28,53,59.45,Liam Rodriguez,1-905-642-813,Y,L000263,Frequent,5447,Male,24,2001-05-31,Truck Driver
T000085,liam.singh422@yahoo.com,2024-11-05,120,31.95,Liam Singh,1-437-681-9430,Y,L000423,Frequent,3563,Prefer not to say,54,1971-01-01,Student
T001739,liam.singh422@yahoo.com,2025-03-31,57,143.91,Liam Singh,1-437-681-9430,Y,L000423,Frequent,3563,Prefer not to say,54,1971-01-01,Student
T003009,liam.singh422@yahoo.com,2025-07-09,106,180.45,Liam Singh,1-437-681-9430,Y,L000423,Frequent,3563,Prefer not to say,54,1971-01-01,Student
T001648,liam.wong197@icloud.com,2025-03-24,109,43.97,Liam Wong,1-416-30-9909,N,,,,,,,
T001988,liam.wong197@icloud.com,2025-04-22,118,88.99,Liam Wong,1-416-30-9909,N,,,,,,,
T002381,liam.wong197@icloud.com,2025-05-25,117,42.45,Liam Wong,1-416-30-9909,N,,,,,,,
T004384,liam.wong197@icloud.com,2025-10-19,64,54.46,Liam Wong,1-416-30-9909,N,,,,,,,
T001607,lily.lee208@gmail.com,2025-03-20,78,117.23,Lily Lee,1-437-360-856,Y,L000209,Frequent,7534,Female,33,1992-09-03,HR Coordinator
T002360,lily.lee208@gmail.com,2025-05-23,89,8.49,Lily Lee,1-437-360-856,Y,L000209,Frequent,7534,Female,33,1992-09-03,HR Coordinator
T002393,lily.lee208@gmail.com,2025-05-26,30,130.28,Lily Lee,1-437-360-856,Y,L000209,Frequent,7534,Female,33,1992-09-03,HR Coordinator
T002840,lily.lee208@gmail.com,2025-06-27,46,72.45,Lily Lee,1-437-360-856,Y,L000209,Frequent,7534,Female,33,1992-09-03,HR Coordinator
T002987,lily.lee208@gmail.com,2025-07-07,52,99.96,Lily Lee,1-437-360-856,Y,L000209,Frequent,7534,Female,33,1992-09-03,HR Coordinator
T004348,lily.lee208@gmail.com,2025-10-15,159,152.43,Lily Lee,1-437-360-856,Y,L000209,Frequent,7534,Female,33,1992-09-03,HR Coordinator
T004392,lily.lee208@gmail.com,2025-10-19,47,3.49,Lily Lee,1-437-360-856,Y,L000209,Frequent,7534,Female,33,1992-09-03,HR Coordinator
T004396,lily.lee208@gmail.com,2025-10-19,127,69.25,Lily Lee,1-437-360-856,Y,L000209,Frequent,7534,Female,33,1992-09-03,HR Coordinator
T004416,lily.lee208@gmail.com,2025-10-21,116,99.9,Lily Lee,1-437-360-856,Y,L000209,Frequent,7534,Female,33,1992-09-03,HR Coordinator
T001161,lily.lee488@yahoo.com,2025-02-04,112,37.46,Lily Lee,1-437-689-4976,Y,L000489,Casual,1744,Male,18,2007-11-02,Consultant
T003430,lily.lee488@yahoo.com,2025-08-07,142,136.97,Lily Lee,1-437-689-4976,Y,L000489,Casual,1744,Male,18,2007-11-02,Consultant
T000366,lily.liu50@yahoo.com,2024-11-30,206,69.96,Lily Liu,1-905-240-3641,Y,L000051,Very Frequent,9073,Male,31,1994-11-03,Truck Driver
T000983,lily.liu50@yahoo.com,2025-01-16,111,22.99,Lily Liu,1-905-240-3641,Y,L000051,Very Frequent,9073,Male,31,1994-11-03,Truck Driver
T001012,lily.liu50@yahoo.com,2025-01-18,90,73.51,Lily Liu,1-905-240-3641,Y,L000051,Very Frequent,9073,Male,31,1994-11-03,Truck Driver
T001483,lily.liu50@yahoo.com,2025-03-10,86,18.99,Lily Liu,1-905-240-3641,Y,L000051,Very Frequent,9073,Male,31,1994-11-03,Truck Driver
T001597,lily.liu50@yahoo.com,2025-03-20,96,89.92,Lily Liu,1-905-240-3641,Y,L000051,Very Frequent,9073,Male,31,1994-11-03,Truck Driver
T002318,lily.liu50@yahoo.com,2025-05-18,115,122.77,Lily Liu,1-905-240-3641,Y,L000051,Very Frequent,9073,Male,31,1994-11-03,Truck Driver
T002336,lily.liu50@yahoo.com,2025-05-20,49,86.96,Lily Liu,1-905-240-3641,Y,L000051,Very Frequent,9073,Male,31,1994-11-03,Truck Driver
T002480,lily.liu50@yahoo.com,2025-06-02,50,48.95,Lily Liu,1-905-240-3641,Y,L000051,Very Frequent,9073,Male,31,1994-11-03,Truck Driver
T002647,lily.liu50@yahoo.com,2025-06-14,109,78.43,Lily Liu,1-905-240-3641,Y,L000051,Very Frequent,9073,Male,31,1994-11-03,Truck Driver
T003870,lily.liu50@yahoo.com,2025-09-05,94,131.97,Lily Liu,1-905-240-3641,Y,L000051,Very Frequent,9073,Male,31,1994-11-03,Truck Driver
T004103,lily.liu50@yahoo.com,2025-09-24,140,49.46,Lily Liu,1-905-240-3641,Y,L000051,Very Frequent,9073,Male,31,1994-11-03,Truck Driver
T004336,lily.liu50@yahoo.com,2025-10-13,160,59.94,Lily Liu,1-905-240-3641,Y,L000051,Very Frequent,9073,Male,31,1994-11-03,Truck Driver
T004361,lily.liu50@yahoo.com,2025-10-17,59,53.47,Lily Liu,1-905-240-3641,Y,L000051,Very Frequent,9073,Male,31,1994-11-03,Truck Driver
T000042,lily.rodriguez147@yahoo.com,2024-10-31,150,43.48,Lily Rodriguez,1-365-466-8074,Y,L000148,Very Frequent,11759,Female,37,1988-07-17,Nurse
T000171,lily.rodriguez147@yahoo.com,2024-11-10,106,130.45,Lily Rodriguez,1-365-466-8074,Y,L000148,Very Frequent,11759,Female,37,1988-07-17,Nurse
T000715,lily.rodriguez147@yahoo.com,2024-12-22,163,99.51,Lily Rodriguez,1-365-466-8074,Y,L000148,Very Frequent,11759,Female,37,1988-07-17,Nurse
T000954,lily.rodriguez147@yahoo.com,2025-01-12,103,62.44,Lily Rodriguez,1-365-466-8074,Y,L000148,Very Frequent,11759,Female,37,1988-07-17,Nurse
T001763,lily.rodriguez147@yahoo.com,2025-04-03,127,54.92,Lily Rodriguez,1-365-466-8074,Y,L000148,Very Frequent,11759,Female,37,1988-07-17,Nurse
T001836,lily.rodriguez147@yahoo.com,2025-04-08,84,147.41,Lily Rodriguez,1-365-466-8074,Y,L000148,Very Frequent,11759,Female,37,1988-07-17,Nurse
T002007,lily.rodriguez147@yahoo.com,2025-04-24,124,8.49,Lily Rodriguez,1-365-466-8074,Y,L000148,Very Frequent,11759,Female,37,1988-07-17,Nurse
T002084,lily.rodriguez147@yahoo.com,2025-04-30,134,21.98,Lily Rodriguez,1-365-466-8074,Y,L000148,Very Frequent,11759,Female,37,1988-07-17,Nurse
T002373,lily.rodriguez147@yahoo.com,2025-05-24,117,121.44,Lily Rodriguez,1-365-466-8074,Y,L000148,Very Frequent,11759,Female,37,1988-07-17,Nurse
T002678,lily.rodriguez147@yahoo.com,2025-06-15,44,57.42,Lily Rodriguez,1-365-466-8074,Y,L000148,Very Frequent,11759,Female,37,1988-07-17,Nurse
T003141,lily.rodriguez147@yahoo.com,2025-07-19,78,226.97,Lily Rodriguez,1-365-466-8074,Y,L000148,Very Frequent,11759,Female,37,1988-07-17,Nurse
T003721,lily.rodriguez147@yahoo.com,2025-08-26,36,201.41,Lily Rodriguez,1-365-466-8074,Y,L000148,Very Frequent,11759,Female,37,1988-07-17,Nurse
T000341,lily.su398@yahoo.com,2024-11-28,156,69.99,Lily Su,1-905-636-8539,Y,L000399,Frequent,5390,Male,35,1990-09-01,Graphic Designer
T000791,lily.su398@yahoo.com,2024-12-27,160,118.22,Lily Su,1-905-636-8539,Y,L000399,Frequent,5390,Male,35,1990-09-01,Graphic Designer
T000819,lily.su398@yahoo.com,2024-12-28,85,32.27,Lily Su,1-905-636-8539,Y,L000399,Frequent,5390,Male,35,1990-09-01,Graphic Designer
T001352,lily.su398@yahoo.com,2025-02-25,55,30.49,Lily Su,1-905-636-8539,Y,L000399,Frequent,5390,Male,35,1990-09-01,Graphic Designer
T001479,lily.su398@yahoo.com,2025-03-10,91,76.49,Lily Su,1-905-636-8539,Y,L000399,Frequent,5390,Male,35,1990-09-01,Graphic Designer
T002183,lily.su398@yahoo.com,2025-05-08,44,64.92,Lily Su,1-905-636-8539,Y,L000399,Frequent,5390,Male,35,1990-09-01,Graphic Designer
T004100,lily.su398@yahoo.com,2025-09-24,103,85.23,Lily Su,1-905-636-8539,Y,L000399,Frequent,5390,Male,35,1990-09-01,Graphic Designer
T004126,lily.su398@yahoo.com,2025-09-27,57,61.43,Lily Su,1-905-636-8539,Y,L000399,Frequent,5390,Male,35,1990-09-01,Graphic Designer
T000516,lily.tremblay186@yahoo.com,2024-12-08,121,103.43,Lily Tremblay,1-905-819-9349,Y,L000187,Frequent,5339,Male,36,1989-05-13,Software Engineer
T001440,lily.tremblay186@yahoo.com,2025-03-05,56,86.93,Lily Tremblay,1-905-819-9349,Y,L000187,Frequent,5339,Male,36,1989-05-13,Software Engineer
T001678,lily.tremblay186@yahoo.com,2025-03-26,118,58.45,Lily Tremblay,1-905-819-9349,Y,L000187,Frequent,5339,Male,36,1989-05-13,Software Engineer
T002431,lily.tremblay186@yahoo.com,2025-05-29,161,36.47,Lily Tremblay,1-905-819-9349,Y,L000187,Frequent,5339,Male,36,1989-05-13,Software Engineer
T002664,lily.tremblay186@yahoo.com,2025-06-15,94,141.98,Lily Tremblay,1-905-819-9349,Y,L000187,Frequent,5339,Male,36,1989-05-13,Software Engineer
T002761,lily.tremblay186@yahoo.com,2025-06-22,65,54.46,Lily Tremblay,1-905-819-9349,Y,L000187,Frequent,5339,Male,36,1989-05-13,Software Engineer
T002842,lily.tremblay186@yahoo.com,2025-06-27,100,34.47,Lily Tremblay,1-905-819-9349,Y,L000187,Frequent,5339,Male,36,1989-05-13,Software Engineer
T003873,lily.tremblay186@yahoo.com,2025-09-05,43,17.78,Lily Tremblay,1-905-819-9349,Y,L000187,Frequent,5339,Male,36,1989-05-13,Software Engineer
T000696,lily.white195@yahoo.com,2024-12-21,80,102.43,Lily White,1-437-846-7484,Y,L000196,Very Frequent,12565,Female,30,1995-10-05,Electrician
T000698,lily.white195@yahoo.com,2024-12-21,117,116.91,Lily White,1-437-846-7484,Y,L000196,Very Frequent,12565,Female,30,1995-10-05,Electrician
T000958,lily.white195@yahoo.com,2025-01-13,71,95.86,Lily White,1-437-846-7484,Y,L000196,Very Frequent,12565,Female,30,1995-10-05,Electrician
T001083,lily.white195@yahoo.com,2025-01-26,69,300.68,Lily White,1-437-846-7484,Y,L000196,Very Frequent,12565,Female,30,1995-10-05,Electrician
T002053,lily.white195@yahoo.com,2025-04-27,121,167.67,Lily White,1-437-846-7484,Y,L000196,Very Frequent,12565,Female,30,1995-10-05,Electrician
T002490,lily.white195@yahoo.com,2025-06-03,130,148.39,Lily White,1-437-846-7484,Y,L000196,Very Frequent,12565,Female,30,1995-10-05,Electrician
T003144,lily.white195@yahoo.com,2025-07-19,97,76.27,Lily White,1-437-846-7484,Y,L000196,Very Frequent,12565,Female,30,1995-10-05,Electrician
T003218,lily.white195@yahoo.com,2025-07-24,57,57.45,Lily White,1-437-846-7484,Y,L000196,Very Frequent,12565,Female,30,1995-10-05,Electrician
T003409,lily.white195@yahoo.com,2025-08-05,69,49.46,Lily White,1-437-846-7484,Y,L000196,Very Frequent,12565,Female,30,1995-10-05,Electrician
T004332,lily.white195@yahoo.com,2025-10-13,94,141.4,Lily White,1-437-846-7484,Y,L000196,Very Frequent,12565,Female,30,1995-10-05,Electrician
T000037,lily.zhang158@outlook.com,2024-10-31,70,46.47,Lily Zhang,1-647-796-7512,N,,,,,,,
T000360,lily.zhang158@outlook.com,2024-11-29,161,58.44,Lily Zhang,1-647-796-7512,N,,,,,,,
T000500,lily.zhang158@outlook.com,2024-12-07,111,23.98,Lily Zhang,1-647-796-7512,N,,,,,,,
T002800,lily.zhang158@outlook.com,2025-06-24,156,38.26,Lily Zhang,1-647-796-7512,N,,,,,,,
T002946,lily.zhang158@outlook.com,2025-07-04,132,86.24,Lily Zhang,1-647-796-7512,N,,,,,,,
T003441,lily.zhang158@outlook.com,2025-08-08,90,154.93,Lily Zhang,1-647-796-7512,N,,,,,,,
T004216,lily.zhang158@outlook.com,2025-10-03,144,114.91,Lily Zhang,1-647-796-7512,N,,,,,,,
T004272,lily.zhang158@outlook.com,2025-10-08,124,92.24,Lily Zhang,1-647-796-7512,N,,,,,,,
T000528,lily.zhang249@yahoo.com,2024-12-09,139,153.41,Lily Zhang,1-905-574-5525,Y,L000250,Very Frequent,10141,Female,18,2007-09-19,Student
T000594,lily.zhang249@yahoo.com,2024-12-14,86,109.91,Lily Zhang,1-905-574-5525,Y,L000250,Very Frequent,10141,Female,18,2007-09-19,Student
T000727,lily.zhang249@yahoo.com,2024-12-22,64,72.46,Lily Zhang,1-905-574-5525,Y,L000250,Very Frequent,10141,Female,18,2007-09-19,Student
T001208,lily.zhang249@yahoo.com,2025-02-08,90,18.98,Lily Zhang,1-905-574-5525,Y,L000250,Very Frequent,10141,Female,18,2007-09-19,Student
T001356,lily.zhang249@yahoo.com,2025-02-25,117,136.93,Lily Zhang,1-905-574-5525,Y,L000250,Very Frequent,10141,Female,18,2007-09-19,Student
T002553,lily.zhang249@yahoo.com,2025-06-08,119,58.48,Lily Zhang,1-905-574-5525,Y,L000250,Very Frequent,10141,Female,18,2007-09-19,Student
T003593,lily.zhang249@yahoo.com,2025-08-18,163,120.7,Lily Zhang,1-905-574-5525,Y,L000250,Very Frequent,10141,Female,18,2007-09-19,Student
T003681,lily.zhang249@yahoo.com,2025-08-24,53,116.46,Lily Zhang,1-905-574-5525,Y,L000250,Very Frequent,10141,Female,18,2007-09-19,Student
T003693,lily.zhang249@yahoo.com,2025-08-25,92,114.4,Lily Zhang,1-905-574-5525,Y,L000250,Very Frequent,10141,Female,18,2007-09-19,Student
T003808,lily.zhang249@yahoo.com,2025-08-31,113,112.41,Lily Zhang,1-905-574-5525,Y,L000250,Very Frequent,10141,Female,18,2007-09-19,Student
T000329,logan.kowalski231@outlook.com,2024-11-26,102,12.98,Logan Kowalski,1-905-889-1392,Y,L000232,Frequent,5497,Male,27,1998-02-10,Truck Driver
T000637,logan.kowalski231@outlook.com,2024-12-16,92,77.45,Logan Kowalski,1-905-889-1392,Y,L000232,Frequent,5497,Male,27,1998-02-10,Truck Driver
T001598,logan.kowalski231@outlook.com,2025-03-20,41,73.48,Logan Kowalski,1-905-889-1392,Y,L000232,Frequent,5497,Male,27,1998-02-10,Truck Driver
T001729,logan.kowalski231@outlook.com,2025-03-31,79,71.92,Logan Kowalski,1-905-889-1392,Y,L000232,Frequent,5497,Male,27,1998-02-10,Truck Driver
T001743,logan.kowalski231@outlook.com,2025-03-31,87,112.43,Logan Kowalski,1-905-889-1392,Y,L000232,Frequent,5497,Male,27,1998-02-10,Truck Driver
T003062,logan.kowalski231@outlook.com,2025-07-13,89,18.96,Logan Kowalski,1-905-889-1392,Y,L000232,Frequent,5497,Male,27,1998-02-10,Truck Driver
T003385,logan.kowalski231@outlook.com,2025-08-03,56,66.43,Logan Kowalski,1-905-889-1392,Y,L000232,Frequent,5497,Male,27,1998-02-10,Truck Driver
T004218,logan.kowalski231@outlook.com,2025-10-04,132,90.88,Logan Kowalski,1-905-889-1392,Y,L000232,Frequent,5497,Male,27,1998-02-10,Truck Driver
T004437,logan.kowalski231@outlook.com,2025-10-24,93,11.97,Logan Kowalski,1-905-889-1392,Y,L000232,Frequent,5497,Male,27,1998-02-10,Truck Driver
T004500,logan.kowalski231@outlook.com,2025-10-28,115,13.28,Logan Kowalski,1-905-889-1392,Y,L000232,Frequent,5497,Male,27,1998-02-10,Truck Driver
T000835,logan.taylor85@hotmail.com,2024-12-29,179,90.46,Logan Taylor,1-416-547-4614,Y,L000086,Frequent,7874,Female,31,1994-06-09,Teacher
T000918,logan.taylor85@hotmail.com,2025-01-07,126,77.97,Logan Taylor,1-416-547-4614,Y,L000086,Frequent,7874,Female,31,1994-06-09,Teacher
T000931,logan.taylor85@hotmail.com,2025-01-09,173,43.43,Logan Taylor,1-416-547-4614,Y,L000086,Frequent,7874,Female,31,1994-06-09,Teacher
T001845,logan.taylor85@hotmail.com,2025-04-09,136,173.94,Logan Taylor,1-416-547-4614,Y,L000086,Frequent,7874,Female,31,1994-06-09,Teacher
T002157,logan.taylor85@hotmail.com,2025-05-05,87,82.43,Logan Taylor,1-416-547-4614,Y,L000086,Frequent,7874,Female,31,1994-06-09,Teacher
T002661,logan.taylor85@hotmail.com,2025-06-15,201,50.47,Logan Taylor,1-416-547-4614,Y,L000086,Frequent,7874,Female,31,1994-06-09,Teacher
T003643,logan.taylor85@hotmail.com,2025-08-22,114,83.24,Logan Taylor,1-416-547-4614,Y,L000086,Frequent,7874,Female,31,1994-06-09,Teacher
T003853,logan.taylor85@hotmail.com,2025-09-03,130,21.49,Logan Taylor,1-416-547-4614,Y,L000086,Frequent,7874,Female,31,1994-06-09,Teacher
T004448,logan.taylor85@hotmail.com,2025-10-25,165,164.0,Logan Taylor,1-416-547-4614,Y,L000086,Frequent,7874,Female,31,1994-06-09,Teacher
T000053,logan.wilson129@icloud.com,2024-11-02,110,53.53,Logan Wilson,1-365-124-4513,Y,L000130,Frequent,4401,Male,33,1992-09-04,Sales Associate
T000868,logan.wilson129@icloud.com,2025-01-01,132,108.46,Logan Wilson,1-365-124-4513,Y,L000130,Frequent,4401,Male,33,1992-09-04,Sales Associate
T001058,logan.wilson129@icloud.com,2025-01-24,62,39.47,Logan Wilson,1-365-124-4513,Y,L000130,Frequent,4401,Male,33,1992-09-04,Sales Associate
T002278,logan.wilson129@icloud.com,2025-05-16,121,73.22,Logan Wilson,1-365-124-4513,Y,L000130,Frequent,4401,Male,33,1992-09-04,Sales Associate
T002943,logan.wilson129@icloud.com,2025-07-04,60,26.77,Logan Wilson,1-365-124-4513,Y,L000130,Frequent,4401,Male,33,1992-09-04,Sales Associate
T003215,logan.wilson129@icloud.com,2025-07-23,67,43.47,Logan Wilson,1-365-124-4513,Y,L000130,Frequent,4401,Male,33,1992-09-04,Sales Associate
T003526,logan.wilson129@icloud.com,2025-08-14,104,95.24,Logan Wilson,1-365-124-4513,Y,L000130,Frequent,4401,Male,33,1992-09-04,Sales Associate
T000976,logan.wilson333@yahoo.com,2025-01-15,185,109.43,Logan Wilson,1-437-284-8354,N,,,,,,,
T001364,logan.wilson333@yahoo.com,2025-02-26,49,57.47,Logan Wilson,1-437-284-8354,N,,,,,,,
T002707,logan.wilson333@yahoo.com,2025-06-18,69,24.78,Logan Wilson,1-437-284-8354,N,,,,,,,
T003993,logan.wilson333@yahoo.com,2025-09-15,132,60.73,Logan Wilson,1-437-284-8354,N,,,,,,,
T004055,logan.wilson333@yahoo.com,2025-09-21,107,68.46,Logan Wilson,1-437-284-8354,N,,,,,,,
T004411,logan.wilson333@yahoo.com,2025-10-21,43,13.49,Logan Wilson,1-437-284-8354,N,,,,,,,
T000673,logan.zhang189@icloud.com,2024-12-18,80,125.73,Logan Zhang,1-365-718-8850,Y,L000190,Very Frequent,8918,Male,22,2003-12-01,Consultant
T000886,logan.zhang189@icloud.com,2025-01-04,65,160.21,Logan Zhang,1-365-718-8850,Y,L000190,Very Frequent,8918,Male,22,2003-12-01,Consultant
T001337,logan.zhang189@icloud.com,2025-02-23,127,61.45,Logan Zhang,1-365-718-8850,Y,L000190,Very Frequent,8918,Male,22,2003-12-01,Consultant
T001639,logan.zhang189@icloud.com,2025-03-23,122,111.41,Logan Zhang,1-365-718-8850,Y,L000190,Very Frequent,8918,Male,22,2003-12-01,Consultant
T001871,logan.zhang189@icloud.com,2025-04-12,116,66.44,Logan Zhang,1-365-718-8850,Y,L000190,Very Frequent,8918,Male,22,2003-12-01,Consultant
T001987,logan.zhang189@icloud.com,2025-04-22,141,32.97,Logan Zhang,1-365-718-8850,Y,L000190,Very Frequent,8918,Male,22,2003-12-01,Consultant
T003170,logan.zhang189@icloud.com,2025-07-21,145,43.48,Logan Zhang,1-365-718-8850,Y,L000190,Very Frequent,8918,Male,22,2003-12-01,Consultant
T003222,logan.zhang189@icloud.com,2025-07-24,69,55.97,Logan Zhang,1-365-718-8850,Y,L000190,Very Frequent,8918,Male,22,2003-12-01,Consultant
T004119,logan.zhang189@icloud.com,2025-09-26,161,87.46,Logan Zhang,1-365-718-8850,Y,L000190,Very Frequent,8918,Male,22,2003-12-01,Consultant
T004166,logan.zhang189@icloud.com,2025-09-29,101,47.47,Logan Zhang,1-365-718-8850,Y,L000190,Very Frequent,8918,Male,22,2003-12-01,Consultant
T004175,logan.zhang189@icloud.com,2025-09-30,99,99.22,Logan Zhang,1-365-718-8850,Y,L000190,Very Frequent,8918,Male,22,2003-12-01,Consultant
T000478,lucas.chan101@icloud.com,2024-12-06,94,21.98,Lucas Chan,1-905-926-2423,N,,,,,,,
T001473,lucas.chan101@icloud.com,2025-03-09,85,78.44,Lucas Chan,1-905-926-2423,N,,,,,,,
T002433,lucas.chan101@icloud.com,2025-05-30,30,56.94,Lucas Chan,1-905-926-2423,N,,,,,,,
T003075,lucas.chan101@icloud.com,2025-07-14,86,37.98,Lucas Chan,1-905-926-2423,N,,,,,,,
T003101,lucas.chan101@icloud.com,2025-07-16,166,9.99,Lucas Chan,1-905-926-2423,N,,,,,,,
T004003,lucas.chan101@icloud.com,2025-09-16,103,21.97,Lucas Chan,1-905-926-2423,N,,,,,,,
T000069,lucas.huang243@yahoo.com,2024-11-03,118,28.47,Lucas Huang,1-437-342-8565,Y,L000244,Very Frequent,11718,Male,27,1998-02-23,Accountant
T000531,lucas.huang243@yahoo.com,2024-12-09,167,86.96,Lucas Huang,1-437-342-8565,Y,L000244,Very Frequent,11718,Male,27,1998-02-23,Accountant
T000704,lucas.huang243@yahoo.com,2024-12-21,94,66.45,Lucas Huang,1-437-342-8565,Y,L000244,Very Frequent,11718,Male,27,1998-02-23,Accountant
T000934,lucas.huang243@yahoo.com,2025-01-09,142,13.27,Lucas Huang,1-437-342-8565,Y,L000244,Very Frequent,11718,Male,27,1998-02-23,Accountant
T000936,lucas.huang243@yahoo.com,2025-01-10,173,12.48,Lucas Huang,1-437-342-8565,Y,L000244,Very Frequent,11718,Male,27,1998-02-23,Accountant
T001373,lucas.huang243@yahoo.com,2025-02-27,132,99.97,Lucas Huang,1-437-342-8565,Y,L000244,Very Frequent,11718,Male,27,1998-02-23,Accountant
T002025,lucas.huang243@yahoo.com,2025-04-26,149,85.43,Lucas Huang,1-437-342-8565,Y,L000244,Very Frequent,11718,Male,27,1998-02-23,Accountant
T002110,lucas.huang243@yahoo.com,2025-05-03,65,95.41,Lucas Huang,1-437-342-8565,Y,L000244,Very Frequent,11718,Male,27,1998-02-23,Accountant
T002343,lucas.huang243@yahoo.com,2025-05-22,58,31.28,Lucas Huang,1-437-342-8565,Y,L000244,Very Frequent,11718,Male,27,1998-02-23,Accountant
T002403,lucas.huang243@yahoo.com,2025-05-27,134,15.97,Lucas Huang,1-437-342-8565,Y,L000244,Very Frequent,11718,Male,27,1998-02-23,Accountant
T002459,lucas.huang243@yahoo.com,2025-06-01,68,29.77,Lucas Huang,1-437-342-8565,Y,L000244,Very Frequent,11718,Male,27,1998-02-23,Accountant
T002565,lucas.huang243@yahoo.com,2025-06-08,81,30.26,Lucas Huang,1-437-342-8565,Y,L000244,Very Frequent,11718,Male,27,1998-02-23,Accountant
T002701,lucas.huang243@yahoo.com,2025-06-17,42,58.75,Lucas Huang,1-437-342-8565,Y,L000244,Very Frequent,11718,Male,27,1998-02-23,Accountant
T002911,lucas.huang243@yahoo.com,2025-07-01,34,13.49,Lucas Huang,1-437-342-8565,Y,L000244,Very Frequent,11718,Male,27,1998-02-23,Accountant
T002921,lucas.huang243@yahoo.com,2025-07-03,123,66.94,Lucas Huang,1-437-342-8565,Y,L000244,Very Frequent,11718,Male,27,1998-02-23,Accountant
T003457,lucas.huang243@yahoo.com,2025-08-09,119,117.91,Lucas Huang,1-437-342-8565,Y,L000244,Very Frequent,11718,Male,27,1998-02-23,Accountant
T004115,lucas.huang243@yahoo.com,2025-09-25,136,122.44,Lucas Huang,1-437-342-8565,Y,L000244,Very Frequent,11718,Male,27,1998-02-23,Accountant
T004223,lucas.huang243@yahoo.com,2025-10-04,118,124.21,Lucas Huang,1-437-342-8565,Y,L000244,Very Frequent,11718,Male,27,1998-02-23,Accountant
T004291,lucas.huang243@yahoo.com,2025-10-10,43,72.43,Lucas Huang,1-437-342-8565,Y,L000244,Very Frequent,11718,Male,27,1998-02-23,Accountant
T000104,lucas.ivanov44@yahoo.com,2024-11-06,120,72.44,Lucas Ivanov,1-647-864-5911,N,,,,,,,
T000163,lucas.ivanov44@yahoo.com,2024-11-10,107,145.21,Lucas Ivanov,1-647-864-5911,N,,,,,,,
T000324,lucas.ivanov44@yahoo.com,2024-11-25,140,110.99,Lucas Ivanov,1-647-864-5911,N,,,,,,,
T000389,lucas.ivanov44@yahoo.com,2024-12-01,93,40.97,Lucas Ivanov,1-647-864-5911,N,,,,,,,
T000460,lucas.ivanov44@yahoo.com,2024-12-04,120,118.5,Lucas Ivanov,1-647-864-5911,N,,,,,,,
T001041,lucas.ivanov44@yahoo.com,2025-01-21,46,41.49,Lucas Ivanov,1-647-864-5911,N,,,,,,,
T001549,lucas.ivanov44@yahoo.com,2025-03-15,83,158.95,Lucas Ivanov,1-647-864-5911,N,,,,,,,
T001758,lucas.ivanov44@yahoo.com,2025-04-02,63,37.96,Lucas Ivanov,1-647-864-5911,N,,,,,,,
T001967,lucas.ivanov44@yahoo.com,2025-04-20,88,67.48,Lucas Ivanov,1-647-864-5911,N,,,,,,,
T001998,lucas.ivanov44@yahoo.com,2025-04-23,121,14.99,Lucas Ivanov,1-647-864-5911,N,,,,,,,
T002021,lucas.ivanov44@yahoo.com,2025-04-25,103,76.92,Lucas Ivanov,1-647-864-5911,N,,,,,,,
T003608,lucas.ivanov44@yahoo.com,2025-08-19,86,76.97,Lucas Ivanov,1-647-864-5911,N,,,,,,,
T003634,lucas.ivanov44@yahoo.com,2025-08-22,85,118.94,Lucas Ivanov,1-647-864-5911,N,,,,,,,
T003766,lucas.ivanov44@yahoo.com,2025-08-29,102,70.7,Lucas Ivanov,1-647-864-5911,N,,,,,,,
T000235,lucas.ivanov58@outlook.com,2024-11-17,69,72.76,Lucas Ivanov,1-365-841-1566,Y,L000059,Very Frequent,10672,Male,26,1999-08-17,Truck Driver
T000422,lucas.ivanov58@outlook.com,2024-12-02,109,91.96,Lucas Ivanov,1-365-841-1566,Y,L000059,Very Frequent,10672,Male,26,1999-08-17,Truck Driver
T000595,lucas.ivanov58@outlook.com,2024-12-14,102,26.48,Lucas Ivanov,1-365-841-1566,Y,L000059,Very Frequent,10672,Male,26,1999-08-17,Truck Driver
T001296,lucas.ivanov58@outlook.com,2025-02-19,47,20.45,Lucas Ivanov,1-365-841-1566,Y,L000059,Very Frequent,10672,Male,26,1999-08-17,Truck Driver
T001702,lucas.ivanov58@outlook.com,2025-03-29,47,120.49,Lucas Ivanov,1-365-841-1566,Y,L000059,Very Frequent,10672,Male,26,1999-08-17,Truck Driver
T002212,lucas.ivanov58@outlook.com,2025-05-10,104,242.11,Lucas Ivanov,1-365-841-1566,Y,L000059,Very Frequent,10672,Male,26,1999-08-17,Truck Driver
T002620,lucas.ivanov58@outlook.com,2025-06-13,70,94.44,Lucas Ivanov,1-365-841-1566,Y,L000059,Very Frequent,10672,Male,26,1999-08-17,Truck Driver
T002793,lucas.ivanov58@outlook.com,2025-06-23,81,12.49,Lucas Ivanov,1-365-841-1566,Y,L000059,Very Frequent,10672,Male,26,1999-08-17,Truck Driver
T003534,lucas.ivanov58@outlook.com,2025-08-14,100,46.98,Lucas Ivanov,1-365-841-1566,Y,L000059,Very Frequent,10672,Male,26,1999-08-17,Truck Driver
T003802,lucas.ivanov58@outlook.com,2025-08-31,130,149.88,Lucas Ivanov,1-365-841-1566,Y,L000059,Very Frequent,10672,Male,26,1999-08-17,Truck Driver
T004335,lucas.ivanov58@outlook.com,2025-10-13,30,59.75,Lucas Ivanov,1-365-841-1566,Y,L000059,Very Frequent,10672,Male,26,1999-08-17,Truck Driver
T004386,lucas.ivanov58@outlook.com,2025-10-19,70,129.45,Lucas Ivanov,1-365-841-1566,Y,L000059,Very Frequent,10672,Male,26,1999-08-17,Truck Driver
T000027,lucas.johnson76@outlook.com,2024-10-30,116,108.44,Lucas Johnson,1-905-629-8543,Y,L000077,Very Frequent,12754,Male,53,1972-05-13,Graphic Designer
T000297,lucas.johnson76@outlook.com,2024-11-23,131,188.39,Lucas Johnson,1-905-629-8543,Y,L000077,Very Frequent,12754,Male,53,1972-05-13,Graphic Designer
T000419,lucas.johnson76@outlook.com,2024-12-02,41,23.47,Lucas Johnson,1-905-629-8543,Y,L000077,Very Frequent,12754,Male,53,1972-05-13,Graphic Designer
T000636,lucas.johnson76@outlook.com,2024-12-15,134,104.5,Lucas Johnson,1-905-629-8543,Y,L000077,Very Frequent,12754,Male,53,1972-05-13,Graphic Designer
T001127,lucas.johnson76@outlook.com,2025-02-01,101,51.46,Lucas Johnson,1-905-629-8543,Y,L000077,Very Frequent,12754,Male,53,1972-05-13,Graphic Designer
T001257,lucas.johnson76@outlook.com,2025-02-15,88,68.05,Lucas Johnson,1-905-629-8543,Y,L000077,Very Frequent,12754,Male,53,1972-05-13,Graphic Designer
T001426,lucas.johnson76@outlook.com,2025-03-04,96,58.96,Lucas Johnson,1-905-629-8543,Y,L000077,Very Frequent,12754,Male,53,1972-05-13,Graphic Designer
T001576,lucas.johnson76@outlook.com,2025-03-17,77,42.72,Lucas Johnson,1-905-629-8543,Y,L000077,Very Frequent,12754,Male,53,1972-05-13,Graphic Designer
T002794,lucas.johnson76@outlook.com,2025-06-23,39,122.48,Lucas Johnson,1-905-629-8543,Y,L000077,Very Frequent,12754,Male,53,1972-05-13,Graphic Designer
T003112,lucas.johnson76@outlook.com,2025-07-17,163,148.89,Lucas Johnson,1-905-629-8543,Y,L000077,Very Frequent,12754,Male,53,1972-05-13,Graphic Designer
T003288,lucas.johnson76@outlook.com,2025-07-28,144,103.91,Lucas Johnson,1-905-629-8543,Y,L000077,Very Frequent,12754,Male,53,1972-05-13,Graphic Designer
T003499,lucas.johnson76@outlook.com,2025-08-11,139,107.24,Lucas Johnson,1-905-629-8543,Y,L000077,Very Frequent,12754,Male,53,1972-05-13,Graphic Designer
T004238,lucas.johnson76@outlook.com,2025-10-05,115,146.94,Lucas Johnson,1-905-629-8543,Y,L000077,Very Frequent,12754,Male,53,1972-05-13,Graphic Designer
T000081,lucas.taylor317@icloud.com,2024-11-04,106,16.98,Lucas Taylor,1-416-788-8265,N,,,,,,,
T000563,lucas.taylor317@icloud.com,2024-12-12,105,181.28,Lucas Taylor,1-416-788-8265,N,,,,,,,
T001025,lucas.taylor317@icloud.com,2025-01-19,112,93.2,Lucas Taylor,1-416-788-8265,N,,,,,,,
T001668,lucas.taylor317@icloud.com,2025-03-25,82,38.47,Lucas Taylor,1-416-788-8265,N,,,,,,,
T001744,lucas.taylor317@icloud.com,2025-03-31,63,197.39,Lucas Taylor,1-416-788-8265,N,,,,,,,
T003217,lucas.taylor317@icloud.com,2025-07-24,89,57.91,Lucas Taylor,1-416-788-8265,N,,,,,,,
T004444,lucas.taylor317@icloud.com,2025-10-25,45,32.98,Lucas Taylor,1-416-788-8265,N,,,,,,,
T001154,luke.anderson415@hotmail.com,2025-02-03,104,45.93,Luke Anderson,1-905-89-5175,Y,L000416,Frequent,4722,Prefer not to say,48,1977-03-03,Consultant
T001233,luke.anderson415@hotmail.com,2025-02-11,91,30.97,Luke Anderson,1-905-89-5175,Y,L000416,Frequent,4722,Prefer not to say,48,1977-03-03,Consultant
T001307,luke.anderson415@hotmail.com,2025-02-20,44,106.74,Luke Anderson,1-905-89-5175,Y,L000416,Frequent,4722,Prefer not to say,48,1977-03-03,Consultant
T002657,luke.anderson415@hotmail.com,2025-06-15,132,73.94,Luke Anderson,1-905-89-5175,Y,L000416,Frequent,4722,Prefer not to say,48,1977-03-03,Consultant
T002952,luke.anderson415@hotmail.com,2025-07-05,83,33.48,Luke Anderson,1-905-89-5175,Y,L000416,Frequent,4722,Prefer not to say,48,1977-03-03,Consultant
T002984,luke.anderson415@hotmail.com,2025-07-07,133,144.38,Luke Anderson,1-905-89-5175,Y,L000416,Frequent,4722,Prefer not to say,48,1977-03-03,Consultant
T003465,luke.anderson415@hotmail.com,2025-08-10,93,3.29,Luke Anderson,1-905-89-5175,Y,L000416,Frequent,4722,Prefer not to say,48,1977-03-03,Consultant
T003998,luke.anderson415@hotmail.com,2025-09-16,140,33.56,Luke Anderson,1-905-89-5175,Y,L000416,Frequent,4722,Prefer not to say,48,1977-03-03,Consultant
T000281,luke.lau347@gmail.com,2024-11-22,141,173.91,Luke Lau,1-365-796-4920,Y,L000348,Very Frequent,11361,Female,30,1995-04-13,HR Coordinator
T000653,luke.lau347@gmail.com,2024-12-17,153,134.43,Luke Lau,1-365-796-4920,Y,L000348,Very Frequent,11361,Female,30,1995-04-13,HR Coordinator
T000959,luke.lau347@gmail.com,2025-01-13,143,221.69,Luke Lau,1-365-796-4920,Y,L000348,Very Frequent,11361,Female,30,1995-04-13,HR Coordinator
T001253,luke.lau347@gmail.com,2025-02-15,44,49.47,Luke Lau,1-365-796-4920,Y,L000348,Very Frequent,11361,Female,30,1995-04-13,HR Coordinator
T001310,luke.lau347@gmail.com,2025-02-20,56,127.8,Luke Lau,1-365-796-4920,Y,L000348,Very Frequent,11361,Female,30,1995-04-13,HR Coordinator
T001738,luke.lau347@gmail.com,2025-03-31,72,75.94,Luke Lau,1-365-796-4920,Y,L000348,Very Frequent,11361,Female,30,1995-04-13,HR Coordinator
T001934,luke.lau347@gmail.com,2025-04-17,148,112.73,Luke Lau,1-365-796-4920,Y,L000348,Very Frequent,11361,Female,30,1995-04-13,HR Coordinator
T002405,luke.lau347@gmail.com,2025-05-27,123,96.26,Luke Lau,1-365-796-4920,Y,L000348,Very Frequent,11361,Female,30,1995-04-13,HR Coordinator
T002486,luke.lau347@gmail.com,2025-06-03,144,33.47,Luke Lau,1-365-796-4920,Y,L000348,Very Frequent,11361,Female,30,1995-04-13,HR Coordinator
T002492,luke.lau347@gmail.com,2025-06-03,93,11.98,Luke Lau,1-365-796-4920,Y,L000348,Very Frequent,11361,Female,30,1995-04-13,HR Coordinator
T003689,luke.lau347@gmail.com,2025-08-24,129,73.45,Luke Lau,1-365-796-4920,Y,L000348,Very Frequent,11361,Female,30,1995-04-13,HR Coordinator
T004349,luke.lau347@gmail.com,2025-10-15,30,24.99,Luke Lau,1-365-796-4920,Y,L000348,Very Frequent,11361,Female,30,1995-04-13,HR Coordinator
T000926,luke.li135@yahoo.com,2025-01-08,103,57.44,Luke Li,1-289-318-7814,Y,L000136,Frequent,5081,Female,29,1996-01-23,Accountant
T001090,luke.li135@yahoo.com,2025-01-27,105,85.93,Luke Li,1-289-318-7814,Y,L000136,Frequent,5081,Female,29,1996-01-23,Accountant
T002679,luke.li135@yahoo.com,2025-06-15,70,110.4,Luke Li,1-289-318-7814,Y,L000136,Frequent,5081,Female,29,1996-01-23,Accountant
T003267,luke.li135@yahoo.com,2025-07-27,126,47.97,Luke Li,1-289-318-7814,Y,L000136,Frequent,5081,Female,29,1996-01-23,Accountant
T003558,luke.li135@yahoo.com,2025-08-15,70,134.88,Luke Li,1-289-318-7814,Y,L000136,Frequent,5081,Female,29,1996-01-23,Accountant
T004129,luke.li135@yahoo.com,2025-09-27,94,71.48,Luke Li,1-289-318-7814,Y,L000136,Frequent,5081,Female,29,1996-01-23,Accountant
T000223,luke.su353@icloud.com,2024-11-16,101,94.96,Luke Su,1-647-963-5706,Y,L000354,Very Frequent,15268,Male,38,1987-04-23,Sales Associate
T000470,luke.su353@icloud.com,2024-12-06,44,78.93,Luke Su,1-647-963-5706,Y,L000354,Very Frequent,15268,Male,38,1987-04-23,Sales Associate
T000783,luke.su353@icloud.com,2024-12-27,98,274.09,Luke Su,1-647-963-5706,Y,L000354,Very Frequent,15268,Male,38,1987-04-23,Sales Associate
T001001,luke.su353@icloud.com,2025-01-18,114,55.45,Luke Su,1-647-963-5706,Y,L000354,Very Frequent,15268,Male,38,1987-04-23,Sales Associate
T001650,luke.su353@icloud.com,2025-03-24,120,177.89,Luke Su,1-647-963-5706,Y,L000354,Very Frequent,15268,Male,38,1987-04-23,Sales Associate
T002201,luke.su353@icloud.com,2025-05-10,87,104.7,Luke Su,1-647-963-5706,Y,L000354,Very Frequent,15268,Male,38,1987-04-23,Sales Associate
T002225,luke.su353@icloud.com,2025-05-11,88,9.99,Luke Su,1-647-963-5706,Y,L000354,Very Frequent,15268,Male,38,1987-04-23,Sales Associate
T002256,luke.su353@icloud.com,2025-05-14,61,61.96,Luke Su,1-647-963-5706,Y,L000354,Very Frequent,15268,Male,38,1987-04-23,Sales Associate
T002651,luke.su353@icloud.com,2025-06-14,94,195.73,Luke Su,1-647-963-5706,Y,L000354,Very Frequent,15268,Male,38,1987-04-23,Sales Associate
T002938,luke.su353@icloud.com,2025-07-04,99,31.47,Luke Su,1-647-963-5706,Y,L000354,Very Frequent,15268,Male,38,1987-04-23,Sales Associate
T003600,luke.su353@icloud.com,2025-08-19,139,141.7,Luke Su,1-647-963-5706,Y,L000354,Very Frequent,15268,Male,38,1987-04-23,Sales Associate
T003603,luke.su353@icloud.com,2025-08-19,97,110.88,Luke Su,1-647-963-5706,Y,L000354,Very Frequent,15268,Male,38,1987-04-23,Sales Associate
T003764,luke.su353@icloud.com,2025-08-29,124,97.94,Luke Su,1-647-963-5706,Y,L000354,Very Frequent,15268,Male,38,1987-04-23,Sales Associate
T003822,luke.su353@icloud.com,2025-09-01,75,91.21,Luke Su,1-647-963-5706,Y,L000354,Very Frequent,15268,Male,38,1987-04-23,Sales Associate
T000161,luna.chow322@icloud.com,2024-11-10,133,66.95,Luna Chow,1-416-182-3000,Y,L000323,Very Frequent,9435,Female,45,1980-01-01,Research Assistant
T000468,luna.chow322@icloud.com,2024-12-05,108,23.46,Luna Chow,1-416-182-3000,Y,L000323,Very Frequent,9435,Female,45,1980-01-01,Research Assistant
T000802,luna.chow322@icloud.com,2024-12-28,30,41.46,Luna Chow,1-416-182-3000,Y,L000323,Very Frequent,9435,Female,45,1980-01-01,Research Assistant
T000847,luna.chow322@icloud.com,2024-12-30,52,218.38,Luna Chow,1-416-182-3000,Y,L000323,Very Frequent,9435,Female,45,1980-01-01,Research Assistant
T001205,luna.chow322@icloud.com,2025-02-08,117,22.48,Luna Chow,1-416-182-3000,Y,L000323,Very Frequent,9435,Female,45,1980-01-01,Research Assistant
T003031,luna.chow322@icloud.com,2025-07-11,65,94.93,Luna Chow,1-416-182-3000,Y,L000323,Very Frequent,9435,Female,45,1980-01-01,Research Assistant
T003470,luna.chow322@icloud.com,2025-08-10,69,112.71,Luna Chow,1-416-182-3000,Y,L000323,Very Frequent,9435,Female,45,1980-01-01,Research Assistant
T003487,luna.chow322@icloud.com,2025-08-11,58,42.48,Luna Chow,1-416-182-3000,Y,L000323,Very Frequent,9435,Female,45,1980-01-01,Research Assistant
T003667,luna.chow322@icloud.com,2025-08-23,164,42.55,Luna Chow,1-416-182-3000,Y,L000323,Very Frequent,9435,Female,45,1980-01-01,Research Assistant
T003854,luna.chow322@icloud.com,2025-09-03,115,40.98,Luna Chow,1-416-182-3000,Y,L000323,Very Frequent,9435,Female,45,1980-01-01,Research Assistant
T003901,luna.chow322@icloud.com,2025-09-06,125,182.18,Luna Chow,1-416-182-3000,Y,L000323,Very Frequent,9435,Female,45,1980-01-01,Research Assistant
T004268,luna.chow322@icloud.com,2025-10-07,63,54.97,Luna Chow,1-416-182-3000,Y,L000323,Very Frequent,9435,Female,45,1980-01-01,Research Assistant
T000236,luna.johnson351@gmail.com,2024-11-17,58,136.96,Luna Johnson,1-905-945-4676,Y,L000352,Very Frequent,8559,Female,31,1994-09-04,Customer Service Rep
T000385,luna.johnson351@gmail.com,2024-12-01,130,121.94,Luna Johnson,1-905-945-4676,Y,L000352,Very Frequent,8559,Female,31,1994-09-04,Customer Service Rep
T002109,luna.johnson351@gmail.com,2025-05-03,116,54.94,Luna Johnson,1-905-945-4676,Y,L000352,Very Frequent,8559,Female,31,1994-09-04,Customer Service Rep
T002387,luna.johnson351@gmail.com,2025-05-25,153,222.88,Luna Johnson,1-905-945-4676,Y,L000352,Very Frequent,8559,Female,31,1994-09-04,Customer Service Rep
T002788,luna.johnson351@gmail.com,2025-06-23,84,49.97,Luna Johnson,1-905-945-4676,Y,L000352,Very Frequent,8559,Female,31,1994-09-04,Customer Service Rep
T003057,luna.johnson351@gmail.com,2025-07-12,83,78.43,Luna Johnson,1-905-945-4676,Y,L000352,Very Frequent,8559,Female,31,1994-09-04,Customer Service Rep
T003069,luna.johnson351@gmail.com,2025-07-13,135,144.89,Luna Johnson,1-905-945-4676,Y,L000352,Very Frequent,8559,Female,31,1994-09-04,Customer Service Rep
T003184,luna.johnson351@gmail.com,2025-07-21,89,4.99,Luna Johnson,1-905-945-4676,Y,L000352,Very Frequent,8559,Female,31,1994-09-04,Customer Service Rep
T003481,luna.johnson351@gmail.com,2025-08-10,141,40.98,Luna Johnson,1-905-945-4676,Y,L000352,Very Frequent,8559,Female,31,1994-09-04,Customer Service Rep
T000186,luna.khan266@yahoo.com,2024-11-13,45,149.43,Luna Khan,1-289-613-6772,Y,L000267,Very Frequent,10524,Female,28,1997-04-28,Product Manager
T000277,luna.khan266@yahoo.com,2024-11-21,124,50.95,Luna Khan,1-289-613-6772,Y,L000267,Very Frequent,10524,Female,28,1997-04-28,Product Manager
T000395,luna.khan266@yahoo.com,2024-12-01,49,138.42,Luna Khan,1-289-613-6772,Y,L000267,Very Frequent,10524,Female,28,1997-04-28,Product Manager
T000998,luna.khan266@yahoo.com,2025-01-17,81,90.43,Luna Khan,1-289-613-6772,Y,L000267,Very Frequent,10524,Female,28,1997-04-28,Product Manager
T001777,luna.khan266@yahoo.com,2025-04-04,103,24.98,Luna Khan,1-289-613-6772,Y,L000267,Very Frequent,10524,Female,28,1997-04-28,Product Manager
T001804,luna.khan266@yahoo.com,2025-04-06,121,53.27,Luna Khan,1-289-613-6772,Y,L000267,Very Frequent,10524,Female,28,1997-04-28,Product Manager
T002367,luna.khan266@yahoo.com,2025-05-24,73,116.67,Luna Khan,1-289-613-6772,Y,L000267,Very Frequent,10524,Female,28,1997-04-28,Product Manager
T002503,luna.khan266@yahoo.com,2025-06-04,115,103.95,Luna Khan,1-289-613-6772,Y,L000267,Very Frequent,10524,Female,28,1997-04-28,Product Manager
T003959,luna.khan266@yahoo.com,2025-09-12,61,44.47,Luna Khan,1-289-613-6772,Y,L000267,Very Frequent,10524,Female,28,1997-04-28,Product Manager
T004016,luna.khan266@yahoo.com,2025-09-18,95,152.45,Luna Khan,1-289-613-6772,Y,L000267,Very Frequent,10524,Female,28,1997-04-28,Product Manager
T004024,luna.khan266@yahoo.com,2025-09-18,70,39.97,Luna Khan,1-289-613-6772,Y,L000267,Very Frequent,10524,Female,28,1997-04-28,Product Manager
T004091,luna.khan266@yahoo.com,2025-09-23,169,87.46,Luna Khan,1-289-613-6772,Y,L000267,Very Frequent,10524,Female,28,1997-04-28,Product Manager
T000016,luna.khan281@gmail.com,2024-10-29,50,110.19,Luna Khan,1-647-524-970,Y,L000282,Frequent,5246,Female,47,1978-12-01,Nurse
T000140,luna.khan281@gmail.com,2024-11-09,96,145.98,Luna Khan,1-647-524-970,Y,L000282,Frequent,5246,Female,47,1978-12-01,Nurse
T000231,luna.khan281@gmail.com,2024-11-17,119,120.39,Luna Khan,1-647-524-970,Y,L000282,Frequent,5246,Female,47,1978-12-01,Nurse
T000432,luna.khan281@gmail.com,2024-12-03,114,57.54,Luna Khan,1-647-524-970,Y,L000282,Frequent,5246,Female,47,1978-12-01,Nurse
T000675,luna.khan281@gmail.com,2024-12-18,98,15.07,Luna Khan,1-647-524-970,Y,L000282,Frequent,5246,Female,47,1978-12-01,Nurse
T002819,luna.khan281@gmail.com,2025-06-26,119,75.47,Luna Khan,1-647-524-970,Y,L000282,Frequent,5246,Female,47,1978-12-01,Nurse
T000137,luna.lin388@hotmail.com,2024-11-09,126,145.49,Luna Lin,1-365-520-743,Y,L000389,Frequent,5741,Female,36,1989-06-24,Operations Manager
T000402,luna.lin388@hotmail.com,2024-12-01,75,81.06,Luna Lin,1-365-520-743,Y,L000389,Frequent,5741,Female,36,1989-06-24,Operations Manager
T000480,luna.lin388@hotmail.com,2024-12-06,174,239.35,Luna Lin,1-365-520-743,Y,L000389,Frequent,5741,Female,36,1989-06-24,Operations Manager
T001449,luna.lin388@hotmail.com,2025-03-06,120,41.96,Luna Lin,1-365-520-743,Y,L000389,Frequent,5741,Female,36,1989-06-24,Operations Manager
T003945,luna.lin388@hotmail.com,2025-09-10,120,66.24,Luna Lin,1-365-520-743,Y,L000389,Frequent,5741,Female,36,1989-06-24,Operations Manager
T000217,luna.macdonald412@yahoo.com,2024-11-16,73,172.7,Luna MacDonald,1-905-791-5786,Y,L000413,Frequent,7312,Female,28,1997-04-11,Nurse
T000735,luna.macdonald412@yahoo.com,2024-12-23,64,81.43,Luna MacDonald,1-905-791-5786,Y,L000413,Frequent,7312,Female,28,1997-04-11,Nurse
T001447,luna.macdonald412@yahoo.com,2025-03-06,59,40.47,Luna MacDonald,1-905-791-5786,Y,L000413,Frequent,7312,Female,28,1997-04-11,Nurse
T002009,luna.macdonald412@yahoo.com,2025-04-24,94,47.47,Luna MacDonald,1-905-791-5786,Y,L000413,Frequent,7312,Female,28,1997-04-11,Nurse
T002883,luna.macdonald412@yahoo.com,2025-06-29,62,161.38,Luna MacDonald,1-905-791-5786,Y,L000413,Frequent,7312,Female,28,1997-04-11,Nurse
T003439,luna.macdonald412@yahoo.com,2025-08-08,131,123.41,Luna MacDonald,1-905-791-5786,Y,L000413,Frequent,7312,Female,28,1997-04-11,Nurse
T003932,luna.macdonald412@yahoo.com,2025-09-09,121,49.97,Luna MacDonald,1-905-791-5786,Y,L000413,Frequent,7312,Female,28,1997-04-11,Nurse
T004066,luna.macdonald412@yahoo.com,2025-09-21,30,54.44,Luna MacDonald,1-905-791-5786,Y,L000413,Frequent,7312,Female,28,1997-04-11,Nurse
T000233,luna.thompson392@icloud.com,2024-11-17,117,172.94,Luna Thompson,1-647-280-5011,Y,L000393,Very Frequent,14747,Female,28,1997-03-25,Customer Service Rep
T000396,luna.thompson392@icloud.com,2024-12-01,107,120.91,Luna Thompson,1-647-280-5011,Y,L000393,Very Frequent,14747,Female,28,1997-03-25,Customer Service Rep
T000504,luna.thompson392@icloud.com,2024-12-07,129,91.94,Luna Thompson,1-647-280-5011,Y,L000393,Very Frequent,14747,Female,28,1997-03-25,Customer Service Rep
T001189,luna.thompson392@icloud.com,2025-02-07,81,128.42,Luna Thompson,1-647-280-5011,Y,L000393,Very Frequent,14747,Female,28,1997-03-25,Customer Service Rep
T001956,luna.thompson392@icloud.com,2025-04-19,60,64.94,Luna Thompson,1-647-280-5011,Y,L000393,Very Frequent,14747,Female,28,1997-03-25,Customer Service Rep
T002150,luna.thompson392@icloud.com,2025-05-05,120,237.89,Luna Thompson,1-647-280-5011,Y,L000393,Very Frequent,14747,Female,28,1997-03-25,Customer Service Rep
T002448,luna.thompson392@icloud.com,2025-05-31,47,138.9,Luna Thompson,1-647-280-5011,Y,L000393,Very Frequent,14747,Female,28,1997-03-25,Customer Service Rep
T002504,luna.thompson392@icloud.com,2025-06-04,48,86.41,Luna Thompson,1-647-280-5011,Y,L000393,Very Frequent,14747,Female,28,1997-03-25,Customer Service Rep
T002580,luna.thompson392@icloud.com,2025-06-09,136,79.12,Luna Thompson,1-647-280-5011,Y,L000393,Very Frequent,14747,Female,28,1997-03-25,Customer Service Rep
T002985,luna.thompson392@icloud.com,2025-07-07,188,296.79,Luna Thompson,1-647-280-5011,Y,L000393,Very Frequent,14747,Female,28,1997-03-25,Customer Service Rep
T003338,luna.thompson392@icloud.com,2025-08-01,171,56.48,Luna Thompson,1-647-280-5011,Y,L000393,Very Frequent,14747,Female,28,1997-03-25,Customer Service Rep
T000413,madison.chen163@yahoo.com,2024-12-02,96,51.97,Madison Chen,1-365-355-1916,Y,L000164,Frequent,4215,Male,21,2004-12-29,Accountant
T000433,madison.chen163@yahoo.com,2024-12-03,73,3.49,Madison Chen,1-365-355-1916,Y,L000164,Frequent,4215,Male,21,2004-12-29,Accountant
T001899,madison.chen163@yahoo.com,2025-04-14,113,104.93,Madison Chen,1-365-355-1916,Y,L000164,Frequent,4215,Male,21,2004-12-29,Accountant
T002126,madison.chen163@yahoo.com,2025-05-03,60,66.02,Madison Chen,1-365-355-1916,Y,L000164,Frequent,4215,Male,21,2004-12-29,Accountant
T002773,madison.chen163@yahoo.com,2025-06-22,148,120.43,Madison Chen,1-365-355-1916,Y,L000164,Frequent,4215,Male,21,2004-12-29,Accountant
T003061,madison.chen163@yahoo.com,2025-07-13,107,23.29,Madison Chen,1-365-355-1916,Y,L000164,Frequent,4215,Male,21,2004-12-29,Accountant
T004362,madison.chen163@yahoo.com,2025-10-17,41,51.45,Madison Chen,1-365-355-1916,Y,L000164,Frequent,4215,Male,21,2004-12-29,Accountant
T001430,madison.garcia466@outlook.com,2025-03-05,67,38.25,Madison Garcia,1-905-747-6527,N,,,,,,,
T002138,madison.garcia466@outlook.com,2025-05-04,68,33.47,Madison Garcia,1-905-747-6527,N,,,,,,,
T002188,madison.garcia466@outlook.com,2025-05-08,111,64.76,Madison Garcia,1-905-747-6527,N,,,,,,,
T002615,madison.garcia466@outlook.com,2025-06-12,60,197.98,Madison Garcia,1-905-747-6527,N,,,,,,,
T002776,madison.garcia466@outlook.com,2025-06-22,72,62.94,Madison Garcia,1-905-747-6527,N,,,,,,,
T003858,madison.garcia466@outlook.com,2025-09-03,96,60.44,Madison Garcia,1-905-747-6527,N,,,,,,,
T004435,madison.garcia466@outlook.com,2025-10-24,98,42.85,Madison Garcia,1-905-747-6527,N,,,,,,,
T000028,madison.huang83@hotmail.com,2024-10-30,75,50.43,Madison Huang,1-905-989-2384,Y,L000084,Frequent,6373,Male,29,1996-01-19,Barista
T001885,madison.huang83@hotmail.com,2025-04-13,146,51.46,Madison Huang,1-905-989-2384,Y,L000084,Frequent,6373,Male,29,1996-01-19,Barista
T002008,madison.huang83@hotmail.com,2025-04-24,143,59.45,Madison Huang,1-905-989-2384,Y,L000084,Frequent,6373,Male,29,1996-01-19,Barista
T002122,madison.huang83@hotmail.com,2025-05-03,108,77.46,Madison Huang,1-905-989-2384,Y,L000084,Frequent,6373,Male,29,1996-01-19,Barista
T002132,madison.huang83@hotmail.com,2025-05-04,73,3.29,Madison Huang,1-905-989-2384,Y,L000084,Frequent,6373,Male,29,1996-01-19,Barista
T002189,madison.huang83@hotmail.com,2025-05-08,72,48.98,Madison Huang,1-905-989-2384,Y,L000084,Frequent,6373,Male,29,1996-01-19,Barista
T003295,madison.huang83@hotmail.com,2025-07-28,62,29.97,Madison Huang,1-905-989-2384,Y,L000084,Frequent,6373,Male,29,1996-01-19,Barista
T003423,madison.huang83@hotmail.com,2025-08-06,86,109.92,Madison Huang,1-905-989-2384,Y,L000084,Frequent,6373,Male,29,1996-01-19,Barista
T004143,madison.huang83@hotmail.com,2025-09-28,124,206.35,Madison Huang,1-905-989-2384,Y,L000084,Frequent,6373,Male,29,1996-01-19,Barista
T000029,madison.ivanov444@hotmail.com,2024-10-30,121,111.91,Madison Ivanov,1-647-173-3242,Y,L000445,Frequent,6146,Female,34,1991-04-29,Student
T002026,madison.ivanov444@hotmail.com,2025-04-26,148,37.46,Madison Ivanov,1-647-173-3242,Y,L000445,Frequent,6146,Female,34,1991-04-29,Student
T002106,madison.ivanov444@hotmail.com,2025-05-02,109,52.97,Madison Ivanov,1-647-173-3242,Y,L000445,Frequent,6146,Female,34,1991-04-29,Student
T002618,madison.ivanov444@hotmail.com,2025-06-13,186,85.97,Madison Ivanov,1-647-173-3242,Y,L000445,Frequent,6146,Female,34,1991-04-29,Student
T003320,madison.ivanov444@hotmail.com,2025-07-30,93,174.43,Madison Ivanov,1-647-173-3242,Y,L000445,Frequent,6146,Female,34,1991-04-29,Student
T003587,madison.ivanov444@hotmail.com,2025-08-18,92,24.46,Madison Ivanov,1-647-173-3242,Y,L000445,Frequent,6146,Female,34,1991-04-29,Student
T003692,madison.ivanov444@hotmail.com,2025-08-25,104,127.46,Madison Ivanov,1-647-173-3242,Y,L000445,Frequent,6146,Female,34,1991-04-29,Student
T000273,madison.kim475@outlook.com,2024-11-21,182,136.47,Madison Kim,1-416-346-7413,Y,L000476,Frequent,7009,Male,27,1998-04-21,Barista
T001095,madison.kim475@outlook.com,2025-01-28,50,152.36,Madison Kim,1-416-346-7413,Y,L000476,Frequent,7009,Male,27,1998-04-21,Barista
T001501,madison.kim475@outlook.com,2025-03-11,82,100.46,Madison Kim,1-416-346-7413,Y,L000476,Frequent,7009,Male,27,1998-04-21,Barista
T001898,madison.kim475@outlook.com,2025-04-14,116,93.24,Madison Kim,1-416-346-7413,Y,L000476,Frequent,7009,Male,27,1998-04-21,Barista
T003126,madison.kim475@outlook.com,2025-07-18,43,176.9,Madison Kim,1-416-346-7413,Y,L000476,Frequent,7009,Male,27,1998-04-21,Barista
T003359,madison.kim475@outlook.com,2025-08-02,89,41.47,Madison Kim,1-416-346-7413,Y,L000476,Frequent,7009,Male,27,1998-04-21,Barista
T001018,madison.lin112@outlook.com,2025-01-19,119,46.43,Madison Lin,1-365-136-7879,Y,L000113,Frequent,6074,Male,41,1984-08-20,Customer Service Rep
T001301,madison.lin112@outlook.com,2025-02-19,98,19.99,Madison Lin,1-365-136-7879,Y,L000113,Frequent,6074,Male,41,1984-08-20,Customer Service Rep
T001415,madison.lin112@outlook.com,2025-03-03,74,38.46,Madison Lin,1-365-136-7879,Y,L000113,Frequent,6074,Male,41,1984-08-20,Customer Service Rep
T001491,madison.lin112@outlook.com,2025-03-10,97,282.43,Madison Lin,1-365-136-7879,Y,L000113,Frequent,6074,Male,41,1984-08-20,Customer Service Rep
T001532,madison.lin112@outlook.com,2025-03-14,118,91.95,Madison Lin,1-365-136-7879,Y,L000113,Frequent,6074,Male,41,1984-08-20,Customer Service Rep
T001942,madison.lin112@outlook.com,2025-04-18,166,108.23,Madison Lin,1-365-136-7879,Y,L000113,Frequent,6074,Male,41,1984-08-20,Customer Service Rep
T003729,madison.lin112@outlook.com,2025-08-27,82,19.99,Madison Lin,1-365-136-7879,Y,L000113,Frequent,6074,Male,41,1984-08-20,Customer Service Rep
T000345,madison.lin227@icloud.com,2024-11-28,114,225.88,Madison Lin,1-905-105-5780,Y,L000228,Very Frequent,8625,Female,41,1984-09-23,Graphic Designer
T000449,madison.lin227@icloud.com,2024-12-04,97,54.73,Madison Lin,1-905-105-5780,Y,L000228,Very Frequent,8625,Female,41,1984-09-23,Graphic Designer
T000603,madison.lin227@icloud.com,2024-12-14,97,73.46,Madison Lin,1-905-105-5780,Y,L000228,Very Frequent,8625,Female,41,1984-09-23,Graphic Designer
T001468,madison.lin227@icloud.com,2025-03-08,64,21.49,Madison Lin,1-905-105-5780,Y,L000228,Very Frequent,8625,Female,41,1984-09-23,Graphic Designer
T001791,madison.lin227@icloud.com,2025-04-05,75,106.43,Madison Lin,1-905-105-5780,Y,L000228,Very Frequent,8625,Female,41,1984-09-23,Graphic Designer
T001821,madison.lin227@icloud.com,2025-04-07,63,12.49,Madison Lin,1-905-105-5780,Y,L000228,Very Frequent,8625,Female,41,1984-09-23,Graphic Designer
T002002,madison.lin227@icloud.com,2025-04-23,102,147.18,Madison Lin,1-905-105-5780,Y,L000228,Very Frequent,8625,Female,41,1984-09-23,Graphic Designer
T002390,madison.lin227@icloud.com,2025-05-25,36,104.98,Madison Lin,1-905-105-5780,Y,L000228,Very Frequent,8625,Female,41,1984-09-23,Graphic Designer
T003032,madison.lin227@icloud.com,2025-07-11,80,54.97,Madison Lin,1-905-105-5780,Y,L000228,Very Frequent,8625,Female,41,1984-09-23,Graphic Designer
T003648,madison.lin227@icloud.com,2025-08-22,102,48.98,Madison Lin,1-905-105-5780,Y,L000228,Very Frequent,8625,Female,41,1984-09-23,Graphic Designer
T004311,madison.lin227@icloud.com,2025-10-11,30,11.98,Madison Lin,1-905-105-5780,Y,L000228,Very Frequent,8625,Female,41,1984-09-23,Graphic Designer
T000357,madison.lopez375@gmail.com,2024-11-29,149,152.42,Madison Lopez,1-365-321-545,Y,L000376,Frequent,5650,Male,27,1998-11-08,Accountant
T000827,madison.lopez375@gmail.com,2024-12-29,138,78.23,Madison Lopez,1-365-321-545,Y,L000376,Frequent,5650,Male,27,1998-11-08,Accountant
T000921,madison.lopez375@gmail.com,2025-01-07,83,20.98,Madison Lopez,1-365-321-545,Y,L000376,Frequent,5650,Male,27,1998-11-08,Accountant
T000993,madison.lopez375@gmail.com,2025-01-17,43,84.48,Madison Lopez,1-365-321-545,Y,L000376,Frequent,5650,Male,27,1998-11-08,Accountant
T001585,madison.lopez375@gmail.com,2025-03-18,88,95.44,Madison Lopez,1-365-321-545,Y,L000376,Frequent,5650,Male,27,1998-11-08,Accountant
T002117,madison.lopez375@gmail.com,2025-05-03,105,84.44,Madison Lopez,1-365-321-545,Y,L000376,Frequent,5650,Male,27,1998-11-08,Accountant
T003389,madison.lopez375@gmail.com,2025-08-04,114,20.49,Madison Lopez,1-365-321-545,Y,L000376,Frequent,5650,Male,27,1998-11-08,Accountant
T003868,madison.lopez375@gmail.com,2025-09-04,109,28.56,Madison Lopez,1-365-321-545,Y,L000376,Frequent,5650,Male,27,1998-11-08,Accountant
T001619,madison.macdonald156@outlook.com,2025-03-22,149,43.47,Madison MacDonald,1-437-726-6921,Y,L000157,Frequent,2862,Male,36,1989-03-15,Data Analyst
T001828,madison.macdonald156@outlook.com,2025-04-08,161,61.95,Madison MacDonald,1-437-726-6921,Y,L000157,Frequent,2862,Male,36,1989-03-15,Data Analyst
T002619,madison.macdonald156@outlook.com,2025-06-13,115,11.98,Madison MacDonald,1-437-726-6921,Y,L000157,Frequent,2862,Male,36,1989-03-15,Data Analyst
T003040,madison.macdonald156@outlook.com,2025-07-12,83,98.45,Madison MacDonald,1-437-726-6921,Y,L000157,Frequent,2862,Male,36,1989-03-15,Data Analyst
T004183,madison.macdonald156@outlook.com,2025-10-01,70,22.99,Madison MacDonald,1-437-726-6921,Y,L000157,Frequent,2862,Male,36,1989-03-15,Data Analyst
T004198,madison.macdonald156@outlook.com,2025-10-02,62,47.45,Madison MacDonald,1-437-726-6921,Y,L000157,Frequent,2862,Male,36,1989-03-15,Data Analyst
T000546,madison.park207@hotmail.com,2024-12-11,30,57.45,Madison Park,1-289-532-3043,N,,,,,,,
T000607,madison.park207@hotmail.com,2024-12-15,40,21.48,Madison Park,1-289-532-3043,N,,,,,,,
T000697,madison.park207@hotmail.com,2024-12-21,100,6.48,Madison Park,1-289-532-3043,N,,,,,,,
T001244,madison.park207@hotmail.com,2025-02-12,139,88.49,Madison Park,1-289-532-3043,N,,,,,,,
T001635,madison.park207@hotmail.com,2025-03-23,85,13.49,Madison Park,1-289-532-3043,N,,,,,,,
T001891,madison.park207@hotmail.com,2025-04-13,86,3.49,Madison Park,1-289-532-3043,N,,,,,,,
T002463,madison.park207@hotmail.com,2025-06-01,95,113.94,Madison Park,1-289-532-3043,N,,,,,,,
T002791,madison.park207@hotmail.com,2025-06-23,89,66.44,Madison Park,1-289-532-3043,N,,,,,,,
T003586,madison.park207@hotmail.com,2025-08-17,81,220.38,Madison Park,1-289-532-3043,N,,,,,,,
T004001,madison.park207@hotmail.com,2025-09-16,103,205.87,Madison Park,1-289-532-3043,N,,,,,,,
T000084,madison.roy419@icloud.com,2024-11-05,139,159.3,Madison Roy,1-437-315-2572,N,,,,,,,
T000135,madison.roy419@icloud.com,2024-11-09,50,76.03,Madison Roy,1-437-315-2572,N,,,,,,,
T000615,madison.roy419@icloud.com,2024-12-15,137,52.96,Madison Roy,1-437-315-2572,N,,,,,,,
T000751,madison.roy419@icloud.com,2024-12-24,66,96.25,Madison Roy,1-437-315-2572,N,,,,,,,
T000928,madison.roy419@icloud.com,2025-01-08,113,106.72,Madison Roy,1-437-315-2572,N,,,,,,,
T002218,madison.roy419@icloud.com,2025-05-11,108,87.21,Madison Roy,1-437-315-2572,N,,,,,,,
T002319,madison.roy419@icloud.com,2025-05-18,72,100.21,Madison Roy,1-437-315-2572,N,,,,,,,
T003007,madison.roy419@icloud.com,2025-07-09,104,55.96,Madison Roy,1-437-315-2572,N,,,,,,,
T003875,madison.roy419@icloud.com,2025-09-05,68,43.47,Madison Roy,1-437-315-2572,N,,,,,,,
T004203,madison.roy419@icloud.com,2025-10-02,80,134.94,Madison Roy,1-437-315-2572,N,,,,,,,
T000133,madison.white459@icloud.com,2024-11-09,110,53.46,Madison White,1-437-361-5081,N,,,,,,,
T001125,madison.white459@icloud.com,2025-02-01,163,130.91,Madison White,1-437-361-5081,N,,,,,,,
T001476,madison.white459@icloud.com,2025-03-09,126,122.69,Madison White,1-437-361-5081,N,,,,,,,
T001579,madison.white459@icloud.com,2025-03-17,56,69.94,Madison White,1-437-361-5081,N,,,,,,,
T001719,madison.white459@icloud.com,2025-03-30,72,48.47,Madison White,1-437-361-5081,N,,,,,,,
T001761,madison.white459@icloud.com,2025-04-02,82,123.44,Madison White,1-437-361-5081,N,,,,,,,
T001826,madison.white459@icloud.com,2025-04-08,162,29.48,Madison White,1-437-361-5081,N,,,,,,,
T002012,madison.white459@icloud.com,2025-04-25,121,95.38,Madison White,1-437-361-5081,N,,,,,,,
T002198,madison.white459@icloud.com,2025-05-09,32,173.34,Madison White,1-437-361-5081,N,,,,,,,
T002831,madison.white459@icloud.com,2025-06-27,117,115.4,Madison White,1-437-361-5081,N,,,,,,,
T002841,madison.white459@icloud.com,2025-06-27,96,65.74,Madison White,1-437-361-5081,N,,,,,,,
T003917,madison.white459@icloud.com,2025-09-07,78,37.25,Madison White,1-437-361-5081,N,,,,,,,
T004293,madison.white459@icloud.com,2025-10-10,117,33.48,Madison White,1-437-361-5081,N,,,,,,,
T001113,madison.wong366@yahoo.com,2025-01-31,77,106.72,Madison Wong,1-647-623-6969,N,,,,,,,
T001984,madison.wong366@yahoo.com,2025-04-22,70,25.97,Madison Wong,1-647-623-6969,N,,,,,,,
T002325,madison.wong366@yahoo.com,2025-05-19,98,27.98,Madison Wong,1-647-623-6969,N,,,,,,,
T002551,madison.wong366@yahoo.com,2025-06-08,115,48.44,Madison Wong,1-647-623-6969,N,,,,,,,
T002922,madison.wong366@yahoo.com,2025-07-03,83,107.51,Madison Wong,1-647-623-6969,N,,,,,,,
T003738,madison.wong366@yahoo.com,2025-08-27,155,68.75,Madison Wong,1-647-623-6969,N,,,,,,,
T003897,madison.wong366@yahoo.com,2025-09-06,106,176.89,Madison Wong,1-647-623-6969,N,,,,,,,
T004085,madison.wong366@yahoo.com,2025-09-23,99,9.97,Madison Wong,1-647-623-6969,N,,,,,,,
T000001,mason.chan230@icloud.com,2024-10-28,151,137.94,Mason Chan,1-289-113-9368,Y,L000231,Frequent,6561,Male,38,1987-12-31,Teacher
T000752,mason.chan230@icloud.com,2024-12-24,72,144.0,Mason Chan,1-289-113-9368,Y,L000231,Frequent,6561,Male,38,1987-12-31,Teacher
T001234,mason.chan230@icloud.com,2025-02-11,70,57.48,Mason Chan,1-289-113-9368,Y,L000231,Frequent,6561,Male,38,1987-12-31,Teacher
T001381,mason.chan230@icloud.com,2025-03-01,70,57.13,Mason Chan,1-289-113-9368,Y,L000231,Frequent,6561,Male,38,1987-12-31,Teacher
T002530,mason.chan230@icloud.com,2025-06-06,177,22.46,Mason Chan,1-289-113-9368,Y,L000231,Frequent,6561,Male,38,1987-12-31,Teacher
T003167,mason.chan230@icloud.com,2025-07-20,81,4.99,Mason Chan,1-289-113-9368,Y,L000231,Frequent,6561,Male,38,1987-12-31,Teacher
T003555,mason.chan230@icloud.com,2025-08-15,120,125.89,Mason Chan,1-289-113-9368,Y,L000231,Frequent,6561,Male,38,1987-12-31,Teacher
T003654,mason.chan230@icloud.com,2025-08-23,58,37.25,Mason Chan,1-289-113-9368,Y,L000231,Frequent,6561,Male,38,1987-12-31,Teacher
T004235,mason.chan230@icloud.com,2025-10-05,152,68.96,Mason Chan,1-289-113-9368,Y,L000231,Frequent,6561,Male,38,1987-12-31,Teacher
T000182,mason.chan66@gmail.com,2024-11-12,78,112.44,Mason Chan,1-416-544-1094,Y,L000067,Very Frequent,9676,Male,26,1999-09-03,Truck Driver
T000451,mason.chan66@gmail.com,2024-12-04,117,77.97,Mason Chan,1-416-544-1094,Y,L000067,Very Frequent,9676,Male,26,1999-09-03,Truck Driver
T001044,mason.chan66@gmail.com,2025-01-22,80,86.91,Mason Chan,1-416-544-1094,Y,L000067,Very Frequent,9676,Male,26,1999-09-03,Truck Driver
T001277,mason.chan66@gmail.com,2025-02-16,174,36.98,Mason Chan,1-416-544-1094,Y,L000067,Very Frequent,9676,Male,26,1999-09-03,Truck Driver
T002253,mason.chan66@gmail.com,2025-05-14,78,69.76,Mason Chan,1-416-544-1094,Y,L000067,Very Frequent,9676,Male,26,1999-09-03,Truck Driver
T003054,mason.chan66@gmail.com,2025-07-12,120,108.4,Mason Chan,1-416-544-1094,Y,L000067,Very Frequent,9676,Male,26,1999-09-03,Truck Driver
T003145,mason.chan66@gmail.com,2025-07-19,165,9.99,Mason Chan,1-416-544-1094,Y,L000067,Very Frequent,9676,Male,26,1999-09-03,Truck Driver
T003394,mason.chan66@gmail.com,2025-08-04,61,95.26,Mason Chan,1-416-544-1094,Y,L000067,Very Frequent,9676,Male,26,1999-09-03,Truck Driver
T003769,mason.chan66@gmail.com,2025-08-29,166,167.41,Mason Chan,1-416-544-1094,Y,L000067,Very Frequent,9676,Male,26,1999-09-03,Truck Driver
T004114,mason.chan66@gmail.com,2025-09-25,121,63.04,Mason Chan,1-416-544-1094,Y,L000067,Very Frequent,9676,Male,26,1999-09-03,Truck Driver
T004150,mason.chan66@gmail.com,2025-09-28,49,139.45,Mason Chan,1-416-544-1094,Y,L000067,Very Frequent,9676,Male,26,1999-09-03,Truck Driver
T000508,mason.khan485@yahoo.com,2024-12-08,89,207.97,Mason Khan,1-289-202-3999,Y,L000486,Very Frequent,8775,Male,38,1987-10-24,Electrician
T000938,mason.khan485@yahoo.com,2025-01-10,137,109.44,Mason Khan,1-289-202-3999,Y,L000486,Very Frequent,8775,Male,38,1987-10-24,Electrician
T001803,mason.khan485@yahoo.com,2025-04-06,118,115.41,Mason Khan,1-289-202-3999,Y,L000486,Very Frequent,8775,Male,38,1987-10-24,Electrician
T001896,mason.khan485@yahoo.com,2025-04-14,112,211.65,Mason Khan,1-289-202-3999,Y,L000486,Very Frequent,8775,Male,38,1987-10-24,Electrician
T002304,mason.khan485@yahoo.com,2025-05-17,108,45.95,Mason Khan,1-289-202-3999,Y,L000486,Very Frequent,8775,Male,38,1987-10-24,Electrician
T002906,mason.khan485@yahoo.com,2025-07-01,94,3.49,Mason Khan,1-289-202-3999,Y,L000486,Very Frequent,8775,Male,38,1987-10-24,Electrician
T003089,mason.khan485@yahoo.com,2025-07-15,124,28.97,Mason Khan,1-289-202-3999,Y,L000486,Very Frequent,8775,Male,38,1987-10-24,Electrician
T003387,mason.khan485@yahoo.com,2025-08-04,169,86.96,Mason Khan,1-289-202-3999,Y,L000486,Very Frequent,8775,Male,38,1987-10-24,Electrician
T003846,mason.khan485@yahoo.com,2025-09-02,131,37.97,Mason Khan,1-289-202-3999,Y,L000486,Very Frequent,8775,Male,38,1987-10-24,Electrician
T004137,mason.khan485@yahoo.com,2025-09-27,59,29.78,Mason Khan,1-289-202-3999,Y,L000486,Very Frequent,8775,Male,38,1987-10-24,Electrician
T000130,mason.kim153@outlook.com,2024-11-09,73,49.14,Mason Kim,1-289-869-1670,Y,L000154,Very Frequent,12242,Female,28,1997-06-26,Research Assistant
T000229,mason.kim153@outlook.com,2024-11-16,117,68.43,Mason Kim,1-289-869-1670,Y,L000154,Very Frequent,12242,Female,28,1997-06-26,Research Assistant
T000278,mason.kim153@outlook.com,2024-11-21,117,105.0,Mason Kim,1-289-869-1670,Y,L000154,Very Frequent,12242,Female,28,1997-06-26,Research Assistant
T000649,mason.kim153@outlook.com,2024-12-16,30,19.99,Mason Kim,1-289-869-1670,Y,L000154,Very Frequent,12242,Female,28,1997-06-26,Research Assistant
T001200,mason.kim153@outlook.com,2025-02-08,42,53.46,Mason Kim,1-289-869-1670,Y,L000154,Very Frequent,12242,Female,28,1997-06-26,Research Assistant
T002074,mason.kim153@outlook.com,2025-04-29,108,86.93,Mason Kim,1-289-869-1670,Y,L000154,Very Frequent,12242,Female,28,1997-06-26,Research Assistant
T002663,mason.kim153@outlook.com,2025-06-15,114,164.91,Mason Kim,1-289-869-1670,Y,L000154,Very Frequent,12242,Female,28,1997-06-26,Research Assistant
T002712,mason.kim153@outlook.com,2025-06-18,119,132.43,Mason Kim,1-289-869-1670,Y,L000154,Very Frequent,12242,Female,28,1997-06-26,Research Assistant
T002769,mason.kim153@outlook.com,2025-06-22,107,153.95,Mason Kim,1-289-869-1670,Y,L000154,Very Frequent,12242,Female,28,1997-06-26,Research Assistant
T003498,mason.kim153@outlook.com,2025-08-11,121,63.46,Mason Kim,1-289-869-1670,Y,L000154,Very Frequent,12242,Female,28,1997-06-26,Research Assistant
T003503,mason.kim153@outlook.com,2025-08-11,55,103.92,Mason Kim,1-289-869-1670,Y,L000154,Very Frequent,12242,Female,28,1997-06-26,Research Assistant
T004080,mason.kim153@outlook.com,2025-09-23,117,77.43,Mason Kim,1-289-869-1670,Y,L000154,Very Frequent,12242,Female,28,1997-06-26,Research Assistant
T004474,mason.kim153@outlook.com,2025-10-26,153,145.23,Mason Kim,1-289-869-1670,Y,L000154,Very Frequent,12242,Female,28,1997-06-26,Research Assistant
T000199,mason.macdonald0@gmail.com,2024-11-14,112,205.87,Mason MacDonald,1-365-227-6804,N,,,,,,,
T000632,mason.macdonald0@gmail.com,2024-12-15,54,107.71,Mason MacDonald,1-365-227-6804,N,,,,,,,
T000678,mason.macdonald0@gmail.com,2024-12-19,30,36.46,Mason MacDonald,1-365-227-6804,N,,,,,,,
T001130,mason.macdonald0@gmail.com,2025-02-01,105,52.97,Mason MacDonald,1-365-227-6804,N,,,,,,,
T001644,mason.macdonald0@gmail.com,2025-03-23,94,59.93,Mason MacDonald,1-365-227-6804,N,,,,,,,
T004439,mason.macdonald0@gmail.com,2025-10-24,136,202.39,Mason MacDonald,1-365-227-6804,N,,,,,,,
T004449,mason.macdonald0@gmail.com,2025-10-25,150,97.93,Mason MacDonald,1-365-227-6804,N,,,,,,,
T000125,mason.nguyen184@gmail.com,2024-11-08,128,166.4,Mason Nguyen,1-416-471-7059,N,,,,,,,
T000711,mason.nguyen184@gmail.com,2024-12-22,151,148.43,Mason Nguyen,1-416-471-7059,N,,,,,,,
T001981,mason.nguyen184@gmail.com,2025-04-21,57,195.84,Mason Nguyen,1-416-471-7059,N,,,,,,,
T002135,mason.nguyen184@gmail.com,2025-05-04,71,31.48,Mason Nguyen,1-416-471-7059,N,,,,,,,
T002371,mason.nguyen184@gmail.com,2025-05-24,166,158.7,Mason Nguyen,1-416-471-7059,N,,,,,,,
T003256,mason.nguyen184@gmail.com,2025-07-26,77,46.47,Mason Nguyen,1-416-471-7059,N,,,,,,,
T003599,mason.nguyen184@gmail.com,2025-08-19,77,21.57,Mason Nguyen,1-416-471-7059,N,,,,,,,
T003754,mason.nguyen184@gmail.com,2025-08-29,156,116.45,Mason Nguyen,1-416-471-7059,N,,,,,,,
T003900,mason.nguyen184@gmail.com,2025-09-06,163,35.47,Mason Nguyen,1-416-471-7059,N,,,,,,,
T004101,mason.nguyen184@gmail.com,2025-09-24,123,67.45,Mason Nguyen,1-416-471-7059,N,,,,,,,
T000210,mason.white315@icloud.com,2024-11-15,105,31.96,Mason White,1-437-378-558,Y,L000316,Very Frequent,11269,Male,42,1983-07-13,Software Engineer
T000242,mason.white315@icloud.com,2024-11-18,30,48.97,Mason White,1-437-378-558,Y,L000316,Very Frequent,11269,Male,42,1983-07-13,Software Engineer
T000473,mason.white315@icloud.com,2024-12-06,64,166.39,Mason White,1-437-378-558,Y,L000316,Very Frequent,11269,Male,42,1983-07-13,Software Engineer
T000513,mason.white315@icloud.com,2024-12-08,141,40.97,Mason White,1-437-378-558,Y,L000316,Very Frequent,11269,Male,42,1983-07-13,Software Engineer
T000641,mason.white315@icloud.com,2024-12-16,119,189.96,Mason White,1-437-378-558,Y,L000316,Very Frequent,11269,Male,42,1983-07-13,Software Engineer
T000870,mason.white315@icloud.com,2025-01-01,107,238.31,Mason White,1-437-378-558,Y,L000316,Very Frequent,11269,Male,42,1983-07-13,Software Engineer
T001300,mason.white315@icloud.com,2025-02-19,123,30.49,Mason White,1-437-378-558,Y,L000316,Very Frequent,11269,Male,42,1983-07-13,Software Engineer
T001446,mason.white315@icloud.com,2025-03-06,74,94.52,Mason White,1-437-378-558,Y,L000316,Very Frequent,11269,Male,42,1983-07-13,Software Engineer
T002577,mason.white315@icloud.com,2025-06-09,78,44.96,Mason White,1-437-378-558,Y,L000316,Very Frequent,11269,Male,42,1983-07-13,Software Engineer
T003598,mason.white315@icloud.com,2025-08-19,102,240.41,Mason White,1-437-378-558,Y,L000316,Very Frequent,11269,Male,42,1983-07-13,Software Engineer
T000408,matthew.gonzalez102@icloud.com,2024-12-02,30,11.48,Matthew Gonzalez,1-365-331-1846,Y,L000103,Very Frequent,8127,Female,36,1989-05-18,Sales Associate
T001096,matthew.gonzalez102@icloud.com,2025-01-28,96,12.49,Matthew Gonzalez,1-365-331-1846,Y,L000103,Very Frequent,8127,Female,36,1989-05-18,Sales Associate
T001488,matthew.gonzalez102@icloud.com,2025-03-10,98,77.23,Matthew Gonzalez,1-365-331-1846,Y,L000103,Very Frequent,8127,Female,36,1989-05-18,Sales Associate
T002050,matthew.gonzalez102@icloud.com,2025-04-27,140,46.49,Matthew Gonzalez,1-365-331-1846,Y,L000103,Very Frequent,8127,Female,36,1989-05-18,Sales Associate
T002293,matthew.gonzalez102@icloud.com,2025-05-17,89,53.96,Matthew Gonzalez,1-365-331-1846,Y,L000103,Very Frequent,8127,Female,36,1989-05-18,Sales Associate
T002435,matthew.gonzalez102@icloud.com,2025-05-30,180,92.53,Matthew Gonzalez,1-365-331-1846,Y,L000103,Very Frequent,8127,Female,36,1989-05-18,Sales Associate
T002717,matthew.gonzalez102@icloud.com,2025-06-18,93,205.37,Matthew Gonzalez,1-365-331-1846,Y,L000103,Very Frequent,8127,Female,36,1989-05-18,Sales Associate
T002760,matthew.gonzalez102@icloud.com,2025-06-22,153,109.48,Matthew Gonzalez,1-365-331-1846,Y,L000103,Very Frequent,8127,Female,36,1989-05-18,Sales Associate
T003038,matthew.gonzalez102@icloud.com,2025-07-12,95,55.27,Matthew Gonzalez,1-365-331-1846,Y,L000103,Very Frequent,8127,Female,36,1989-05-18,Sales Associate
T003452,matthew.gonzalez102@icloud.com,2025-08-09,107,76.94,Matthew Gonzalez,1-365-331-1846,Y,L000103,Very Frequent,8127,Female,36,1989-05-18,Sales Associate
T003771,matthew.gonzalez102@icloud.com,2025-08-30,97,71.48,Matthew Gonzalez,1-365-331-1846,Y,L000103,Very Frequent,8127,Female,36,1989-05-18,Sales Associate
T000443,matthew.huang36@outlook.com,2024-12-04,74,2.99,Matthew Huang,1-416-191-9214,Y,L000037,Frequent,4886,Female,32,1993-09-30,Research Assistant
T000554,matthew.huang36@outlook.com,2024-12-11,100,102.97,Matthew Huang,1-416-191-9214,Y,L000037,Frequent,4886,Female,32,1993-09-30,Research Assistant
T000721,matthew.huang36@outlook.com,2024-12-22,101,86.45,Matthew Huang,1-416-191-9214,Y,L000037,Frequent,4886,Female,32,1993-09-30,Research Assistant
T001118,matthew.huang36@outlook.com,2025-01-31,150,30.97,Matthew Huang,1-416-191-9214,Y,L000037,Frequent,4886,Female,32,1993-09-30,Research Assistant
T001262,matthew.huang36@outlook.com,2025-02-15,112,16.57,Matthew Huang,1-416-191-9214,Y,L000037,Frequent,4886,Female,32,1993-09-30,Research Assistant
T001464,matthew.huang36@outlook.com,2025-03-08,81,31.49,Matthew Huang,1-416-191-9214,Y,L000037,Frequent,4886,Female,32,1993-09-30,Research Assistant
T001647,matthew.huang36@outlook.com,2025-03-23,76,37.47,Matthew Huang,1-416-191-9214,Y,L000037,Frequent,4886,Female,32,1993-09-30,Research Assistant
T003405,matthew.huang36@outlook.com,2025-08-05,116,179.71,Matthew Huang,1-416-191-9214,Y,L000037,Frequent,4886,Female,32,1993-09-30,Research Assistant
T000204,matthew.ivanov407@icloud.com,2024-11-15,90,118.89,Matthew Ivanov,1-905-305-2873,N,,,,,,,
T000293,matthew.ivanov407@icloud.com,2024-11-23,149,77.23,Matthew Ivanov,1-905-305-2873,N,,,,,,,
T000549,matthew.ivanov407@icloud.com,2024-12-11,131,63.96,Matthew Ivanov,1-905-305-2873,N,,,,,,,
T001425,matthew.ivanov407@icloud.com,2025-03-04,66,93.97,Matthew Ivanov,1-905-305-2873,N,,,,,,,
T002197,matthew.ivanov407@icloud.com,2025-05-09,133,89.97,Matthew Ivanov,1-905-305-2873,N,,,,,,,
T002705,matthew.ivanov407@icloud.com,2025-06-18,62,143.42,Matthew Ivanov,1-905-305-2873,N,,,,,,,
T003755,matthew.ivanov407@icloud.com,2025-08-29,115,36.46,Matthew Ivanov,1-905-305-2873,N,,,,,,,
T004032,matthew.ivanov407@icloud.com,2025-09-19,160,213.82,Matthew Ivanov,1-905-305-2873,N,,,,,,,
T004269,matthew.ivanov407@icloud.com,2025-10-07,33,18.27,Matthew Ivanov,1-905-305-2873,N,,,,,,,
T000216,matthew.khan286@icloud.com,2024-11-16,30,21.28,Matthew Khan,1-416-281-7930,Y,L000287,Frequent,7831,Female,57,1968-06-13,Graphic Designer
T000426,matthew.khan286@icloud.com,2024-12-03,87,96.45,Matthew Khan,1-416-281-7930,Y,L000287,Frequent,7831,Female,57,1968-06-13,Graphic Designer
T000680,matthew.khan286@icloud.com,2024-12-19,61,95.46,Matthew Khan,1-416-281-7930,Y,L000287,Frequent,7831,Female,57,1968-06-13,Graphic Designer
T001691,matthew.khan286@icloud.com,2025-03-27,74,141.37,Matthew Khan,1-416-281-7930,Y,L000287,Frequent,7831,Female,57,1968-06-13,Graphic Designer
T002065,matthew.khan286@icloud.com,2025-04-28,77,12.49,Matthew Khan,1-416-281-7930,Y,L000287,Frequent,7831,Female,57,1968-06-13,Graphic Designer
T002199,matthew.khan286@icloud.com,2025-05-09,110,13.49,Matthew Khan,1-416-281-7930,Y,L000287,Frequent,7831,Female,57,1968-06-13,Graphic Designer
T002803,matthew.khan286@icloud.com,2025-06-24,157,110.45,Matthew Khan,1-416-281-7930,Y,L000287,Frequent,7831,Female,57,1968-06-13,Graphic Designer
T003226,matthew.khan286@icloud.com,2025-07-24,98,135.28,Matthew Khan,1-416-281-7930,Y,L000287,Frequent,7831,Female,57,1968-06-13,Graphic Designer
T004124,matthew.khan286@icloud.com,2025-09-26,112,111.4,Matthew Khan,1-416-281-7930,Y,L000287,Frequent,7831,Female,57,1968-06-13,Graphic Designer
T004165,matthew.khan286@icloud.com,2025-09-29,65,18.49,Matthew Khan,1-416-281-7930,Y,L000287,Frequent,7831,Female,57,1968-06-13,Graphic Designer
T004277,matthew.khan286@icloud.com,2025-10-08,124,26.98,Matthew Khan,1-416-281-7930,Y,L000287,Frequent,7831,Female,57,1968-06-13,Graphic Designer
T000058,matthew.kim255@hotmail.com,2024-11-02,35,220.73,Matthew Kim,1-647-524-4680,N,,,,,,,
T000761,matthew.kim255@hotmail.com,2024-12-25,59,32.47,Matthew Kim,1-647-524-4680,N,,,,,,,
T001229,matthew.kim255@hotmail.com,2025-02-10,96,140.42,Matthew Kim,1-647-524-4680,N,,,,,,,
T001392,matthew.kim255@hotmail.com,2025-03-01,73,60.75,Matthew Kim,1-647-524-4680,N,,,,,,,
T001893,matthew.kim255@hotmail.com,2025-04-14,174,47.97,Matthew Kim,1-647-524-4680,N,,,,,,,
T002444,matthew.kim255@hotmail.com,2025-05-31,71,31.42,Matthew Kim,1-647-524-4680,N,,,,,,,
T002485,matthew.kim255@hotmail.com,2025-06-02,39,31.75,Matthew Kim,1-647-524-4680,N,,,,,,,
T002736,matthew.kim255@hotmail.com,2025-06-20,48,77.95,Matthew Kim,1-647-524-4680,N,,,,,,,
T003250,matthew.kim255@hotmail.com,2025-07-26,69,29.97,Matthew Kim,1-647-524-4680,N,,,,,,,
T003346,matthew.kim255@hotmail.com,2025-08-02,148,107.46,Matthew Kim,1-647-524-4680,N,,,,,,,
T003867,matthew.kim255@hotmail.com,2025-09-04,35,49.99,Matthew Kim,1-647-524-4680,N,,,,,,,
T004131,matthew.kim255@hotmail.com,2025-09-27,164,101.92,Matthew Kim,1-647-524-4680,N,,,,,,,
T000174,matthew.lau434@hotmail.com,2024-11-11,125,167.91,Matthew Lau,1-365-406-4986,Y,L000435,Frequent,7705,Non-binary,27,1998-08-09,Student
T000207,matthew.lau434@hotmail.com,2024-11-15,170,246.87,Matthew Lau,1-365-406-4986,Y,L000435,Frequent,7705,Non-binary,27,1998-08-09,Student
T000386,matthew.lau434@hotmail.com,2024-12-01,48,36.96,Matthew Lau,1-365-406-4986,Y,L000435,Frequent,7705,Non-binary,27,1998-08-09,Student
T001962,matthew.lau434@hotmail.com,2025-04-20,69,89.47,Matthew Lau,1-365-406-4986,Y,L000435,Frequent,7705,Non-binary,27,1998-08-09,Student
T003672,matthew.lau434@hotmail.com,2025-08-24,127,84.94,Matthew Lau,1-365-406-4986,Y,L000435,Frequent,7705,Non-binary,27,1998-08-09,Student
T003878,matthew.lau434@hotmail.com,2025-09-05,84,144.44,Matthew Lau,1-365-406-4986,Y,L000435,Frequent,7705,Non-binary,27,1998-08-09,Student
T000060,matthew.martin413@yahoo.com,2024-11-02,35,3.29,Matthew Martin,1-905-900-1940,N,,,,,,,
T000191,matthew.martin413@yahoo.com,2024-11-13,104,18.47,Matthew Martin,1-905-900-1940,N,,,,,,,
T000887,matthew.martin413@yahoo.com,2025-01-04,141,61.95,Matthew Martin,1-905-900-1940,N,,,,,,,
T001247,matthew.martin413@yahoo.com,2025-02-13,96,48.48,Matthew Martin,1-905-900-1940,N,,,,,,,
T001370,matthew.martin413@yahoo.com,2025-02-27,96,110.96,Matthew Martin,1-905-900-1940,N,,,,,,,
T002648,matthew.martin413@yahoo.com,2025-06-14,69,44.25,Matthew Martin,1-905-900-1940,N,,,,,,,
T002876,matthew.martin413@yahoo.com,2025-06-29,73,94.18,Matthew Martin,1-905-900-1940,N,,,,,,,
T003557,matthew.martin413@yahoo.com,2025-08-15,111,118.45,Matthew Martin,1-905-900-1940,N,,,,,,,
T003798,matthew.martin413@yahoo.com,2025-08-31,102,103.96,Matthew Martin,1-905-900-1940,N,,,,,,,
T004313,matthew.martin413@yahoo.com,2025-10-11,101,155.37,Matthew Martin,1-905-900-1940,N,,,,,,,
T000518,matthew.martin93@icloud.com,2024-12-08,119,124.93,Matthew Martin,1-365-492-7636,Y,L000094,Frequent,4745,Female,25,2000-04-05,Student
T001852,matthew.martin93@icloud.com,2025-04-10,104,62.45,Matthew Martin,1-365-492-7636,Y,L000094,Frequent,4745,Female,25,2000-04-05,Student
T002152,matthew.martin93@icloud.com,2025-05-05,93,10.47,Matthew Martin,1-365-492-7636,Y,L000094,Frequent,4745,Female,25,2000-04-05,Student
T003079,matthew.martin93@icloud.com,2025-07-14,66,34.26,Matthew Martin,1-365-492-7636,Y,L000094,Frequent,4745,Female,25,2000-04-05,Student
T003291,matthew.martin93@icloud.com,2025-07-28,47,19.98,Matthew Martin,1-365-492-7636,Y,L000094,Frequent,4745,Female,25,2000-04-05,Student
T003540,matthew.martin93@icloud.com,2025-08-14,121,72.47,Matthew Martin,1-365-492-7636,Y,L000094,Frequent,4745,Female,25,2000-04-05,Student
T004202,matthew.martin93@icloud.com,2025-10-02,78,82.94,Matthew Martin,1-365-492-7636,Y,L000094,Frequent,4745,Female,25,2000-04-05,Student
T004341,matthew.martin93@icloud.com,2025-10-14,71,67.03,Matthew Martin,1-365-492-7636,Y,L000094,Frequent,4745,Female,25,2000-04-05,Student
T000465,matthew.nguyen305@yahoo.com,2024-12-05,82,61.94,Matthew Nguyen,1-905-82-3901,Y,L000306,Frequent,6911,Female,18,2007-07-19,Barista
T000597,matthew.nguyen305@yahoo.com,2024-12-14,208,127.96,Matthew Nguyen,1-905-82-3901,Y,L000306,Frequent,6911,Female,18,2007-07-19,Barista
T000613,matthew.nguyen305@yahoo.com,2024-12-15,101,47.97,Matthew Nguyen,1-905-82-3901,Y,L000306,Frequent,6911,Female,18,2007-07-19,Barista
T000839,matthew.nguyen305@yahoo.com,2024-12-29,146,105.71,Matthew Nguyen,1-905-82-3901,Y,L000306,Frequent,6911,Female,18,2007-07-19,Barista
T001389,matthew.nguyen305@yahoo.com,2025-03-01,103,57.22,Matthew Nguyen,1-905-82-3901,Y,L000306,Frequent,6911,Female,18,2007-07-19,Barista
T002231,matthew.nguyen305@yahoo.com,2025-05-12,119,22.58,Matthew Nguyen,1-905-82-3901,Y,L000306,Frequent,6911,Female,18,2007-07-19,Barista
T003191,matthew.nguyen305@yahoo.com,2025-07-22,129,130.65,Matthew Nguyen,1-905-82-3901,Y,L000306,Frequent,6911,Female,18,2007-07-19,Barista
T003676,matthew.nguyen305@yahoo.com,2025-08-24,107,107.19,Matthew Nguyen,1-905-82-3901,Y,L000306,Frequent,6911,Female,18,2007-07-19,Barista
T004377,matthew.nguyen305@yahoo.com,2025-10-18,72,29.96,Matthew Nguyen,1-905-82-3901,Y,L000306,Frequent,6911,Female,18,2007-07-19,Barista
T000258,matthew.thompson330@gmail.com,2024-11-20,38,94.95,Matthew Thompson,1-365-429-4759,N,,,,,,,
T000619,matthew.thompson330@gmail.com,2024-12-15,148,96.47,Matthew Thompson,1-365-429-4759,N,,,,,,,
T001100,matthew.thompson330@gmail.com,2025-01-29,143,186.47,Matthew Thompson,1-365-429-4759,N,,,,,,,
T001439,matthew.thompson330@gmail.com,2025-03-05,48,133.69,Matthew Thompson,1-365-429-4759,N,,,,,,,
T001793,matthew.thompson330@gmail.com,2025-04-05,126,102.41,Matthew Thompson,1-365-429-4759,N,,,,,,,
T001805,matthew.thompson330@gmail.com,2025-04-06,129,186.34,Matthew Thompson,1-365-429-4759,N,,,,,,,
T001811,matthew.thompson330@gmail.com,2025-04-06,152,95.06,Matthew Thompson,1-365-429-4759,N,,,,,,,
T002090,matthew.thompson330@gmail.com,2025-04-30,174,68.45,Matthew Thompson,1-365-429-4759,N,,,,,,,
T002785,matthew.thompson330@gmail.com,2025-06-23,126,102.62,Matthew Thompson,1-365-429-4759,N,,,,,,,
T002927,matthew.thompson330@gmail.com,2025-07-03,153,66.45,Matthew Thompson,1-365-429-4759,N,,,,,,,
T003714,matthew.thompson330@gmail.com,2025-08-26,162,80.96,Matthew Thompson,1-365-429-4759,N,,,,,,,
T004261,matthew.thompson330@gmail.com,2025-10-07,91,77.24,Matthew Thompson,1-365-429-4759,N,,,,,,,
T004274,matthew.thompson330@gmail.com,2025-10-08,157,28.96,Matthew Thompson,1-365-429-4759,N,,,,,,,
T000398,matthew.white381@gmail.com,2024-12-01,91,20.98,Matthew White,1-905-700-1208,N,,,,,,,
T001714,matthew.white381@gmail.com,2025-03-29,101,8.49,Matthew White,1-905-700-1208,N,,,,,,,
T002100,matthew.white381@gmail.com,2025-05-01,60,50.45,Matthew White,1-905-700-1208,N,,,,,,,
T002240,matthew.white381@gmail.com,2025-05-13,111,312.3,Matthew White,1-905-700-1208,N,,,,,,,
T003590,matthew.white381@gmail.com,2025-08-18,109,167.21,Matthew White,1-905-700-1208,N,,,,,,,
T004067,matthew.white381@gmail.com,2025-09-21,138,98.69,Matthew White,1-905-700-1208,N,,,,,,,
T000733,mia.anderson70@icloud.com,2024-12-23,70,58.94,Mia Anderson,1-416-146-4022,Y,L000071,Frequent,7313,Male,43,1982-01-30,Student
T001318,mia.anderson70@icloud.com,2025-02-22,93,153.44,Mia Anderson,1-416-146-4022,Y,L000071,Frequent,7313,Male,43,1982-01-30,Student
T001632,mia.anderson70@icloud.com,2025-03-23,136,152.44,Mia Anderson,1-416-146-4022,Y,L000071,Frequent,7313,Male,43,1982-01-30,Student
T001698,mia.anderson70@icloud.com,2025-03-28,122,82.95,Mia Anderson,1-416-146-4022,Y,L000071,Frequent,7313,Male,43,1982-01-30,Student
T002049,mia.anderson70@icloud.com,2025-04-27,76,82.73,Mia Anderson,1-416-146-4022,Y,L000071,Frequent,7313,Male,43,1982-01-30,Student
T002179,mia.anderson70@icloud.com,2025-05-07,122,83.95,Mia Anderson,1-416-146-4022,Y,L000071,Frequent,7313,Male,43,1982-01-30,Student
T003876,mia.anderson70@icloud.com,2025-09-05,124,9.99,Mia Anderson,1-416-146-4022,Y,L000071,Frequent,7313,Male,43,1982-01-30,Student
T003911,mia.anderson70@icloud.com,2025-09-07,139,24.47,Mia Anderson,1-416-146-4022,Y,L000071,Frequent,7313,Male,43,1982-01-30,Student
T004230,mia.anderson70@icloud.com,2025-10-04,120,82.46,Mia Anderson,1-416-146-4022,Y,L000071,Frequent,7313,Male,43,1982-01-30,Student
T000296,mia.chow496@icloud.com,2024-11-23,75,94.47,Mia Chow,1-905-903-7914,Y,L000497,Very Frequent,14762,Prefer not to say,35,1990-02-06,Accountant
T001545,mia.chow496@icloud.com,2025-03-15,43,107.91,Mia Chow,1-905-903-7914,Y,L000497,Very Frequent,14762,Prefer not to say,35,1990-02-06,Accountant
T001783,mia.chow496@icloud.com,2025-04-05,100,128.68,Mia Chow,1-905-903-7914,Y,L000497,Very Frequent,14762,Prefer not to say,35,1990-02-06,Accountant
T001902,mia.chow496@icloud.com,2025-04-14,56,160.91,Mia Chow,1-905-903-7914,Y,L000497,Very Frequent,14762,Prefer not to say,35,1990-02-06,Accountant
T001914,mia.chow496@icloud.com,2025-04-16,63,38.47,Mia Chow,1-905-903-7914,Y,L000497,Very Frequent,14762,Prefer not to say,35,1990-02-06,Accountant
T002011,mia.chow496@icloud.com,2025-04-25,92,140.46,Mia Chow,1-905-903-7914,Y,L000497,Very Frequent,14762,Prefer not to say,35,1990-02-06,Accountant
T002097,mia.chow496@icloud.com,2025-05-01,61,24.97,Mia Chow,1-905-903-7914,Y,L000497,Very Frequent,14762,Prefer not to say,35,1990-02-06,Accountant
T002234,mia.chow496@icloud.com,2025-05-12,110,102.42,Mia Chow,1-905-903-7914,Y,L000497,Very Frequent,14762,Prefer not to say,35,1990-02-06,Accountant
T002665,mia.chow496@icloud.com,2025-06-15,128,303.37,Mia Chow,1-905-903-7914,Y,L000497,Very Frequent,14762,Prefer not to say,35,1990-02-06,Accountant
T002894,mia.chow496@icloud.com,2025-06-30,94,14.98,Mia Chow,1-905-903-7914,Y,L000497,Very Frequent,14762,Prefer not to say,35,1990-02-06,Accountant
T003049,mia.chow496@icloud.com,2025-07-12,91,104.89,Mia Chow,1-905-903-7914,Y,L000497,Very Frequent,14762,Prefer not to say,35,1990-02-06,Accountant
T003380,mia.chow496@icloud.com,2025-08-03,61,81.03,Mia Chow,1-905-903-7914,Y,L000497,Very Frequent,14762,Prefer not to say,35,1990-02-06,Accountant
T003617,mia.chow496@icloud.com,2025-08-20,123,60.46,Mia Chow,1-905-903-7914,Y,L000497,Very Frequent,14762,Prefer not to say,35,1990-02-06,Accountant
T003881,mia.chow496@icloud.com,2025-09-05,111,113.21,Mia Chow,1-905-903-7914,Y,L000497,Very Frequent,14762,Prefer not to say,35,1990-02-06,Accountant
T000193,mia.ivanov452@outlook.com,2024-11-13,48,21.98,Mia Ivanov,1-416-121-7007,N,,,,,,,
T001752,mia.ivanov452@outlook.com,2025-04-01,62,114.96,Mia Ivanov,1-416-121-7007,N,,,,,,,
T001756,mia.ivanov452@outlook.com,2025-04-02,93,11.49,Mia Ivanov,1-416-121-7007,N,,,,,,,
T002544,mia.ivanov452@outlook.com,2025-06-08,89,87.95,Mia Ivanov,1-416-121-7007,N,,,,,,,
T002870,mia.ivanov452@outlook.com,2025-06-29,102,152.9,Mia Ivanov,1-416-121-7007,N,,,,,,,
T003085,mia.ivanov452@outlook.com,2025-07-14,153,42.53,Mia Ivanov,1-416-121-7007,N,,,,,,,
T003742,mia.ivanov452@outlook.com,2025-08-28,209,72.45,Mia Ivanov,1-416-121-7007,N,,,,,,,
T004492,mia.ivanov452@outlook.com,2025-10-28,136,129.93,Mia Ivanov,1-416-121-7007,N,,,,,,,
T000093,mia.lam18@hotmail.com,2024-11-05,82,83.44,Mia Lam,1-647-630-4806,N,,,,,,,
T000127,mia.lam18@hotmail.com,2024-11-08,121,66.98,Mia Lam,1-647-630-4806,N,,,,,,,
T000257,mia.lam18@hotmail.com,2024-11-20,132,104.9,Mia Lam,1-647-630-4806,N,,,,,,,
T000374,mia.lam18@hotmail.com,2024-11-30,104,32.98,Mia Lam,1-647-630-4806,N,,,,,,,
T000836,mia.lam18@hotmail.com,2024-12-29,87,11.97,Mia Lam,1-647-630-4806,N,,,,,,,
T001216,mia.lam18@hotmail.com,2025-02-09,78,203.85,Mia Lam,1-647-630-4806,N,,,,,,,
T001237,mia.lam18@hotmail.com,2025-02-12,76,73.44,Mia Lam,1-647-630-4806,N,,,,,,,
T001263,mia.lam18@hotmail.com,2025-02-16,70,160.42,Mia Lam,1-647-630-4806,N,,,,,,,
T002536,mia.lam18@hotmail.com,2025-06-07,72,30.97,Mia Lam,1-647-630-4806,N,,,,,,,
T002808,mia.lam18@hotmail.com,2025-06-24,91,40.48,Mia Lam,1-647-630-4806,N,,,,,,,
T003292,mia.lam18@hotmail.com,2025-07-28,109,45.45,Mia Lam,1-647-630-4806,N,,,,,,,
T003680,mia.lam18@hotmail.com,2025-08-24,48,121.5,Mia Lam,1-647-630-4806,N,,,,,,,
T003946,mia.lam18@hotmail.com,2025-09-10,100,48.25,Mia Lam,1-647-630-4806,N,,,,,,,
T004007,mia.lam18@hotmail.com,2025-09-16,69,78.96,Mia Lam,1-647-630-4806,N,,,,,,,
T000114,mia.lam354@outlook.com,2024-11-07,50,39.46,Mia Lam,1-365-638-5906,Y,L000355,Very Frequent,8226,Female,54,1971-11-10,Consultant
T001070,mia.lam354@outlook.com,2025-01-25,51,219.32,Mia Lam,1-365-638-5906,Y,L000355,Very Frequent,8226,Female,54,1971-11-10,Consultant
T001374,mia.lam354@outlook.com,2025-02-28,111,19.78,Mia Lam,1-365-638-5906,Y,L000355,Very Frequent,8226,Female,54,1971-11-10,Consultant
T001387,mia.lam354@outlook.com,2025-03-01,118,49.47,Mia Lam,1-365-638-5906,Y,L000355,Very Frequent,8226,Female,54,1971-11-10,Consultant
T001519,mia.lam354@outlook.com,2025-03-13,172,27.98,Mia Lam,1-365-638-5906,Y,L000355,Very Frequent,8226,Female,54,1971-11-10,Consultant
T001605,mia.lam354@outlook.com,2025-03-20,122,50.93,Mia Lam,1-365-638-5906,Y,L000355,Very Frequent,8226,Female,54,1971-11-10,Consultant
T001749,mia.lam354@outlook.com,2025-04-01,113,144.42,Mia Lam,1-365-638-5906,Y,L000355,Very Frequent,8226,Female,54,1971-11-10,Consultant
T001857,mia.lam354@outlook.com,2025-04-11,130,79.28,Mia Lam,1-365-638-5906,Y,L000355,Very Frequent,8226,Female,54,1971-11-10,Consultant
T002129,mia.lam354@outlook.com,2025-05-04,48,29.83,Mia Lam,1-365-638-5906,Y,L000355,Very Frequent,8226,Female,54,1971-11-10,Consultant
T003182,mia.lam354@outlook.com,2025-07-21,79,35.96,Mia Lam,1-365-638-5906,Y,L000355,Very Frequent,8226,Female,54,1971-11-10,Consultant
T003585,mia.lam354@outlook.com,2025-08-17,127,126.21,Mia Lam,1-365-638-5906,Y,L000355,Very Frequent,8226,Female,54,1971-11-10,Consultant
T000457,mia.lee54@gmail.com,2024-12-04,91,116.9,Mia Lee,1-289-116-5267,N,,,,,,,
T000550,mia.lee54@gmail.com,2024-12-11,157,212.37,Mia Lee,1-289-116-5267,N,,,,,,,
T001110,mia.lee54@gmail.com,2025-01-30,58,94.96,Mia Lee,1-289-116-5267,N,,,,,,,
T001204,mia.lee54@gmail.com,2025-02-08,72,114.7,Mia Lee,1-289-116-5267,N,,,,,,,
T001295,mia.lee54@gmail.com,2025-02-18,110,80.48,Mia Lee,1-289-116-5267,N,,,,,,,
T002351,mia.lee54@gmail.com,2025-05-22,129,85.42,Mia Lee,1-289-116-5267,N,,,,,,,
T002891,mia.lee54@gmail.com,2025-06-30,41,66.96,Mia Lee,1-289-116-5267,N,,,,,,,
T003361,mia.lee54@gmail.com,2025-08-02,91,2.99,Mia Lee,1-289-116-5267,N,,,,,,,
T003573,mia.lee54@gmail.com,2025-08-17,100,142.38,Mia Lee,1-289-116-5267,N,,,,,,,
T003840,mia.lee54@gmail.com,2025-09-02,69,49.96,Mia Lee,1-289-116-5267,N,,,,,,,
T000299,mia.lin430@hotmail.com,2024-11-23,49,9.99,Mia Lin,1-905-187-4041,N,,,,,,,
T000712,mia.lin430@hotmail.com,2024-12-22,106,174.75,Mia Lin,1-905-187-4041,N,,,,,,,
T001186,mia.lin430@hotmail.com,2025-02-07,110,113.93,Mia Lin,1-905-187-4041,N,,,,,,,
T001941,mia.lin430@hotmail.com,2025-04-18,85,12.49,Mia Lin,1-905-187-4041,N,,,,,,,
T002389,mia.lin430@hotmail.com,2025-05-25,115,41.96,Mia Lin,1-905-187-4041,N,,,,,,,
T002401,mia.lin430@hotmail.com,2025-05-27,126,47.96,Mia Lin,1-905-187-4041,N,,,,,,,
T002674,mia.lin430@hotmail.com,2025-06-15,73,78.45,Mia Lin,1-905-187-4041,N,,,,,,,
T002932,mia.lin430@hotmail.com,2025-07-03,99,55.96,Mia Lin,1-905-187-4041,N,,,,,,,
T003001,mia.lin430@hotmail.com,2025-07-08,141,170.36,Mia Lin,1-905-187-4041,N,,,,,,,
T003504,mia.lin430@hotmail.com,2025-08-11,66,18.47,Mia Lin,1-905-187-4041,N,,,,,,,
T003836,mia.lin430@hotmail.com,2025-09-02,127,113.91,Mia Lin,1-905-187-4041,N,,,,,,,
T004046,mia.lin430@hotmail.com,2025-09-20,86,22.98,Mia Lin,1-905-187-4041,N,,,,,,,
T004465,mia.lin430@hotmail.com,2025-10-26,174,304.42,Mia Lin,1-905-187-4041,N,,,,,,,
T000044,mia.martinez92@icloud.com,2024-10-31,155,185.68,Mia Martinez,1-437-592-9625,Y,L000093,Very Frequent,14602,Female,33,1992-03-30,Accountant
T000192,mia.martinez92@icloud.com,2024-11-13,81,183.4,Mia Martinez,1-437-592-9625,Y,L000093,Very Frequent,14602,Female,33,1992-03-30,Accountant
T000746,mia.martinez92@icloud.com,2024-12-24,120,59.44,Mia Martinez,1-437-592-9625,Y,L000093,Very Frequent,14602,Female,33,1992-03-30,Accountant
T000894,mia.martinez92@icloud.com,2025-01-04,114,178.4,Mia Martinez,1-437-592-9625,Y,L000093,Very Frequent,14602,Female,33,1992-03-30,Accountant
T001002,mia.martinez92@icloud.com,2025-01-18,99,74.02,Mia Martinez,1-437-592-9625,Y,L000093,Very Frequent,14602,Female,33,1992-03-30,Accountant
T001390,mia.martinez92@icloud.com,2025-03-01,125,88.42,Mia Martinez,1-437-592-9625,Y,L000093,Very Frequent,14602,Female,33,1992-03-30,Accountant
T002352,mia.martinez92@icloud.com,2025-05-22,141,138.42,Mia Martinez,1-437-592-9625,Y,L000093,Very Frequent,14602,Female,33,1992-03-30,Accountant
T002727,mia.martinez92@icloud.com,2025-06-19,106,48.97,Mia Martinez,1-437-592-9625,Y,L000093,Very Frequent,14602,Female,33,1992-03-30,Accountant
T003157,mia.martinez92@icloud.com,2025-07-20,150,95.46,Mia Martinez,1-437-592-9625,Y,L000093,Very Frequent,14602,Female,33,1992-03-30,Accountant
T003322,mia.martinez92@icloud.com,2025-07-30,101,224.43,Mia Martinez,1-437-592-9625,Y,L000093,Very Frequent,14602,Female,33,1992-03-30,Accountant
T003340,mia.martinez92@icloud.com,2025-08-01,128,47.48,Mia Martinez,1-437-592-9625,Y,L000093,Very Frequent,14602,Female,33,1992-03-30,Accountant
T004299,mia.martinez92@icloud.com,2025-10-10,96,23.75,Mia Martinez,1-437-592-9625,Y,L000093,Very Frequent,14602,Female,33,1992-03-30,Accountant
T004326,mia.martinez92@icloud.com,2025-10-13,164,18.48,Mia Martinez,1-437-592-9625,Y,L000093,Very Frequent,14602,Female,33,1992-03-30,Accountant
T004355,mia.martinez92@icloud.com,2025-10-16,69,93.92,Mia Martinez,1-437-592-9625,Y,L000093,Very Frequent,14602,Female,33,1992-03-30,Accountant
T000045,mia.nowak60@icloud.com,2024-11-01,88,133.45,Mia Nowak,1-289-634-3432,N,,,,,,,
T000200,mia.nowak60@icloud.com,2024-11-14,146,85.44,Mia Nowak,1-289-634-3432,N,,,,,,,
T000205,mia.nowak60@icloud.com,2024-11-15,78,34.95,Mia Nowak,1-289-634-3432,N,,,,,,,
T000417,mia.nowak60@icloud.com,2024-12-02,72,133.44,Mia Nowak,1-289-634-3432,N,,,,,,,
T001245,mia.nowak60@icloud.com,2025-02-13,122,154.39,Mia Nowak,1-289-634-3432,N,,,,,,,
T001406,mia.nowak60@icloud.com,2025-03-02,78,117.63,Mia Nowak,1-289-634-3432,N,,,,,,,
T002242,mia.nowak60@icloud.com,2025-05-13,34,73.3,Mia Nowak,1-289-634-3432,N,,,,,,,
T002276,mia.nowak60@icloud.com,2025-05-16,131,92.43,Mia Nowak,1-289-634-3432,N,,,,,,,
T002528,mia.nowak60@icloud.com,2025-06-06,109,67.97,Mia Nowak,1-289-634-3432,N,,,,,,,
T003119,mia.nowak60@icloud.com,2025-07-18,164,145.38,Mia Nowak,1-289-634-3432,N,,,,,,,
T003131,mia.nowak60@icloud.com,2025-07-19,68,45.43,Mia Nowak,1-289-634-3432,N,,,,,,,
T003855,mia.nowak60@icloud.com,2025-09-03,65,41.97,Mia Nowak,1-289-634-3432,N,,,,,,,
T004156,mia.nowak60@icloud.com,2025-09-28,46,151.43,Mia Nowak,1-289-634-3432,N,,,,,,,
T004169,mia.nowak60@icloud.com,2025-09-29,95,144.1,Mia Nowak,1-289-634-3432,N,,,,,,,
T004181,mia.nowak60@icloud.com,2025-10-01,82,13.36,Mia Nowak,1-289-634-3432,N,,,,,,,
T001270,mia.su464@yahoo.com,2025-02-16,67,23.97,Mia Su,1-289-741-6346,Y,L000465,Very Frequent,8121,Female,18,2007-05-29,HR Coordinator
T001923,mia.su464@yahoo.com,2025-04-17,80,144.94,Mia Su,1-289-741-6346,Y,L000465,Very Frequent,8121,Female,18,2007-05-29,HR Coordinator
T002088,mia.su464@yahoo.com,2025-04-30,54,98.94,Mia Su,1-289-741-6346,Y,L000465,Very Frequent,8121,Female,18,2007-05-29,HR Coordinator
T002752,mia.su464@yahoo.com,2025-06-21,57,18.48,Mia Su,1-289-741-6346,Y,L000465,Very Frequent,8121,Female,18,2007-05-29,HR Coordinator
T003097,mia.su464@yahoo.com,2025-07-15,111,173.92,Mia Su,1-289-741-6346,Y,L000465,Very Frequent,8121,Female,18,2007-05-29,HR Coordinator
T003168,mia.su464@yahoo.com,2025-07-21,142,25.48,Mia Su,1-289-741-6346,Y,L000465,Very Frequent,8121,Female,18,2007-05-29,HR Coordinator
T003390,mia.su464@yahoo.com,2025-08-04,102,123.92,Mia Su,1-289-741-6346,Y,L000465,Very Frequent,8121,Female,18,2007-05-29,HR Coordinator
T003495,mia.su464@yahoo.com,2025-08-11,128,202.49,Mia Su,1-289-741-6346,Y,L000465,Very Frequent,8121,Female,18,2007-05-29,HR Coordinator
T000145,michael.chan62@hotmail.com,2024-11-09,76,58.94,Michael Chan,1-416-26-3545,Y,L000063,Very Frequent,14444,Male,20,2005-08-06,Sales Associate
T001037,michael.chan62@hotmail.com,2025-01-21,151,53.49,Michael Chan,1-416-26-3545,Y,L000063,Very Frequent,14444,Male,20,2005-08-06,Sales Associate
T001166,michael.chan62@hotmail.com,2025-02-04,110,176.42,Michael Chan,1-416-26-3545,Y,L000063,Very Frequent,14444,Male,20,2005-08-06,Sales Associate
T001734,michael.chan62@hotmail.com,2025-03-31,85,184.39,Michael Chan,1-416-26-3545,Y,L000063,Very Frequent,14444,Male,20,2005-08-06,Sales Associate
T001888,michael.chan62@hotmail.com,2025-04-13,72,134.93,Michael Chan,1-416-26-3545,Y,L000063,Very Frequent,14444,Male,20,2005-08-06,Sales Associate
T002439,michael.chan62@hotmail.com,2025-05-31,141,178.75,Michael Chan,1-416-26-3545,Y,L000063,Very Frequent,14444,Male,20,2005-08-06,Sales Associate
T002471,michael.chan62@hotmail.com,2025-06-01,144,81.49,Michael Chan,1-416-26-3545,Y,L000063,Very Frequent,14444,Male,20,2005-08-06,Sales Associate
T002874,michael.chan62@hotmail.com,2025-06-29,96,151.92,Michael Chan,1-416-26-3545,Y,L000063,Very Frequent,14444,Male,20,2005-08-06,Sales Associate
T002954,michael.chan62@hotmail.com,2025-07-05,50,58.95,Michael Chan,1-416-26-3545,Y,L000063,Very Frequent,14444,Male,20,2005-08-06,Sales Associate
T003355,michael.chan62@hotmail.com,2025-08-02,104,60.75,Michael Chan,1-416-26-3545,Y,L000063,Very Frequent,14444,Male,20,2005-08-06,Sales Associate
T003877,michael.chan62@hotmail.com,2025-09-05,82,69.94,Michael Chan,1-416-26-3545,Y,L000063,Very Frequent,14444,Male,20,2005-08-06,Sales Associate
T004207,michael.chan62@hotmail.com,2025-10-03,56,176.51,Michael Chan,1-416-26-3545,Y,L000063,Very Frequent,14444,Male,20,2005-08-06,Sales Associate
T004478,michael.chan62@hotmail.com,2025-10-27,135,57.98,Michael Chan,1-416-26-3545,Y,L000063,Very Frequent,14444,Male,20,2005-08-06,Sales Associate
T000314,michael.chen400@yahoo.com,2024-11-24,39,153.48,Michael Chen,1-647-137-1287,Y,L000401,Very Frequent,9556,Non-binary,18,2007-12-29,Student
T000890,michael.chen400@yahoo.com,2025-01-04,61,65.48,Michael Chen,1-647-137-1287,Y,L000401,Very Frequent,9556,Non-binary,18,2007-12-29,Student
T001398,michael.chen400@yahoo.com,2025-03-02,144,24.97,Michael Chen,1-647-137-1287,Y,L000401,Very Frequent,9556,Non-binary,18,2007-12-29,Student
T001954,michael.chen400@yahoo.com,2025-04-19,86,40.96,Michael Chen,1-647-137-1287,Y,L000401,Very Frequent,9556,Non-binary,18,2007-12-29,Student
T002286,michael.chen400@yahoo.com,2025-05-17,31,19.98,Michael Chen,1-647-137-1287,Y,L000401,Very Frequent,9556,Non-binary,18,2007-12-29,Student
T002827,michael.chen400@yahoo.com,2025-06-26,124,58.28,Michael Chen,1-647-137-1287,Y,L000401,Very Frequent,9556,Non-binary,18,2007-12-29,Student
T003139,michael.chen400@yahoo.com,2025-07-19,85,44.97,Michael Chen,1-647-137-1287,Y,L000401,Very Frequent,9556,Non-binary,18,2007-12-29,Student
T003841,michael.chen400@yahoo.com,2025-09-02,98,6.58,Michael Chen,1-647-137-1287,Y,L000401,Very Frequent,9556,Non-binary,18,2007-12-29,Student
T003844,michael.chen400@yahoo.com,2025-09-02,78,69.96,Michael Chen,1-647-137-1287,Y,L000401,Very Frequent,9556,Non-binary,18,2007-12-29,Student
T003999,michael.chen400@yahoo.com,2025-09-16,108,39.98,Michael Chen,1-647-137-1287,Y,L000401,Very Frequent,9556,Non-binary,18,2007-12-29,Student
T004221,michael.chen400@yahoo.com,2025-10-04,77,71.45,Michael Chen,1-647-137-1287,Y,L000401,Very Frequent,9556,Non-binary,18,2007-12-29,Student
T004423,michael.chen400@yahoo.com,2025-10-22,110,164.9,Michael Chen,1-647-137-1287,Y,L000401,Very Frequent,9556,Non-binary,18,2007-12-29,Student
T004429,michael.chen400@yahoo.com,2025-10-23,114,194.66,Michael Chen,1-647-137-1287,Y,L000401,Very Frequent,9556,Non-binary,18,2007-12-29,Student
T000074,michael.johnson307@icloud.com,2024-11-03,106,107.95,Michael Johnson,1-905-112-1677,N,,,,,,,
T000075,michael.johnson307@icloud.com,2024-11-03,89,157.44,Michael Johnson,1-905-112-1677,N,,,,,,,
T002384,michael.johnson307@icloud.com,2025-05-25,56,77.94,Michael Johnson,1-905-112-1677,N,,,,,,,
T002789,michael.johnson307@icloud.com,2025-06-23,66,82.44,Michael Johnson,1-905-112-1677,N,,,,,,,
T002873,michael.johnson307@icloud.com,2025-06-29,81,72.47,Michael Johnson,1-905-112-1677,N,,,,,,,
T003110,michael.johnson307@icloud.com,2025-07-16,104,131.2,Michael Johnson,1-905-112-1677,N,,,,,,,
T003149,michael.johnson307@icloud.com,2025-07-19,117,47.97,Michael Johnson,1-905-112-1677,N,,,,,,,
T003460,michael.johnson307@icloud.com,2025-08-09,99,42.98,Michael Johnson,1-905-112-1677,N,,,,,,,
T000598,michael.kim237@outlook.com,2024-12-14,82,223.88,Michael Kim,1-905-102-7562,N,,,,,,,
T000932,michael.kim237@outlook.com,2025-01-09,40,202.12,Michael Kim,1-905-102-7562,N,,,,,,,
T001416,michael.kim237@outlook.com,2025-03-03,40,63.24,Michael Kim,1-905-102-7562,N,,,,,,,
T001630,michael.kim237@outlook.com,2025-03-23,108,27.99,Michael Kim,1-905-102-7562,N,,,,,,,
T001641,michael.kim237@outlook.com,2025-03-23,96,56.75,Michael Kim,1-905-102-7562,N,,,,,,,
T002067,michael.kim237@outlook.com,2025-04-28,165,162.86,Michael Kim,1-905-102-7562,N,,,,,,,
T002801,michael.kim237@outlook.com,2025-06-24,139,132.46,Michael Kim,1-905-102-7562,N,,,,,,,
T003477,michael.kim237@outlook.com,2025-08-10,148,130.43,Michael Kim,1-905-102-7562,N,,,,,,,
T003521,michael.kim237@outlook.com,2025-08-13,126,107.42,Michael Kim,1-905-102-7562,N,,,,,,,
T003637,michael.kim237@outlook.com,2025-08-22,138,28.98,Michael Kim,1-905-102-7562,N,,,,,,,
T004390,michael.kim237@outlook.com,2025-10-19,71,170.73,Michael Kim,1-905-102-7562,N,,,,,,,
T004441,michael.kim237@outlook.com,2025-10-24,123,78.94,Michael Kim,1-905-102-7562,N,,,,,,,
T000089,michael.kowalski75@outlook.com,2024-11-05,101,55.76,Michael Kowalski,1-647-948-9443,Y,L000076,Very Frequent,8929,Male,32,1993-04-22,Chef
T000634,michael.kowalski75@outlook.com,2024-12-15,98,39.96,Michael Kowalski,1-647-948-9443,Y,L000076,Very Frequent,8929,Male,32,1993-04-22,Chef
T001772,michael.kowalski75@outlook.com,2025-04-03,133,154.41,Michael Kowalski,1-647-948-9443,Y,L000076,Very Frequent,8929,Male,32,1993-04-22,Chef
T001840,michael.kowalski75@outlook.com,2025-04-09,118,170.42,Michael Kowalski,1-647-948-9443,Y,L000076,Very Frequent,8929,Male,32,1993-04-22,Chef
T001880,michael.kowalski75@outlook.com,2025-04-13,149,4.99,Michael Kowalski,1-647-948-9443,Y,L000076,Very Frequent,8929,Male,32,1993-04-22,Chef
T001919,michael.kowalski75@outlook.com,2025-04-16,138,71.49,Michael Kowalski,1-647-948-9443,Y,L000076,Very Frequent,8929,Male,32,1993-04-22,Chef
T001983,michael.kowalski75@outlook.com,2025-04-22,53,59.45,Michael Kowalski,1-647-948-9443,Y,L000076,Very Frequent,8929,Male,32,1993-04-22,Chef
T002467,michael.kowalski75@outlook.com,2025-06-01,109,67.96,Michael Kowalski,1-647-948-9443,Y,L000076,Very Frequent,8929,Male,32,1993-04-22,Chef
T002763,michael.kowalski75@outlook.com,2025-06-22,104,36.48,Michael Kowalski,1-647-948-9443,Y,L000076,Very Frequent,8929,Male,32,1993-04-22,Chef
T003315,michael.kowalski75@outlook.com,2025-07-29,89,138.0,Michael Kowalski,1-647-948-9443,Y,L000076,Very Frequent,8929,Male,32,1993-04-22,Chef
T003638,michael.kowalski75@outlook.com,2025-08-22,77,52.49,Michael Kowalski,1-647-948-9443,Y,L000076,Very Frequent,8929,Male,32,1993-04-22,Chef
T003982,michael.kowalski75@outlook.com,2025-09-14,133,28.07,Michael Kowalski,1-647-948-9443,Y,L000076,Very Frequent,8929,Male,32,1993-04-22,Chef
T004104,michael.kowalski75@outlook.com,2025-09-24,84,13.49,Michael Kowalski,1-647-948-9443,Y,L000076,Very Frequent,8929,Male,32,1993-04-22,Chef
T000142,michael.lee149@outlook.com,2024-11-09,128,85.46,Michael Lee,1-437-806-2744,Y,L000150,Frequent,6748,Male,18,2007-09-06,Consultant
T000639,michael.lee149@outlook.com,2024-12-16,76,128.71,Michael Lee,1-437-806-2744,Y,L000150,Frequent,6748,Male,18,2007-09-06,Consultant
T000854,michael.lee149@outlook.com,2024-12-31,109,26.97,Michael Lee,1-437-806-2744,Y,L000150,Frequent,6748,Male,18,2007-09-06,Consultant
T001742,michael.lee149@outlook.com,2025-03-31,119,116.41,Michael Lee,1-437-806-2744,Y,L000150,Frequent,6748,Male,18,2007-09-06,Consultant
T001795,michael.lee149@outlook.com,2025-04-05,49,105.44,Michael Lee,1-437-806-2744,Y,L000150,Frequent,6748,Male,18,2007-09-06,Consultant
T002143,michael.lee149@outlook.com,2025-05-04,119,68.97,Michael Lee,1-437-806-2744,Y,L000150,Frequent,6748,Male,18,2007-09-06,Consultant
T003862,michael.lee149@outlook.com,2025-09-04,106,142.92,Michael Lee,1-437-806-2744,Y,L000150,Frequent,6748,Male,18,2007-09-06,Consultant
T000049,michael.liu103@gmail.com,2024-11-01,149,83.94,Michael Liu,1-416-721-5072,N,,,,,,,
T000222,michael.liu103@gmail.com,2024-11-16,58,30.27,Michael Liu,1-416-721-5072,N,,,,,,,
T000342,michael.liu103@gmail.com,2024-11-28,54,65.96,Michael Liu,1-416-721-5072,N,,,,,,,
T001192,michael.liu103@gmail.com,2025-02-07,120,90.44,Michael Liu,1-416-721-5072,N,,,,,,,
T001304,michael.liu103@gmail.com,2025-02-20,143,172.46,Michael Liu,1-416-721-5072,N,,,,,,,
T001515,michael.liu103@gmail.com,2025-03-12,108,31.46,Michael Liu,1-416-721-5072,N,,,,,,,
T002508,michael.liu103@gmail.com,2025-06-04,111,208.9,Michael Liu,1-416-721-5072,N,,,,,,,
T002667,michael.liu103@gmail.com,2025-06-15,99,119.48,Michael Liu,1-416-721-5072,N,,,,,,,
T002809,michael.liu103@gmail.com,2025-06-24,72,48.49,Michael Liu,1-416-721-5072,N,,,,,,,
T003657,michael.liu103@gmail.com,2025-08-23,125,75.42,Michael Liu,1-416-721-5072,N,,,,,,,
T003879,michael.liu103@gmail.com,2025-09-05,163,21.48,Michael Liu,1-416-721-5072,N,,,,,,,
T004374,michael.liu103@gmail.com,2025-10-18,103,36.97,Michael Liu,1-416-721-5072,N,,,,,,,
T000154,michael.martinez356@hotmail.com,2024-11-10,90,109.93,Michael Martinez,1-647-450-4390,N,,,,,,,
T000741,michael.martinez356@hotmail.com,2024-12-24,140,81.92,Michael Martinez,1-647-450-4390,N,,,,,,,
T001056,michael.martinez356@hotmail.com,2025-01-23,127,88.94,Michael Martinez,1-647-450-4390,N,,,,,,,
T001201,michael.martinez356@hotmail.com,2025-02-08,59,29.28,Michael Martinez,1-647-450-4390,N,,,,,,,
T001336,michael.martinez356@hotmail.com,2025-02-23,136,102.47,Michael Martinez,1-647-450-4390,N,,,,,,,
T001595,michael.martinez356@hotmail.com,2025-03-19,70,70.96,Michael Martinez,1-647-450-4390,N,,,,,,,
T001771,michael.martinez356@hotmail.com,2025-04-03,92,171.53,Michael Martinez,1-647-450-4390,N,,,,,,,
T001817,michael.martinez356@hotmail.com,2025-04-06,68,39.52,Michael Martinez,1-647-450-4390,N,,,,,,,
T002637,michael.martinez356@hotmail.com,2025-06-14,89,104.91,Michael Martinez,1-647-450-4390,N,,,,,,,
T003616,michael.martinez356@hotmail.com,2025-08-20,114,74.24,Michael Martinez,1-647-450-4390,N,,,,,,,
T000400,michael.rodriguez11@gmail.com,2024-12-01,102,13.48,Michael Rodriguez,1-437-449-8251,N,,,,,,,
T001780,michael.rodriguez11@gmail.com,2025-04-04,30,43.95,Michael Rodriguez,1-437-449-8251,N,,,,,,,
T001798,michael.rodriguez11@gmail.com,2025-04-06,75,4.99,Michael Rodriguez,1-437-449-8251,N,,,,,,,
T001959,michael.rodriguez11@gmail.com,2025-04-20,109,96.95,Michael Rodriguez,1-437-449-8251,N,,,,,,,
T002640,michael.rodriguez11@gmail.com,2025-06-14,106,28.97,Michael Rodriguez,1-437-449-8251,N,,,,,,,
T003090,michael.rodriguez11@gmail.com,2025-07-15,120,43.56,Michael Rodriguez,1-437-449-8251,N,,,,,,,
T003641,michael.rodriguez11@gmail.com,2025-08-22,128,138.28,Michael Rodriguez,1-437-449-8251,N,,,,,,,
T004029,michael.rodriguez11@gmail.com,2025-09-19,116,14.77,Michael Rodriguez,1-437-449-8251,N,,,,,,,
T004323,michael.rodriguez11@gmail.com,2025-10-12,129,84.54,Michael Rodriguez,1-437-449-8251,N,,,,,,,
T000830,michael.singh180@icloud.com,2024-12-29,53,30.95,Michael Singh,1-905-125-2922,N,,,,,,,
T001718,michael.singh180@icloud.com,2025-03-29,103,92.47,Michael Singh,1-905-125-2922,N,,,,,,,
T001841,michael.singh180@icloud.com,2025-04-09,139,23.48,Michael Singh,1-905-125-2922,N,,,,,,,
T002175,michael.singh180@icloud.com,2025-05-07,74,44.45,Michael Singh,1-905-125-2922,N,,,,,,,
T002307,michael.singh180@icloud.com,2025-05-18,93,42.75,Michael Singh,1-905-125-2922,N,,,,,,,
T002579,michael.singh180@icloud.com,2025-06-09,90,54.94,Michael Singh,1-905-125-2922,N,,,,,,,
T003015,michael.singh180@icloud.com,2025-07-10,112,160.39,Michael Singh,1-905-125-2922,N,,,,,,,
T000340,michael.taylor19@gmail.com,2024-11-28,78,166.33,Michael Taylor,1-905-781-1511,N,,,,,,,
T000774,michael.taylor19@gmail.com,2024-12-26,89,156.19,Michael Taylor,1-905-781-1511,N,,,,,,,
T001132,michael.taylor19@gmail.com,2025-02-01,103,103.51,Michael Taylor,1-905-781-1511,N,,,,,,,
T001388,michael.taylor19@gmail.com,2025-03-01,82,48.73,Michael Taylor,1-905-781-1511,N,,,,,,,
T002626,michael.taylor19@gmail.com,2025-06-13,121,26.48,Michael Taylor,1-905-781-1511,N,,,,,,,
T001563,michael.tremblay219@gmail.com,2025-03-16,68,24.98,Michael Tremblay,1-905-350-144,Y,L000220,Frequent,3533,Male,25,2000-08-04,Electrician
T002396,michael.tremblay219@gmail.com,2025-05-26,48,114.2,Michael Tremblay,1-905-350-144,Y,L000220,Frequent,3533,Male,25,2000-08-04,Electrician
T002601,michael.tremblay219@gmail.com,2025-06-11,68,107.21,Michael Tremblay,1-905-350-144,Y,L000220,Frequent,3533,Male,25,2000-08-04,Electrician
T003109,michael.tremblay219@gmail.com,2025-07-16,75,57.44,Michael Tremblay,1-905-350-144,Y,L000220,Frequent,3533,Male,25,2000-08-04,Electrician
T003913,michael.tremblay219@gmail.com,2025-09-07,74,49.49,Michael Tremblay,1-905-350-144,Y,L000220,Frequent,3533,Male,25,2000-08-04,Electrician
T000312,mila.huang59@hotmail.com,2024-11-24,112,12.99,Mila Huang,1-905-472-8808,Y,L000060,Frequent,7471,Male,40,1985-02-14,Data Analyst
T000380,mila.huang59@hotmail.com,2024-11-30,60,59.95,Mila Huang,1-905-472-8808,Y,L000060,Frequent,7471,Male,40,1985-02-14,Data Analyst
T000929,mila.huang59@hotmail.com,2025-01-09,112,93.44,Mila Huang,1-905-472-8808,Y,L000060,Frequent,7471,Male,40,1985-02-14,Data Analyst
T001463,mila.huang59@hotmail.com,2025-03-08,30,34.97,Mila Huang,1-905-472-8808,Y,L000060,Frequent,7471,Male,40,1985-02-14,Data Analyst
T001864,mila.huang59@hotmail.com,2025-04-11,123,37.76,Mila Huang,1-905-472-8808,Y,L000060,Frequent,7471,Male,40,1985-02-14,Data Analyst
T001936,mila.huang59@hotmail.com,2025-04-17,68,68.94,Mila Huang,1-905-472-8808,Y,L000060,Frequent,7471,Male,40,1985-02-14,Data Analyst
T002217,mila.huang59@hotmail.com,2025-05-11,100,9.99,Mila Huang,1-905-472-8808,Y,L000060,Frequent,7471,Male,40,1985-02-14,Data Analyst
T002380,mila.huang59@hotmail.com,2025-05-25,43,122.9,Mila Huang,1-905-472-8808,Y,L000060,Frequent,7471,Male,40,1985-02-14,Data Analyst
T003246,mila.huang59@hotmail.com,2025-07-26,113,116.52,Mila Huang,1-905-472-8808,Y,L000060,Frequent,7471,Male,40,1985-02-14,Data Analyst
T003299,mila.huang59@hotmail.com,2025-07-29,30,15.48,Mila Huang,1-905-472-8808,Y,L000060,Frequent,7471,Male,40,1985-02-14,Data Analyst
T003579,mila.huang59@hotmail.com,2025-08-17,91,12.29,Mila Huang,1-905-472-8808,Y,L000060,Frequent,7471,Male,40,1985-02-14,Data Analyst
T003642,mila.huang59@hotmail.com,2025-08-22,60,109.19,Mila Huang,1-905-472-8808,Y,L000060,Frequent,7471,Male,40,1985-02-14,Data Analyst
T003710,mila.huang59@hotmail.com,2025-08-26,130,52.77,Mila Huang,1-905-472-8808,Y,L000060,Frequent,7471,Male,40,1985-02-14,Data Analyst
T000683,mila.martinez56@hotmail.com,2024-12-20,64,106.89,Mila Martinez,1-365-158-2636,Y,L000057,Very Frequent,12724,Male,26,1999-10-21,Software Engineer
T001055,mila.martinez56@hotmail.com,2025-01-23,73,180.67,Mila Martinez,1-365-158-2636,Y,L000057,Very Frequent,12724,Male,26,1999-10-21,Software Engineer
T001480,mila.martinez56@hotmail.com,2025-03-10,116,120.93,Mila Martinez,1-365-158-2636,Y,L000057,Very Frequent,12724,Male,26,1999-10-21,Software Engineer
T001524,mila.martinez56@hotmail.com,2025-03-13,58,154.93,Mila Martinez,1-365-158-2636,Y,L000057,Very Frequent,12724,Male,26,1999-10-21,Software Engineer
T001681,mila.martinez56@hotmail.com,2025-03-27,61,19.48,Mila Martinez,1-365-158-2636,Y,L000057,Very Frequent,12724,Male,26,1999-10-21,Software Engineer
T002366,mila.martinez56@hotmail.com,2025-05-24,75,28.98,Mila Martinez,1-365-158-2636,Y,L000057,Very Frequent,12724,Male,26,1999-10-21,Software Engineer
T002555,mila.martinez56@hotmail.com,2025-06-08,121,46.95,Mila Martinez,1-365-158-2636,Y,L000057,Very Frequent,12724,Male,26,1999-10-21,Software Engineer
T003044,mila.martinez56@hotmail.com,2025-07-12,74,233.71,Mila Martinez,1-365-158-2636,Y,L000057,Very Frequent,12724,Male,26,1999-10-21,Software Engineer
T003838,mila.martinez56@hotmail.com,2025-09-02,82,196.4,Mila Martinez,1-365-158-2636,Y,L000057,Very Frequent,12724,Male,26,1999-10-21,Software Engineer
T004043,mila.martinez56@hotmail.com,2025-09-20,119,167.93,Mila Martinez,1-365-158-2636,Y,L000057,Very Frequent,12724,Male,26,1999-10-21,Software Engineer
T004173,mila.martinez56@hotmail.com,2025-09-30,79,15.57,Mila Martinez,1-365-158-2636,Y,L000057,Very Frequent,12724,Male,26,1999-10-21,Software Engineer
T000750,mila.nguyen282@icloud.com,2024-12-24,75,64.44,Mila Nguyen,1-905-739-1800,Y,L000283,Frequent,4688,Male,33,1992-12-17,Barista
T001935,mila.nguyen282@icloud.com,2025-04-17,142,87.4,Mila Nguyen,1-905-739-1800,Y,L000283,Frequent,4688,Male,33,1992-12-17,Barista
T002208,mila.nguyen282@icloud.com,2025-05-10,140,33.46,Mila Nguyen,1-905-739-1800,Y,L000283,Frequent,4688,Male,33,1992-12-17,Barista
T002944,mila.nguyen282@icloud.com,2025-07-04,208,113.21,Mila Nguyen,1-905-739-1800,Y,L000283,Frequent,4688,Male,33,1992-12-17,Barista
T003511,mila.nguyen282@icloud.com,2025-08-12,58,37.47,Mila Nguyen,1-905-739-1800,Y,L000283,Frequent,4688,Male,33,1992-12-17,Barista
T004022,mila.nguyen282@icloud.com,2025-09-18,49,132.9,Mila Nguyen,1-905-739-1800,Y,L000283,Frequent,4688,Male,33,1992-12-17,Barista
T000361,mila.nowak397@gmail.com,2024-11-29,96,43.96,Mila Nowak,1-416-937-5882,Y,L000398,Frequent,4189,Male,24,2001-01-10,Barista
T001081,mila.nowak397@gmail.com,2025-01-26,117,163.96,Mila Nowak,1-416-937-5882,Y,L000398,Frequent,4189,Male,24,2001-01-10,Barista
T001122,mila.nowak397@gmail.com,2025-02-01,162,115.04,Mila Nowak,1-416-937-5882,Y,L000398,Frequent,4189,Male,24,2001-01-10,Barista
T004002,mila.nowak397@gmail.com,2025-09-16,134,95.96,Mila Nowak,1-416-937-5882,Y,L000398,Frequent,4189,Male,24,2001-01-10,Barista
T000723,mila.nowak8@yahoo.com,2024-12-22,111,92.28,Mila Nowak,1-437-175-7453,Y,L000009,Frequent,7047,Male,25,2000-08-13,Graphic Designer
T001236,mila.nowak8@yahoo.com,2025-02-12,92,146.37,Mila Nowak,1-437-175-7453,Y,L000009,Frequent,7047,Male,25,2000-08-13,Graphic Designer
T001354,mila.nowak8@yahoo.com,2025-02-25,128,87.44,Mila Nowak,1-437-175-7453,Y,L000009,Frequent,7047,Male,25,2000-08-13,Graphic Designer
T001616,mila.nowak8@yahoo.com,2025-03-21,130,167.95,Mila Nowak,1-437-175-7453,Y,L000009,Frequent,7047,Male,25,2000-08-13,Graphic Designer
T002119,mila.nowak8@yahoo.com,2025-05-03,131,23.28,Mila Nowak,1-437-175-7453,Y,L000009,Frequent,7047,Male,25,2000-08-13,Graphic Designer
T002221,mila.nowak8@yahoo.com,2025-05-11,61,131.95,Mila Nowak,1-437-175-7453,Y,L000009,Frequent,7047,Male,25,2000-08-13,Graphic Designer
T003533,mila.nowak8@yahoo.com,2025-08-14,155,30.47,Mila Nowak,1-437-175-7453,Y,L000009,Frequent,7047,Male,25,2000-08-13,Graphic Designer
T003615,mila.nowak8@yahoo.com,2025-08-20,33,24.97,Mila Nowak,1-437-175-7453,Y,L000009,Frequent,7047,Male,25,2000-08-13,Graphic Designer
T000768,mila.patel210@icloud.com,2024-12-25,88,95.23,Mila Patel,1-365-295-7353,N,,,,,,,
T001011,mila.patel210@icloud.com,2025-01-18,94,49.26,Mila Patel,1-365-295-7353,N,,,,,,,
T001382,mila.patel210@icloud.com,2025-03-01,144,29.96,Mila Patel,1-365-295-7353,N,,,,,,,
T001550,mila.patel210@icloud.com,2025-03-15,148,136.2,Mila Patel,1-365-295-7353,N,,,,,,,
T001807,mila.patel210@icloud.com,2025-04-06,174,56.94,Mila Patel,1-365-295-7353,N,,,,,,,
T002185,mila.patel210@icloud.com,2025-05-08,111,120.92,Mila Patel,1-365-295-7353,N,,,,,,,
T002604,mila.patel210@icloud.com,2025-06-11,90,179.35,Mila Patel,1-365-295-7353,N,,,,,,,
T002772,mila.patel210@icloud.com,2025-06-22,58,105.54,Mila Patel,1-365-295-7353,N,,,,,,,
T003058,mila.patel210@icloud.com,2025-07-12,145,85.47,Mila Patel,1-365-295-7353,N,,,,,,,
T004108,mila.patel210@icloud.com,2025-09-25,35,69.91,Mila Patel,1-365-295-7353,N,,,,,,,
T000937,mila.singh382@hotmail.com,2025-01-10,129,76.79,Mila Singh,1-905-443-3107,N,,,,,,,
T001474,mila.singh382@hotmail.com,2025-03-09,122,82.46,Mila Singh,1-905-443-3107,N,,,,,,,
T001625,mila.singh382@hotmail.com,2025-03-22,77,108.18,Mila Singh,1-905-443-3107,N,,,,,,,
T002301,mila.singh382@hotmail.com,2025-05-17,71,128.9,Mila Singh,1-905-443-3107,N,,,,,,,
T002766,mila.singh382@hotmail.com,2025-06-22,71,94.98,Mila Singh,1-905-443-3107,N,,,,,,,
T003142,mila.singh382@hotmail.com,2025-07-19,71,100.44,Mila Singh,1-905-443-3107,N,,,,,,,
T003255,mila.singh382@hotmail.com,2025-07-26,79,102.94,Mila Singh,1-905-443-3107,N,,,,,,,
T003568,mila.singh382@hotmail.com,2025-08-16,88,81.51,Mila Singh,1-905-443-3107,N,,,,,,,
T004162,mila.singh382@hotmail.com,2025-09-29,125,42.74,Mila Singh,1-905-443-3107,N,,,,,,,
T000201,mila.taylor12@outlook.com,2024-11-14,116,27.07,Mila Taylor,1-365-513-1999,N,,,,,,,
T000347,mila.taylor12@outlook.com,2024-11-28,90,37.46,Mila Taylor,1-365-513-1999,N,,,,,,,
T001024,mila.taylor12@outlook.com,2025-01-19,87,38.98,Mila Taylor,1-365-513-1999,N,,,,,,,
T001218,mila.taylor12@outlook.com,2025-02-09,34,96.44,Mila Taylor,1-365-513-1999,N,,,,,,,
T001627,mila.taylor12@outlook.com,2025-03-22,58,80.95,Mila Taylor,1-365-513-1999,N,,,,,,,
T001890,mila.taylor12@outlook.com,2025-04-13,56,63.41,Mila Taylor,1-365-513-1999,N,,,,,,,
T001938,mila.taylor12@outlook.com,2025-04-18,116,22.48,Mila Taylor,1-365-513-1999,N,,,,,,,
T004266,mila.taylor12@outlook.com,2025-10-07,135,96.94,Mila Taylor,1-365-513-1999,N,,,,,,,
T004328,mila.taylor12@outlook.com,2025-10-13,95,122.5,Mila Taylor,1-365-513-1999,N,,,,,,,
T000370,mila.wong346@hotmail.com,2024-11-30,82,66.45,Mila Wong,1-437-200-1549,N,,,,,,,
T001000,mila.wong346@hotmail.com,2025-01-18,110,52.94,Mila Wong,1-437-200-1549,N,,,,,,,
T001475,mila.wong346@hotmail.com,2025-03-09,59,21.48,Mila Wong,1-437-200-1549,N,,,,,,,
T001964,mila.wong346@hotmail.com,2025-04-20,134,123.47,Mila Wong,1-437-200-1549,N,,,,,,,
T002417,mila.wong346@hotmail.com,2025-05-28,97,28.98,Mila Wong,1-437-200-1549,N,,,,,,,
T002578,mila.wong346@hotmail.com,2025-06-09,71,53.46,Mila Wong,1-437-200-1549,N,,,,,,,
T003154,mila.wong346@hotmail.com,2025-07-20,88,31.48,Mila Wong,1-437-200-1549,N,,,,,,,
T003347,mila.wong346@hotmail.com,2025-08-02,122,160.4,Mila Wong,1-437-200-1549,N,,,,,,,
T003478,mila.wong346@hotmail.com,2025-08-10,72,18.47,Mila Wong,1-437-200-1549,N,,,,,,,
T003790,mila.wong346@hotmail.com,2025-08-30,63,163.38,Mila Wong,1-437-200-1549,N,,,,,,,
T004120,mila.wong346@hotmail.com,2025-09-26,140,180.7,Mila Wong,1-437-200-1549,N,,,,,,,
T000310,mila.zhang95@outlook.com,2024-11-24,76,77.94,Mila Zhang,1-365-427-8352,N,,,,,,,
T000756,mila.zhang95@outlook.com,2024-12-24,95,111.91,Mila Zhang,1-365-427-8352,N,,,,,,,
T002051,mila.zhang95@outlook.com,2025-04-27,136,133.88,Mila Zhang,1-365-427-8352,N,,,,,,,
T002734,mila.zhang95@outlook.com,2025-06-20,136,262.4,Mila Zhang,1-365-427-8352,N,,,,,,,
T003468,mila.zhang95@outlook.com,2025-08-10,110,180.45,Mila Zhang,1-365-427-8352,N,,,,,,,
T003564,mila.zhang95@outlook.com,2025-08-16,61,93.45,Mila Zhang,1-365-427-8352,N,,,,,,,
T000178,noah.chen294@gmail.com,2024-11-11,157,75.46,Noah Chen,1-905-579-9162,N,,,,,,,
T000542,noah.chen294@gmail.com,2024-12-10,109,13.29,Noah Chen,1-905-579-9162,N,,,,,,,
T001141,noah.chen294@gmail.com,2025-02-02,96,93.91,Noah Chen,1-905-579-9162,N,,,,,,,
T001316,noah.chen294@gmail.com,2025-02-22,83,80.45,Noah Chen,1-905-579-9162,N,,,,,,,
T001662,noah.chen294@gmail.com,2025-03-25,189,73.42,Noah Chen,1-905-579-9162,N,,,,,,,
T001867,noah.chen294@gmail.com,2025-04-12,70,23.49,Noah Chen,1-905-579-9162,N,,,,,,,
T002118,noah.chen294@gmail.com,2025-05-03,42,121.0,Noah Chen,1-905-579-9162,N,,,,,,,
T003042,noah.chen294@gmail.com,2025-07-12,108,147.99,Noah Chen,1-905-579-9162,N,,,,,,,
T003952,noah.chen294@gmail.com,2025-09-10,113,37.96,Noah Chen,1-905-579-9162,N,,,,,,,
T000744,noah.lau217@hotmail.com,2024-12-24,78,55.27,Noah Lau,1-647-101-1582,Y,L000218,Very Frequent,9649,Female,21,2004-11-07,Chef
T000749,noah.lau217@hotmail.com,2024-12-24,126,104.45,Noah Lau,1-647-101-1582,Y,L000218,Very Frequent,9649,Female,21,2004-11-07,Chef
T000757,noah.lau217@hotmail.com,2024-12-25,121,79.46,Noah Lau,1-647-101-1582,Y,L000218,Very Frequent,9649,Female,21,2004-11-07,Chef
T001589,noah.lau217@hotmail.com,2025-03-19,109,56.96,Noah Lau,1-647-101-1582,Y,L000218,Very Frequent,9649,Female,21,2004-11-07,Chef
T002013,noah.lau217@hotmail.com,2025-04-25,68,129.4,Noah Lau,1-647-101-1582,Y,L000218,Very Frequent,9649,Female,21,2004-11-07,Chef
T002255,noah.lau217@hotmail.com,2025-05-14,80,19.48,Noah Lau,1-647-101-1582,Y,L000218,Very Frequent,9649,Female,21,2004-11-07,Chef
T002356,noah.lau217@hotmail.com,2025-05-23,137,222.42,Noah Lau,1-647-101-1582,Y,L000218,Very Frequent,9649,Female,21,2004-11-07,Chef
T002442,noah.lau217@hotmail.com,2025-05-31,50,22.48,Noah Lau,1-647-101-1582,Y,L000218,Very Frequent,9649,Female,21,2004-11-07,Chef
T003518,noah.lau217@hotmail.com,2025-08-13,91,144.23,Noah Lau,1-647-101-1582,Y,L000218,Very Frequent,9649,Female,21,2004-11-07,Chef
T004106,noah.lau217@hotmail.com,2025-09-25,120,104.71,Noah Lau,1-647-101-1582,Y,L000218,Very Frequent,9649,Female,21,2004-11-07,Chef
T004112,noah.lau217@hotmail.com,2025-09-25,103,26.05,Noah Lau,1-647-101-1582,Y,L000218,Very Frequent,9649,Female,21,2004-11-07,Chef
T000255,noah.li242@yahoo.com,2024-11-19,108,188.4,Noah Li,1-905-537-2780,Y,L000243,Very Frequent,11523,Male,47,1978-09-01,Consultant
T000848,noah.li242@yahoo.com,2024-12-30,111,116.51,Noah Li,1-905-537-2780,Y,L000243,Very Frequent,11523,Male,47,1978-09-01,Consultant
T000947,noah.li242@yahoo.com,2025-01-11,143,118.44,Noah Li,1-905-537-2780,Y,L000243,Very Frequent,11523,Male,47,1978-09-01,Consultant
T001431,noah.li242@yahoo.com,2025-03-05,134,80.95,Noah Li,1-905-537-2780,Y,L000243,Very Frequent,11523,Male,47,1978-09-01,Consultant
T001557,noah.li242@yahoo.com,2025-03-16,143,55.24,Noah Li,1-905-537-2780,Y,L000243,Very Frequent,11523,Male,47,1978-09-01,Consultant
T001788,noah.li242@yahoo.com,2025-04-05,38,150.92,Noah Li,1-905-537-2780,Y,L000243,Very Frequent,11523,Male,47,1978-09-01,Consultant
T001911,noah.li242@yahoo.com,2025-04-15,130,79.97,Noah Li,1-905-537-2780,Y,L000243,Very Frequent,11523,Male,47,1978-09-01,Consultant
T003639,noah.li242@yahoo.com,2025-08-22,69,21.49,Noah Li,1-905-537-2780,Y,L000243,Very Frequent,11523,Male,47,1978-09-01,Consultant
T003709,noah.li242@yahoo.com,2025-08-25,191,104.94,Noah Li,1-905-537-2780,Y,L000243,Very Frequent,11523,Male,47,1978-09-01,Consultant
T003889,noah.li242@yahoo.com,2025-09-06,143,145.25,Noah Li,1-905-537-2780,Y,L000243,Very Frequent,11523,Male,47,1978-09-01,Consultant
T004160,noah.li242@yahoo.com,2025-09-28,163,90.22,Noah Li,1-905-537-2780,Y,L000243,Very Frequent,11523,Male,47,1978-09-01,Consultant
T000267,noah.li458@outlook.com,2024-11-20,113,28.26,Noah Li,1-289-276-5354,N,,,,,,,
T000512,noah.li458@outlook.com,2024-12-08,162,169.41,Noah Li,1-289-276-5354,N,,,,,,,
T001054,noah.li458@outlook.com,2025-01-23,165,104.42,Noah Li,1-289-276-5354,N,,,,,,,
T001203,noah.li458@outlook.com,2025-02-08,137,41.47,Noah Li,1-289-276-5354,N,,,,,,,
T001465,noah.li458@outlook.com,2025-03-08,53,108.94,Noah Li,1-289-276-5354,N,,,,,,,
T001912,noah.li458@outlook.com,2025-04-15,36,107.37,Noah Li,1-289-276-5354,N,,,,,,,
T002015,noah.li458@outlook.com,2025-04-25,172,32.47,Noah Li,1-289-276-5354,N,,,,,,,
T002400,noah.li458@outlook.com,2025-05-27,121,108.93,Noah Li,1-289-276-5354,N,,,,,,,
T003300,noah.li458@outlook.com,2025-07-29,108,135.36,Noah Li,1-289-276-5354,N,,,,,,,
T003819,noah.li458@outlook.com,2025-09-01,88,100.7,Noah Li,1-289-276-5354,N,,,,,,,
T000368,noah.rodriguez480@yahoo.com,2024-11-30,80,94.98,Noah Rodriguez,1-365-525-2471,Y,L000481,Frequent,6866,Non-binary,30,1995-05-10,Barista
T001028,noah.rodriguez480@yahoo.com,2025-01-19,164,76.92,Noah Rodriguez,1-365-525-2471,Y,L000481,Frequent,6866,Non-binary,30,1995-05-10,Barista
T001384,noah.rodriguez480@yahoo.com,2025-03-01,127,53.47,Noah Rodriguez,1-365-525-2471,Y,L000481,Frequent,6866,Non-binary,30,1995-05-10,Barista
T001706,noah.rodriguez480@yahoo.com,2025-03-29,98,51.98,Noah Rodriguez,1-365-525-2471,Y,L000481,Frequent,6866,Non-binary,30,1995-05-10,Barista
T002404,noah.rodriguez480@yahoo.com,2025-05-27,94,64.95,Noah Rodriguez,1-365-525-2471,Y,L000481,Frequent,6866,Non-binary,30,1995-05-10,Barista
T002742,noah.rodriguez480@yahoo.com,2025-06-20,36,20.99,Noah Rodriguez,1-365-525-2471,Y,L000481,Frequent,6866,Non-binary,30,1995-05-10,Barista
T003060,noah.rodriguez480@yahoo.com,2025-07-13,120,115.9,Noah Rodriguez,1-365-525-2471,Y,L000481,Frequent,6866,Non-binary,30,1995-05-10,Barista
T003205,noah.rodriguez480@yahoo.com,2025-07-23,104,4.99,Noah Rodriguez,1-365-525-2471,Y,L000481,Frequent,6866,Non-binary,30,1995-05-10,Barista
T003713,noah.rodriguez480@yahoo.com,2025-08-26,68,113.45,Noah Rodriguez,1-365-525-2471,Y,L000481,Frequent,6866,Non-binary,30,1995-05-10,Barista
T004072,noah.rodriguez480@yahoo.com,2025-09-22,86,88.99,Noah Rodriguez,1-365-525-2471,Y,L000481,Frequent,6866,Non-binary,30,1995-05-10,Barista
T000050,noah.wilson1@yahoo.com,2024-11-01,91,133.39,Noah Wilson,1-647-501-6525,Y,L000002,Frequent,6415,Male,28,1997-03-18,Electrician
T001142,noah.wilson1@yahoo.com,2025-02-02,145,144.41,Noah Wilson,1-647-501-6525,Y,L000002,Frequent,6415,Male,28,1997-03-18,Electrician
T001159,noah.wilson1@yahoo.com,2025-02-04,110,128.91,Noah Wilson,1-647-501-6525,Y,L000002,Frequent,6415,Male,28,1997-03-18,Electrician
T002071,noah.wilson1@yahoo.com,2025-04-29,100,58.99,Noah Wilson,1-647-501-6525,Y,L000002,Frequent,6415,Male,28,1997-03-18,Electrician
T003036,noah.wilson1@yahoo.com,2025-07-12,122,107.93,Noah Wilson,1-647-501-6525,Y,L000002,Frequent,6415,Male,28,1997-03-18,Electrician
T004206,noah.wilson1@yahoo.com,2025-10-03,72,67.96,Noah Wilson,1-647-501-6525,Y,L000002,Frequent,6415,Male,28,1997-03-18,Electrician
T001063,nora.huang38@yahoo.com,2025-01-24,114,192.66,Nora Huang,1-437-499-6619,Y,L000039,Frequent,3020,Female,35,1990-03-02,Sales Associate
T002673,nora.huang38@yahoo.com,2025-06-15,90,109.39,Nora Huang,1-437-499-6619,Y,L000039,Frequent,3020,Female,35,1990-03-02,Sales Associate
T000168,nora.kowalski478@icloud.com,2024-11-10,100,129.22,Nora Kowalski,1-647-492-6170,N,,,,,,,
T000904,nora.kowalski478@icloud.com,2025-01-05,33,69.95,Nora Kowalski,1-647-492-6170,N,,,,,,,
T001169,nora.kowalski478@icloud.com,2025-02-05,92,153.92,Nora Kowalski,1-647-492-6170,N,,,,,,,
T002754,nora.kowalski478@icloud.com,2025-06-21,96,166.41,Nora Kowalski,1-647-492-6170,N,,,,,,,
T002887,nora.kowalski478@icloud.com,2025-06-30,92,70.97,Nora Kowalski,1-647-492-6170,N,,,,,,,
T003688,nora.kowalski478@icloud.com,2025-08-24,91,44.46,Nora Kowalski,1-647-492-6170,N,,,,,,,
T004322,nora.kowalski478@icloud.com,2025-10-12,102,74.77,Nora Kowalski,1-647-492-6170,N,,,,,,,
T000414,nora.li395@yahoo.com,2024-12-02,84,36.97,Nora Li,1-289-115-5817,Y,L000396,Frequent,5497,Female,28,1997-10-03,Data Analyst
T000989,nora.li395@yahoo.com,2025-01-17,33,20.98,Nora Li,1-289-115-5817,Y,L000396,Frequent,5497,Female,28,1997-10-03,Data Analyst
T001372,nora.li395@yahoo.com,2025-02-27,84,54.46,Nora Li,1-289-115-5817,Y,L000396,Frequent,5497,Female,28,1997-10-03,Data Analyst
T001631,nora.li395@yahoo.com,2025-03-23,132,174.38,Nora Li,1-289-115-5817,Y,L000396,Frequent,5497,Female,28,1997-10-03,Data Analyst
T002875,nora.li395@yahoo.com,2025-06-29,30,75.76,Nora Li,1-289-115-5817,Y,L000396,Frequent,5497,Female,28,1997-10-03,Data Analyst
T003124,nora.li395@yahoo.com,2025-07-18,97,9.99,Nora Li,1-289-115-5817,Y,L000396,Frequent,5497,Female,28,1997-10-03,Data Analyst
T003940,nora.li395@yahoo.com,2025-09-09,152,117.23,Nora Li,1-289-115-5817,Y,L000396,Frequent,5497,Female,28,1997-10-03,Data Analyst
T004270,nora.li395@yahoo.com,2025-10-08,144,59.97,Nora Li,1-289-115-5817,Y,L000396,Frequent,5497,Female,28,1997-10-03,Data Analyst
T000124,nora.lopez296@icloud.com,2024-11-08,72,47.94,Nora Lopez,1-416-735-1988,N,,,,,,,
T000812,nora.lopez296@icloud.com,2024-12-28,81,67.94,Nora Lopez,1-416-735-1988,N,,,,,,,
T000849,nora.lopez296@icloud.com,2024-12-30,129,69.98,Nora Lopez,1-416-735-1988,N,,,,,,,
T001259,nora.lopez296@icloud.com,2025-02-15,108,110.43,Nora Lopez,1-416-735-1988,N,,,,,,,
T001470,nora.lopez296@icloud.com,2025-03-08,96,15.96,Nora Lopez,1-416-735-1988,N,,,,,,,
T001570,nora.lopez296@icloud.com,2025-03-16,141,158.93,Nora Lopez,1-416-735-1988,N,,,,,,,
T001808,nora.lopez296@icloud.com,2025-04-06,128,77.95,Nora Lopez,1-416-735-1988,N,,,,,,,
T002174,nora.lopez296@icloud.com,2025-05-07,110,117.9,Nora Lopez,1-416-735-1988,N,,,,,,,
T002305,nora.lopez296@icloud.com,2025-05-17,98,54.97,Nora Lopez,1-416-735-1988,N,,,,,,,
T002320,nora.lopez296@icloud.com,2025-05-19,85,108.81,Nora Lopez,1-416-735-1988,N,,,,,,,
T002692,nora.lopez296@icloud.com,2025-06-17,129,48.46,Nora Lopez,1-416-735-1988,N,,,,,,,
T003675,nora.lopez296@icloud.com,2025-08-24,86,63.98,Nora Lopez,1-416-735-1988,N,,,,,,,
T004310,nora.lopez296@icloud.com,2025-10-11,34,20.77,Nora Lopez,1-416-735-1988,N,,,,,,,
T000337,nora.macdonald57@icloud.com,2024-11-27,103,89.42,Nora MacDonald,1-416-343-5388,Y,L000058,Very Frequent,11562,Female,24,2001-09-23,Customer Service Rep
T000532,nora.macdonald57@icloud.com,2024-12-09,77,97.43,Nora MacDonald,1-416-343-5388,Y,L000058,Very Frequent,11562,Female,24,2001-09-23,Customer Service Rep
T000779,nora.macdonald57@icloud.com,2024-12-26,78,76.95,Nora MacDonald,1-416-343-5388,Y,L000058,Very Frequent,11562,Female,24,2001-09-23,Customer Service Rep
T000877,nora.macdonald57@icloud.com,2025-01-02,84,110.7,Nora MacDonald,1-416-343-5388,Y,L000058,Very Frequent,11562,Female,24,2001-09-23,Customer Service Rep
T001424,nora.macdonald57@icloud.com,2025-03-04,116,23.48,Nora MacDonald,1-416-343-5388,Y,L000058,Very Frequent,11562,Female,24,2001-09-23,Customer Service Rep
T001770,nora.macdonald57@icloud.com,2025-04-03,66,78.99,Nora MacDonald,1-416-343-5388,Y,L000058,Very Frequent,11562,Female,24,2001-09-23,Customer Service Rep
T001928,nora.macdonald57@icloud.com,2025-04-17,30,81.73,Nora MacDonald,1-416-343-5388,Y,L000058,Very Frequent,11562,Female,24,2001-09-23,Customer Service Rep
T002259,nora.macdonald57@icloud.com,2025-05-14,143,71.44,Nora MacDonald,1-416-343-5388,Y,L000058,Very Frequent,11562,Female,24,2001-09-23,Customer Service Rep
T002361,nora.macdonald57@icloud.com,2025-05-23,133,39.97,Nora MacDonald,1-416-343-5388,Y,L000058,Very Frequent,11562,Female,24,2001-09-23,Customer Service Rep
T002854,nora.macdonald57@icloud.com,2025-06-28,96,134.86,Nora MacDonald,1-416-343-5388,Y,L000058,Very Frequent,11562,Female,24,2001-09-23,Customer Service Rep
T002907,nora.macdonald57@icloud.com,2025-07-01,90,147.41,Nora MacDonald,1-416-343-5388,Y,L000058,Very Frequent,11562,Female,24,2001-09-23,Customer Service Rep
T003311,nora.macdonald57@icloud.com,2025-07-29,158,123.92,Nora MacDonald,1-416-343-5388,Y,L000058,Very Frequent,11562,Female,24,2001-09-23,Customer Service Rep
T003613,nora.macdonald57@icloud.com,2025-08-20,73,79.96,Nora MacDonald,1-416-343-5388,Y,L000058,Very Frequent,11562,Female,24,2001-09-23,Customer Service Rep
T000454,nora.martin462@outlook.com,2024-12-04,105,53.95,Nora Martin,1-289-788-7065,N,,,,,,,
T000628,nora.martin462@outlook.com,2024-12-15,160,209.87,Nora Martin,1-289-788-7065,N,,,,,,,
T000816,nora.martin462@outlook.com,2024-12-28,39,39.48,Nora Martin,1-289-788-7065,N,,,,,,,
T001071,nora.martin462@outlook.com,2025-01-25,84,98.25,Nora Martin,1-289-788-7065,N,,,,,,,
T002951,nora.martin462@outlook.com,2025-07-05,144,28.48,Nora Martin,1-289-788-7065,N,,,,,,,
T003260,nora.martin462@outlook.com,2025-07-26,39,94.94,Nora Martin,1-289-788-7065,N,,,,,,,
T003442,nora.martin462@outlook.com,2025-08-08,62,113.47,Nora Martin,1-289-788-7065,N,,,,,,,
T003502,nora.martin462@outlook.com,2025-08-11,82,48.46,Nora Martin,1-289-788-7065,N,,,,,,,
T003644,nora.martin462@outlook.com,2025-08-22,121,28.25,Nora Martin,1-289-788-7065,N,,,,,,,
T003951,nora.martin462@outlook.com,2025-09-10,37,33.06,Nora Martin,1-289-788-7065,N,,,,,,,
T000136,nora.patel34@outlook.com,2024-11-09,125,133.92,Nora Patel,1-647-718-8284,Y,L000035,Very Frequent,8977,Female,31,1994-07-03,Nurse
T000227,nora.patel34@outlook.com,2024-11-16,124,204.17,Nora Patel,1-647-718-8284,Y,L000035,Very Frequent,8977,Female,31,1994-07-03,Nurse
T001009,nora.patel34@outlook.com,2025-01-18,125,197.21,Nora Patel,1-647-718-8284,Y,L000035,Very Frequent,8977,Female,31,1994-07-03,Nurse
T001693,nora.patel34@outlook.com,2025-03-28,57,131.91,Nora Patel,1-647-718-8284,Y,L000035,Very Frequent,8977,Female,31,1994-07-03,Nurse
T002098,nora.patel34@outlook.com,2025-05-01,155,34.28,Nora Patel,1-647-718-8284,Y,L000035,Very Frequent,8977,Female,31,1994-07-03,Nurse
T002317,nora.patel34@outlook.com,2025-05-18,103,106.25,Nora Patel,1-647-718-8284,Y,L000035,Very Frequent,8977,Female,31,1994-07-03,Nurse
T002484,nora.patel34@outlook.com,2025-06-02,95,27.77,Nora Patel,1-647-718-8284,Y,L000035,Very Frequent,8977,Female,31,1994-07-03,Nurse
T002697,nora.patel34@outlook.com,2025-06-17,119,39.77,Nora Patel,1-647-718-8284,Y,L000035,Very Frequent,8977,Female,31,1994-07-03,Nurse
T004210,nora.patel34@outlook.com,2025-10-03,133,22.49,Nora Patel,1-647-718-8284,Y,L000035,Very Frequent,8977,Female,31,1994-07-03,Nurse
T000261,nora.patel79@yahoo.com,2024-11-20,147,65.56,Nora Patel,1-437-550-9941,N,,,,,,,
T001900,nora.patel79@yahoo.com,2025-04-14,85,6.98,Nora Patel,1-437-550-9941,N,,,,,,,
T002192,nora.patel79@yahoo.com,2025-05-09,83,92.42,Nora Patel,1-437-550-9941,N,,,,,,,
T003483,nora.patel79@yahoo.com,2025-08-11,94,201.39,Nora Patel,1-437-550-9941,N,,,,,,,
T000061,nora.smith2@yahoo.com,2024-11-02,79,160.44,Nora Smith,1-365-422-7133,N,,,,,,,
T000381,nora.smith2@yahoo.com,2024-11-30,50,63.45,Nora Smith,1-365-422-7133,N,,,,,,,
T001402,nora.smith2@yahoo.com,2025-03-02,86,166.91,Nora Smith,1-365-422-7133,N,,,,,,,
T001580,nora.smith2@yahoo.com,2025-03-17,44,125.19,Nora Smith,1-365-422-7133,N,,,,,,,
T001901,nora.smith2@yahoo.com,2025-04-14,140,80.97,Nora Smith,1-365-422-7133,N,,,,,,,
T002333,nora.smith2@yahoo.com,2025-05-20,81,117.9,Nora Smith,1-365-422-7133,N,,,,,,,
T003214,nora.smith2@yahoo.com,2025-07-23,160,66.06,Nora Smith,1-365-422-7133,N,,,,,,,
T003336,nora.smith2@yahoo.com,2025-08-01,115,101.92,Nora Smith,1-365-422-7133,N,,,,,,,
T003378,nora.smith2@yahoo.com,2025-08-03,96,206.37,Nora Smith,1-365-422-7133,N,,,,,,,
T003577,nora.smith2@yahoo.com,2025-08-17,132,139.23,Nora Smith,1-365-422-7133,N,,,,,,,
T004062,nora.smith2@yahoo.com,2025-09-21,52,158.42,Nora Smith,1-365-422-7133,N,,,,,,,
T000377,nora.thompson365@yahoo.com,2024-11-30,109,3.29,Nora Thompson,1-905-685-8537,Y,L000366,Very Frequent,9504,Female,34,1991-02-16,Nurse
T000479,nora.thompson365@yahoo.com,2024-12-06,116,35.99,Nora Thompson,1-905-685-8537,Y,L000366,Very Frequent,9504,Female,34,1991-02-16,Nurse
T000548,nora.thompson365@yahoo.com,2024-12-11,94,21.96,Nora Thompson,1-905-685-8537,Y,L000366,Very Frequent,9504,Female,34,1991-02-16,Nurse
T002447,nora.thompson365@yahoo.com,2025-05-31,115,147.68,Nora Thompson,1-905-685-8537,Y,L000366,Very Frequent,9504,Female,34,1991-02-16,Nurse
T003048,nora.thompson365@yahoo.com,2025-07-12,51,68.26,Nora Thompson,1-905-685-8537,Y,L000366,Very Frequent,9504,Female,34,1991-02-16,Nurse
T003133,nora.thompson365@yahoo.com,2025-07-19,78,91.45,Nora Thompson,1-905-685-8537,Y,L000366,Very Frequent,9504,Female,34,1991-02-16,Nurse
T003186,nora.thompson365@yahoo.com,2025-07-22,95,81.93,Nora Thompson,1-905-685-8537,Y,L000366,Very Frequent,9504,Female,34,1991-02-16,Nurse
T003482,nora.thompson365@yahoo.com,2025-08-10,113,109.91,Nora Thompson,1-905-685-8537,Y,L000366,Very Frequent,9504,Female,34,1991-02-16,Nurse
T003669,nora.thompson365@yahoo.com,2025-08-24,34,13.48,Nora Thompson,1-905-685-8537,Y,L000366,Very Frequent,9504,Female,34,1991-02-16,Nurse
T003695,nora.thompson365@yahoo.com,2025-08-25,77,49.96,Nora Thompson,1-905-685-8537,Y,L000366,Very Frequent,9504,Female,34,1991-02-16,Nurse
T003955,nora.thompson365@yahoo.com,2025-09-11,141,92.25,Nora Thompson,1-905-685-8537,Y,L000366,Very Frequent,9504,Female,34,1991-02-16,Nurse
T004070,nora.thompson365@yahoo.com,2025-09-22,148,151.7,Nora Thompson,1-905-685-8537,Y,L000366,Very Frequent,9504,Female,34,1991-02-16,Nurse
T004089,nora.thompson365@yahoo.com,2025-09-23,122,55.78,Nora Thompson,1-905-685-8537,Y,L000366,Very Frequent,9504,Female,34,1991-02-16,Nurse
T004357,nora.thompson365@yahoo.com,2025-10-17,59,26.77,Nora Thompson,1-905-685-8537,Y,L000366,Very Frequent,9504,Female,34,1991-02-16,Nurse
T000437,nora.zhang360@icloud.com,2024-12-03,113,16.98,Nora Zhang,1-289-318-4874,N,,,,,,,
T000464,nora.zhang360@icloud.com,2024-12-05,105,102.89,Nora Zhang,1-289-318-4874,N,,,,,,,
T000679,nora.zhang360@icloud.com,2024-12-19,45,71.95,Nora Zhang,1-289-318-4874,N,,,,,,,
T000777,nora.zhang360@icloud.com,2024-12-26,98,125.95,Nora Zhang,1-289-318-4874,N,,,,,,,
T001621,nora.zhang360@icloud.com,2025-03-22,34,66.95,Nora Zhang,1-289-318-4874,N,,,,,,,
T001634,nora.zhang360@icloud.com,2025-03-23,118,178.4,Nora Zhang,1-289-318-4874,N,,,,,,,
T001642,nora.zhang360@icloud.com,2025-03-23,71,83.54,Nora Zhang,1-289-318-4874,N,,,,,,,
T001692,nora.zhang360@icloud.com,2025-03-27,91,65.46,Nora Zhang,1-289-318-4874,N,,,,,,,
T002372,nora.zhang360@icloud.com,2025-05-24,147,168.67,Nora Zhang,1-289-318-4874,N,,,,,,,
T002731,nora.zhang360@icloud.com,2025-06-20,115,71.96,Nora Zhang,1-289-318-4874,N,,,,,,,
T003547,nora.zhang360@icloud.com,2025-08-15,117,39.47,Nora Zhang,1-289-318-4874,N,,,,,,,
T004152,nora.zhang360@icloud.com,2025-09-28,63,21.98,Nora Zhang,1-289-318-4874,N,,,,,,,
T000269,oliver.gonzalez236@icloud.com,2024-11-21,63,46.27,Oliver Gonzalez,1-289-607-6360,Y,L000237,Very Frequent,9387,Non-binary,20,2005-06-07,Software Engineer
T000535,oliver.gonzalez236@icloud.com,2024-12-10,59,70.45,Oliver Gonzalez,1-289-607-6360,Y,L000237,Very Frequent,9387,Non-binary,20,2005-06-07,Software Engineer
T000558,oliver.gonzalez236@icloud.com,2024-12-11,143,83.42,Oliver Gonzalez,1-289-607-6360,Y,L000237,Very Frequent,9387,Non-binary,20,2005-06-07,Software Engineer
T000988,oliver.gonzalez236@icloud.com,2025-01-17,45,51.98,Oliver Gonzalez,1-289-607-6360,Y,L000237,Very Frequent,9387,Non-binary,20,2005-06-07,Software Engineer
T001559,oliver.gonzalez236@icloud.com,2025-03-16,112,160.71,Oliver Gonzalez,1-289-607-6360,Y,L000237,Very Frequent,9387,Non-binary,20,2005-06-07,Software Engineer
T002044,oliver.gonzalez236@icloud.com,2025-04-27,178,75.93,Oliver Gonzalez,1-289-607-6360,Y,L000237,Very Frequent,9387,Non-binary,20,2005-06-07,Software Engineer
T002127,oliver.gonzalez236@icloud.com,2025-05-04,88,20.99,Oliver Gonzalez,1-289-607-6360,Y,L000237,Very Frequent,9387,Non-binary,20,2005-06-07,Software Engineer
T002762,oliver.gonzalez236@icloud.com,2025-06-22,117,116.55,Oliver Gonzalez,1-289-607-6360,Y,L000237,Very Frequent,9387,Non-binary,20,2005-06-07,Software Engineer
T003100,oliver.gonzalez236@icloud.com,2025-07-16,125,105.53,Oliver Gonzalez,1-289-607-6360,Y,L000237,Very Frequent,9387,Non-binary,20,2005-06-07,Software Engineer
T003537,oliver.gonzalez236@icloud.com,2025-08-14,139,206.96,Oliver Gonzalez,1-289-607-6360,Y,L000237,Very Frequent,9387,Non-binary,20,2005-06-07,Software Engineer
T001094,oliver.kowalski251@outlook.com,2025-01-28,66,104.45,Oliver Kowalski,1-437-808-1827,N,,,,,,,
T001101,oliver.kowalski251@outlook.com,2025-01-29,89,44.26,Oliver Kowalski,1-437-808-1827,N,,,,,,,
T001147,oliver.kowalski251@outlook.com,2025-02-02,170,122.21,Oliver Kowalski,1-437-808-1827,N,,,,,,,
T001972,oliver.kowalski251@outlook.com,2025-04-20,135,144.93,Oliver Kowalski,1-437-808-1827,N,,,,,,,
T002056,oliver.kowalski251@outlook.com,2025-04-28,85,240.82,Oliver Kowalski,1-437-808-1827,N,,,,,,,
T002087,oliver.kowalski251@outlook.com,2025-04-30,130,226.86,Oliver Kowalski,1-437-808-1827,N,,,,,,,
T002410,oliver.kowalski251@outlook.com,2025-05-27,66,76.46,Oliver Kowalski,1-437-808-1827,N,,,,,,,
T002512,oliver.kowalski251@outlook.com,2025-06-05,92,45.46,Oliver Kowalski,1-437-808-1827,N,,,,,,,
T002547,oliver.kowalski251@outlook.com,2025-06-08,47,13.49,Oliver Kowalski,1-437-808-1827,N,,,,,,,
T002558,oliver.kowalski251@outlook.com,2025-06-08,78,155.38,Oliver Kowalski,1-437-808-1827,N,,,,,,,
T002902,oliver.kowalski251@outlook.com,2025-07-01,175,222.4,Oliver Kowalski,1-437-808-1827,N,,,,,,,
T002996,oliver.kowalski251@outlook.com,2025-07-08,47,217.32,Oliver Kowalski,1-437-808-1827,N,,,,,,,
T003275,oliver.kowalski251@outlook.com,2025-07-27,77,73.43,Oliver Kowalski,1-437-808-1827,N,,,,,,,
T003435,oliver.kowalski251@outlook.com,2025-08-08,86,22.47,Oliver Kowalski,1-437-808-1827,N,,,,,,,
T003774,oliver.kowalski251@outlook.com,2025-08-30,84,110.95,Oliver Kowalski,1-437-808-1827,N,,,,,,,
T004320,oliver.kowalski251@outlook.com,2025-10-12,108,74.46,Oliver Kowalski,1-437-808-1827,N,,,,,,,
T000587,oliver.martinez342@outlook.com,2024-12-13,126,123.46,Oliver Martinez,1-289-650-1801,N,,,,,,,
T000806,oliver.martinez342@outlook.com,2024-12-28,48,88.93,Oliver Martinez,1-289-650-1801,N,,,,,,,
T001618,oliver.martinez342@outlook.com,2025-03-22,31,6.98,Oliver Martinez,1-289-650-1801,N,,,,,,,
T003826,oliver.martinez342@outlook.com,2025-09-01,104,84.44,Oliver Martinez,1-289-650-1801,N,,,,,,,
T000211,oliver.su212@yahoo.com,2024-11-15,96,88.95,Oliver Su,1-365-129-5413,Y,L000213,Frequent,7747,Male,33,1992-11-10,Customer Service Rep
T000736,oliver.su212@yahoo.com,2024-12-23,31,118.41,Oliver Su,1-365-129-5413,Y,L000213,Frequent,7747,Male,33,1992-11-10,Customer Service Rep
T001334,oliver.su212@yahoo.com,2025-02-23,100,109.39,Oliver Su,1-365-129-5413,Y,L000213,Frequent,7747,Male,33,1992-11-10,Customer Service Rep
T002004,oliver.su212@yahoo.com,2025-04-24,91,49.93,Oliver Su,1-365-129-5413,Y,L000213,Frequent,7747,Male,33,1992-11-10,Customer Service Rep
T002016,oliver.su212@yahoo.com,2025-04-25,105,108.94,Oliver Su,1-365-129-5413,Y,L000213,Frequent,7747,Male,33,1992-11-10,Customer Service Rep
T002041,oliver.su212@yahoo.com,2025-04-27,157,29.99,Oliver Su,1-365-129-5413,Y,L000213,Frequent,7747,Male,33,1992-11-10,Customer Service Rep
T002718,oliver.su212@yahoo.com,2025-06-18,130,32.97,Oliver Su,1-365-129-5413,Y,L000213,Frequent,7747,Male,33,1992-11-10,Customer Service Rep
T003077,oliver.su212@yahoo.com,2025-07-14,109,49.96,Oliver Su,1-365-129-5413,Y,L000213,Frequent,7747,Male,33,1992-11-10,Customer Service Rep
T003671,oliver.su212@yahoo.com,2025-08-24,145,13.48,Oliver Su,1-365-129-5413,Y,L000213,Frequent,7747,Male,33,1992-11-10,Customer Service Rep
T003777,oliver.su212@yahoo.com,2025-08-30,134,21.48,Oliver Su,1-365-129-5413,Y,L000213,Frequent,7747,Male,33,1992-11-10,Customer Service Rep
T003882,oliver.su212@yahoo.com,2025-09-05,92,85.47,Oliver Su,1-365-129-5413,Y,L000213,Frequent,7747,Male,33,1992-11-10,Customer Service Rep
T003899,oliver.su212@yahoo.com,2025-09-06,48,28.85,Oliver Su,1-365-129-5413,Y,L000213,Frequent,7747,Male,33,1992-11-10,Customer Service Rep
T004327,oliver.su212@yahoo.com,2025-10-13,73,36.97,Oliver Su,1-365-129-5413,Y,L000213,Frequent,7747,Male,33,1992-11-10,Customer Service Rep
T000006,oliver.wang362@gmail.com,2024-10-28,67,9.99,Oliver Wang,1-905-455-9075,Y,L000363,Very Frequent,9910,Male,26,1999-07-14,Chef
T000196,oliver.wang362@gmail.com,2024-11-14,199,60.96,Oliver Wang,1-905-455-9075,Y,L000363,Very Frequent,9910,Male,26,1999-07-14,Chef
T001038,oliver.wang362@gmail.com,2025-01-21,101,90.26,Oliver Wang,1-905-455-9075,Y,L000363,Very Frequent,9910,Male,26,1999-07-14,Chef
T001144,oliver.wang362@gmail.com,2025-02-02,101,64.95,Oliver Wang,1-905-455-9075,Y,L000363,Very Frequent,9910,Male,26,1999-07-14,Chef
T001856,oliver.wang362@gmail.com,2025-04-11,191,89.44,Oliver Wang,1-905-455-9075,Y,L000363,Very Frequent,9910,Male,26,1999-07-14,Chef
T001875,oliver.wang362@gmail.com,2025-04-12,49,60.97,Oliver Wang,1-905-455-9075,Y,L000363,Very Frequent,9910,Male,26,1999-07-14,Chef
T002342,oliver.wang362@gmail.com,2025-05-21,118,3.49,Oliver Wang,1-905-455-9075,Y,L000363,Very Frequent,9910,Male,26,1999-07-14,Chef
T003188,oliver.wang362@gmail.com,2025-07-22,46,140.71,Oliver Wang,1-905-455-9075,Y,L000363,Very Frequent,9910,Male,26,1999-07-14,Chef
T003369,oliver.wang362@gmail.com,2025-08-03,80,43.77,Oliver Wang,1-905-455-9075,Y,L000363,Very Frequent,9910,Male,26,1999-07-14,Chef
T003863,oliver.wang362@gmail.com,2025-09-04,78,38.46,Oliver Wang,1-905-455-9075,Y,L000363,Very Frequent,9910,Male,26,1999-07-14,Chef
T004265,oliver.wang362@gmail.com,2025-10-07,120,74.96,Oliver Wang,1-905-455-9075,Y,L000363,Very Frequent,9910,Male,26,1999-07-14,Chef
T004271,oliver.wang362@gmail.com,2025-10-08,127,217.31,Oliver Wang,1-905-455-9075,Y,L000363,Very Frequent,9910,Male,26,1999-07-14,Chef
T004499,oliver.wang362@gmail.com,2025-10-28,80,95.75,Oliver Wang,1-905-455-9075,Y,L000363,Very Frequent,9910,Male,26,1999-07-14,Chef
T000376,oliver.zhang198@hotmail.com,2024-11-30,125,53.49,Oliver Zhang,1-647-779-6493,Y,L000199,Frequent,4297,Male,20,2005-11-28,Nurse
T001084,oliver.zhang198@hotmail.com,2025-01-26,62,26.98,Oliver Zhang,1-647-779-6493,Y,L000199,Frequent,4297,Male,20,2005-11-28,Nurse
T001505,oliver.zhang198@hotmail.com,2025-03-11,84,4.99,Oliver Zhang,1-647-779-6493,Y,L000199,Frequent,4297,Male,20,2005-11-28,Nurse
T002960,oliver.zhang198@hotmail.com,2025-07-05,164,110.92,Oliver Zhang,1-647-779-6493,Y,L000199,Frequent,4297,Male,20,2005-11-28,Nurse
T003424,oliver.zhang198@hotmail.com,2025-08-07,38,80.22,Oliver Zhang,1-647-779-6493,Y,L000199,Frequent,4297,Male,20,2005-11-28,Nurse
T003456,oliver.zhang198@hotmail.com,2025-08-09,136,103.42,Oliver Zhang,1-647-779-6493,Y,L000199,Frequent,4297,Male,20,2005-11-28,Nurse
T004248,oliver.zhang198@hotmail.com,2025-10-06,106,49.76,Oliver Zhang,1-647-779-6493,Y,L000199,Frequent,4297,Male,20,2005-11-28,Nurse
T000803,oliver.zhang379@yahoo.com,2024-12-28,135,52.94,Oliver Zhang,1-437-591-9500,N,,,,,,,
T000876,oliver.zhang379@yahoo.com,2025-01-02,95,171.69,Oliver Zhang,1-437-591-9500,N,,,,,,,
T001258,oliver.zhang379@yahoo.com,2025-02-15,84,53.97,Oliver Zhang,1-437-591-9500,N,,,,,,,
T001453,oliver.zhang379@yahoo.com,2025-03-07,140,44.96,Oliver Zhang,1-437-591-9500,N,,,,,,,
T002003,oliver.zhang379@yahoo.com,2025-04-24,93,152.47,Oliver Zhang,1-437-591-9500,N,,,,,,,
T002426,oliver.zhang379@yahoo.com,2025-05-29,134,27.78,Oliver Zhang,1-437-591-9500,N,,,,,,,
T002592,oliver.zhang379@yahoo.com,2025-06-10,40,80.43,Oliver Zhang,1-437-591-9500,N,,,,,,,
T003535,oliver.zhang379@yahoo.com,2025-08-14,91,25.97,Oliver Zhang,1-437-591-9500,N,,,,,,,
T000038,olivia.anderson373@icloud.com,2024-10-31,126,66.26,Olivia Anderson,1-416-345-1523,Y,L000374,Frequent,7519,Male,32,1993-05-12,Student
T000160,olivia.anderson373@icloud.com,2024-11-10,65,94.44,Olivia Anderson,1-416-345-1523,Y,L000374,Frequent,7519,Male,32,1993-05-12,Student
T000187,olivia.anderson373@icloud.com,2024-11-13,111,67.32,Olivia Anderson,1-416-345-1523,Y,L000374,Frequent,7519,Male,32,1993-05-12,Student
T000786,olivia.anderson373@icloud.com,2024-12-27,89,143.71,Olivia Anderson,1-416-345-1523,Y,L000374,Frequent,7519,Male,32,1993-05-12,Student
T001562,olivia.anderson373@icloud.com,2025-03-16,167,119.42,Olivia Anderson,1-416-345-1523,Y,L000374,Frequent,7519,Male,32,1993-05-12,Student
T001922,olivia.anderson373@icloud.com,2025-04-17,104,33.97,Olivia Anderson,1-416-345-1523,Y,L000374,Frequent,7519,Male,32,1993-05-12,Student
T002014,olivia.anderson373@icloud.com,2025-04-25,149,126.43,Olivia Anderson,1-416-345-1523,Y,L000374,Frequent,7519,Male,32,1993-05-12,Student
T002312,olivia.anderson373@icloud.com,2025-05-18,67,20.97,Olivia Anderson,1-416-345-1523,Y,L000374,Frequent,7519,Male,32,1993-05-12,Student
T003018,olivia.anderson373@icloud.com,2025-07-10,86,79.44,Olivia Anderson,1-416-345-1523,Y,L000374,Frequent,7519,Male,32,1993-05-12,Student
T000048,olivia.brown491@icloud.com,2024-11-01,104,15.48,Olivia Brown,1-289-252-2636,N,,,,,,,
T000243,olivia.brown491@icloud.com,2024-11-18,42,82.21,Olivia Brown,1-289-252-2636,N,,,,,,,
T000805,olivia.brown491@icloud.com,2024-12-28,103,3.29,Olivia Brown,1-289-252-2636,N,,,,,,,
T000831,olivia.brown491@icloud.com,2024-12-29,123,8.49,Olivia Brown,1-289-252-2636,N,,,,,,,
T001183,olivia.brown491@icloud.com,2025-02-07,171,126.17,Olivia Brown,1-289-252-2636,N,,,,,,,
T001710,olivia.brown491@icloud.com,2025-03-29,134,126.43,Olivia Brown,1-289-252-2636,N,,,,,,,
T002031,olivia.brown491@icloud.com,2025-04-26,154,105.38,Olivia Brown,1-289-252-2636,N,,,,,,,
T002963,olivia.brown491@icloud.com,2025-07-05,91,157.91,Olivia Brown,1-289-252-2636,N,,,,,,,
T003747,olivia.brown491@icloud.com,2025-08-28,163,96.02,Olivia Brown,1-289-252-2636,N,,,,,,,
T000143,olivia.lin241@yahoo.com,2024-11-09,97,89.94,Olivia Lin,1-437-592-4164,N,,,,,,,
T000453,olivia.lin241@yahoo.com,2024-12-04,152,26.49,Olivia Lin,1-437-592-4164,N,,,,,,,
T000801,olivia.lin241@yahoo.com,2024-12-28,30,99.73,Olivia Lin,1-437-592-4164,N,,,,,,,
T001269,olivia.lin241@yahoo.com,2025-02-16,126,18.98,Olivia Lin,1-437-592-4164,N,,,,,,,
T001493,olivia.lin241@yahoo.com,2025-03-10,167,243.37,Olivia Lin,1-437-592-4164,N,,,,,,,
T002079,olivia.lin241@yahoo.com,2025-04-29,153,108.4,Olivia Lin,1-437-592-4164,N,,,,,,,
T002997,olivia.lin241@yahoo.com,2025-07-08,87,32.44,Olivia Lin,1-437-592-4164,N,,,,,,,
T003201,olivia.lin241@yahoo.com,2025-07-23,114,3.29,Olivia Lin,1-437-592-4164,N,,,,,,,
T003651,olivia.lin241@yahoo.com,2025-08-23,89,223.9,Olivia Lin,1-437-592-4164,N,,,,,,,
T003756,olivia.lin241@yahoo.com,2025-08-29,121,141.37,Olivia Lin,1-437-592-4164,N,,,,,,,
T000560,olivia.liu302@outlook.com,2024-12-11,67,96.97,Olivia Liu,1-289-259-1729,Y,L000303,Very Frequent,10532,Male,35,1990-02-19,Consultant
T000575,olivia.liu302@outlook.com,2024-12-12,146,97.87,Olivia Liu,1-289-259-1729,Y,L000303,Very Frequent,10532,Male,35,1990-02-19,Consultant
T000691,olivia.liu302@outlook.com,2024-12-21,30,70.23,Olivia Liu,1-289-259-1729,Y,L000303,Very Frequent,10532,Male,35,1990-02-19,Consultant
T000881,olivia.liu302@outlook.com,2025-01-03,127,9.87,Olivia Liu,1-289-259-1729,Y,L000303,Very Frequent,10532,Male,35,1990-02-19,Consultant
T001291,olivia.liu302@outlook.com,2025-02-18,97,46.97,Olivia Liu,1-289-259-1729,Y,L000303,Very Frequent,10532,Male,35,1990-02-19,Consultant
T001556,olivia.liu302@outlook.com,2025-03-16,78,93.91,Olivia Liu,1-289-259-1729,Y,L000303,Very Frequent,10532,Male,35,1990-02-19,Consultant
T001574,olivia.liu302@outlook.com,2025-03-17,107,13.49,Olivia Liu,1-289-259-1729,Y,L000303,Very Frequent,10532,Male,35,1990-02-19,Consultant
T002032,olivia.liu302@outlook.com,2025-04-26,109,106.94,Olivia Liu,1-289-259-1729,Y,L000303,Very Frequent,10532,Male,35,1990-02-19,Consultant
T002424,olivia.liu302@outlook.com,2025-05-28,86,124.44,Olivia Liu,1-289-259-1729,Y,L000303,Very Frequent,10532,Male,35,1990-02-19,Consultant
T002574,olivia.liu302@outlook.com,2025-06-09,84,183.66,Olivia Liu,1-289-259-1729,Y,L000303,Very Frequent,10532,Male,35,1990-02-19,Consultant
T002585,olivia.liu302@outlook.com,2025-06-10,112,64.98,Olivia Liu,1-289-259-1729,Y,L000303,Very Frequent,10532,Male,35,1990-02-19,Consultant
T003358,olivia.liu302@outlook.com,2025-08-02,83,77.42,Olivia Liu,1-289-259-1729,Y,L000303,Very Frequent,10532,Male,35,1990-02-19,Consultant
T003685,olivia.liu302@outlook.com,2025-08-24,105,66.46,Olivia Liu,1-289-259-1729,Y,L000303,Very Frequent,10532,Male,35,1990-02-19,Consultant
T000584,owen.anderson120@yahoo.com,2024-12-13,88,221.18,Owen Anderson,1-905-525-6337,Y,L000121,Very Frequent,10255,Male,47,1978-01-16,Electrician
T000688,owen.anderson120@yahoo.com,2024-12-20,104,97.94,Owen Anderson,1-905-525-6337,Y,L000121,Very Frequent,10255,Male,47,1978-01-16,Electrician
T000892,owen.anderson120@yahoo.com,2025-01-04,109,25.76,Owen Anderson,1-905-525-6337,Y,L000121,Very Frequent,10255,Male,47,1978-01-16,Electrician
T001404,owen.anderson120@yahoo.com,2025-03-02,30,101.91,Owen Anderson,1-905-525-6337,Y,L000121,Very Frequent,10255,Male,47,1978-01-16,Electrician
T001466,owen.anderson120@yahoo.com,2025-03-08,89,71.97,Owen Anderson,1-905-525-6337,Y,L000121,Very Frequent,10255,Male,47,1978-01-16,Electrician
T002610,owen.anderson120@yahoo.com,2025-06-12,138,54.46,Owen Anderson,1-905-525-6337,Y,L000121,Very Frequent,10255,Male,47,1978-01-16,Electrician
T002790,owen.anderson120@yahoo.com,2025-06-23,132,3.29,Owen Anderson,1-905-525-6337,Y,L000121,Very Frequent,10255,Male,47,1978-01-16,Electrician
T002853,owen.anderson120@yahoo.com,2025-06-28,81,50.71,Owen Anderson,1-905-525-6337,Y,L000121,Very Frequent,10255,Male,47,1978-01-16,Electrician
T002886,owen.anderson120@yahoo.com,2025-06-29,96,32.47,Owen Anderson,1-905-525-6337,Y,L000121,Very Frequent,10255,Male,47,1978-01-16,Electrician
T002973,owen.anderson120@yahoo.com,2025-07-06,120,103.5,Owen Anderson,1-905-525-6337,Y,L000121,Very Frequent,10255,Male,47,1978-01-16,Electrician
T003165,owen.anderson120@yahoo.com,2025-07-20,43,76.91,Owen Anderson,1-905-525-6337,Y,L000121,Very Frequent,10255,Male,47,1978-01-16,Electrician
T003200,owen.anderson120@yahoo.com,2025-07-22,88,61.98,Owen Anderson,1-905-525-6337,Y,L000121,Very Frequent,10255,Male,47,1978-01-16,Electrician
T003781,owen.anderson120@yahoo.com,2025-08-30,134,43.97,Owen Anderson,1-905-525-6337,Y,L000121,Very Frequent,10255,Male,47,1978-01-16,Electrician
T004065,owen.anderson120@yahoo.com,2025-09-21,119,79.47,Owen Anderson,1-905-525-6337,Y,L000121,Very Frequent,10255,Male,47,1978-01-16,Electrician
T000260,owen.anderson246@hotmail.com,2024-11-20,130,77.44,Owen Anderson,1-365-599-1121,Y,L000247,Frequent,5100,Male,23,2002-03-23,Student
T000568,owen.anderson246@hotmail.com,2024-12-12,61,44.46,Owen Anderson,1-365-599-1121,Y,L000247,Frequent,5100,Male,23,2002-03-23,Student
T000781,owen.anderson246@hotmail.com,2024-12-26,98,63.73,Owen Anderson,1-365-599-1121,Y,L000247,Frequent,5100,Male,23,2002-03-23,Student
T001165,owen.anderson246@hotmail.com,2025-02-04,96,13.96,Owen Anderson,1-365-599-1121,Y,L000247,Frequent,5100,Male,23,2002-03-23,Student
T002103,owen.anderson246@hotmail.com,2025-05-02,106,42.98,Owen Anderson,1-365-599-1121,Y,L000247,Frequent,5100,Male,23,2002-03-23,Student
T003622,owen.anderson246@hotmail.com,2025-08-21,67,103.44,Owen Anderson,1-365-599-1121,Y,L000247,Frequent,5100,Male,23,2002-03-23,Student
T004214,owen.anderson246@hotmail.com,2025-10-03,101,107.45,Owen Anderson,1-365-599-1121,Y,L000247,Frequent,5100,Male,23,2002-03-23,Student
T004453,owen.anderson246@hotmail.com,2025-10-25,113,56.55,Owen Anderson,1-365-599-1121,Y,L000247,Frequent,5100,Male,23,2002-03-23,Student
T000065,owen.brown121@hotmail.com,2024-11-03,89,26.96,Owen Brown,1-416-855-7410,N,,,,,,,
T000327,owen.brown121@hotmail.com,2024-11-26,63,80.96,Owen Brown,1-416-855-7410,N,,,,,,,
T000764,owen.brown121@hotmail.com,2024-12-25,144,75.22,Owen Brown,1-416-855-7410,N,,,,,,,
T000913,owen.brown121@hotmail.com,2025-01-06,120,125.43,Owen Brown,1-416-855-7410,N,,,,,,,
T001484,owen.brown121@hotmail.com,2025-03-10,69,9.99,Owen Brown,1-416-855-7410,N,,,,,,,
T001863,owen.brown121@hotmail.com,2025-04-11,88,26.98,Owen Brown,1-416-855-7410,N,,,,,,,
T002872,owen.brown121@hotmail.com,2025-06-29,137,63.97,Owen Brown,1-416-855-7410,N,,,,,,,
T002957,owen.brown121@hotmail.com,2025-07-05,103,173.17,Owen Brown,1-416-855-7410,N,,,,,,,
T004379,owen.brown121@hotmail.com,2025-10-18,87,74.93,Owen Brown,1-416-855-7410,N,,,,,,,
T002019,owen.chan300@outlook.com,2025-04-25,148,164.72,Owen Chan,1-647-758-6368,N,,,,,,,
T002291,owen.chan300@outlook.com,2025-05-17,115,11.99,Owen Chan,1-647-758-6368,N,,,,,,,
T003550,owen.chan300@outlook.com,2025-08-15,76,126.47,Owen Chan,1-647-758-6368,N,,,,,,,
T003730,owen.chan300@outlook.com,2025-08-27,96,39.45,Owen Chan,1-647-758-6368,N,,,,,,,
T004378,owen.chan300@outlook.com,2025-10-18,81,72.24,Owen Chan,1-647-758-6368,N,,,,,,,
T004405,owen.chan300@outlook.com,2025-10-20,82,34.97,Owen Chan,1-647-758-6368,N,,,,,,,
T002180,owen.garcia265@yahoo.com,2025-05-08,74,105.93,Owen Garcia,1-647-205-6676,Y,L000266,Casual,1724,Male,35,1990-06-01,Chef
T004125,owen.garcia265@yahoo.com,2025-09-27,116,66.55,Owen Garcia,1-647-205-6676,Y,L000266,Casual,1724,Male,35,1990-06-01,Chef
T000259,owen.khan69@icloud.com,2024-11-20,30,27.45,Owen Khan,1-289-90-7620,Y,L000070,Very Frequent,10002,Male,34,1991-07-02,Electrician
T000731,owen.khan69@icloud.com,2024-12-23,91,181.66,Owen Khan,1-289-90-7620,Y,L000070,Very Frequent,10002,Male,34,1991-07-02,Electrician
T001507,owen.khan69@icloud.com,2025-03-12,92,159.39,Owen Khan,1-289-90-7620,Y,L000070,Very Frequent,10002,Male,34,1991-07-02,Electrician
T001523,owen.khan69@icloud.com,2025-03-13,103,49.47,Owen Khan,1-289-90-7620,Y,L000070,Very Frequent,10002,Male,34,1991-07-02,Electrician
T002130,owen.khan69@icloud.com,2025-05-04,52,196.87,Owen Khan,1-289-90-7620,Y,L000070,Very Frequent,10002,Male,34,1991-07-02,Electrician
T002368,owen.khan69@icloud.com,2025-05-24,144,118.93,Owen Khan,1-289-90-7620,Y,L000070,Very Frequent,10002,Male,34,1991-07-02,Electrician
T002812,owen.khan69@icloud.com,2025-06-25,87,73.74,Owen Khan,1-289-90-7620,Y,L000070,Very Frequent,10002,Male,34,1991-07-02,Electrician
T003035,owen.khan69@icloud.com,2025-07-11,100,111.73,Owen Khan,1-289-90-7620,Y,L000070,Very Frequent,10002,Male,34,1991-07-02,Electrician
T003610,owen.khan69@icloud.com,2025-08-19,174,80.96,Owen Khan,1-289-90-7620,Y,L000070,Very Frequent,10002,Male,34,1991-07-02,Electrician
T002080,owen.lin63@outlook.com,2025-04-29,107,18.48,Owen Lin,1-437-722-1115,N,,,,,,,
T002287,owen.lin63@outlook.com,2025-05-17,163,82.21,Owen Lin,1-437-722-1115,N,,,,,,,
T002364,owen.lin63@outlook.com,2025-05-24,71,39.95,Owen Lin,1-437-722-1115,N,,,,,,,
T003316,owen.lin63@outlook.com,2025-07-30,36,136.86,Owen Lin,1-437-722-1115,N,,,,,,,
T004052,owen.lin63@outlook.com,2025-09-21,157,13.29,Owen Lin,1-437-722-1115,N,,,,,,,
T004057,owen.lin63@outlook.com,2025-09-21,105,28.47,Owen Lin,1-437-722-1115,N,,,,,,,
T004275,owen.lin63@outlook.com,2025-10-08,88,126.92,Owen Lin,1-437-722-1115,N,,,,,,,
T000320,owen.wang363@hotmail.com,2024-11-24,76,58.99,Owen Wang,1-289-796-1816,Y,L000364,Very Frequent,9236,Male,41,1984-03-01,Marketing Specialist
T000503,owen.wang363@hotmail.com,2024-12-07,131,323.88,Owen Wang,1-289-796-1816,Y,L000364,Very Frequent,9236,Male,41,1984-03-01,Marketing Specialist
T001695,owen.wang363@hotmail.com,2025-03-28,112,102.45,Owen Wang,1-289-796-1816,Y,L000364,Very Frequent,9236,Male,41,1984-03-01,Marketing Specialist
T001736,owen.wang363@hotmail.com,2025-03-31,95,46.47,Owen Wang,1-289-796-1816,Y,L000364,Very Frequent,9236,Male,41,1984-03-01,Marketing Specialist
T002045,owen.wang363@hotmail.com,2025-04-27,136,32.49,Owen Wang,1-289-796-1816,Y,L000364,Very Frequent,9236,Male,41,1984-03-01,Marketing Specialist
T002237,owen.wang363@hotmail.com,2025-05-12,100,11.48,Owen Wang,1-289-796-1816,Y,L000364,Very Frequent,9236,Male,41,1984-03-01,Marketing Specialist
T003210,owen.wang363@hotmail.com,2025-07-23,120,53.73,Owen Wang,1-289-796-1816,Y,L000364,Very Frequent,9236,Male,41,1984-03-01,Marketing Specialist
T003241,owen.wang363@hotmail.com,2025-07-25,143,55.48,Owen Wang,1-289-796-1816,Y,L000364,Very Frequent,9236,Male,41,1984-03-01,Marketing Specialist
T003306,owen.wang363@hotmail.com,2025-07-29,96,238.69,Owen Wang,1-289-796-1816,Y,L000364,Very Frequent,9236,Male,41,1984-03-01,Marketing Specialist
T000494,owen.wang410@outlook.com,2024-12-07,81,93.81,Owen Wang,1-437-843-2674,N,,,,,,,
T000982,owen.wang410@outlook.com,2025-01-16,65,23.28,Owen Wang,1-437-843-2674,N,,,,,,,
T001800,owen.wang410@outlook.com,2025-04-06,144,118.23,Owen Wang,1-437-843-2674,N,,,,,,,
T002211,owen.wang410@outlook.com,2025-05-10,70,119.69,Owen Wang,1-437-843-2674,N,,,,,,,
T002402,owen.wang410@outlook.com,2025-05-27,121,103.92,Owen Wang,1-437-843-2674,N,,,,,,,
T002454,owen.wang410@outlook.com,2025-06-01,68,105.32,Owen Wang,1-437-843-2674,N,,,,,,,
T002699,owen.wang410@outlook.com,2025-06-17,132,161.42,Owen Wang,1-437-843-2674,N,,,,,,,
T003208,owen.wang410@outlook.com,2025-07-23,192,253.92,Owen Wang,1-437-843-2674,N,,,,,,,
T003398,owen.wang410@outlook.com,2025-08-04,70,158.94,Owen Wang,1-437-843-2674,N,,,,,,,
T003436,owen.wang410@outlook.com,2025-08-08,83,201.34,Owen Wang,1-437-843-2674,N,,,,,,,
T003496,owen.wang410@outlook.com,2025-08-11,116,76.28,Owen Wang,1-437-843-2674,N,,,,,,,
T003912,owen.wang410@outlook.com,2025-09-07,57,66.24,Owen Wang,1-437-843-2674,N,,,,,,,
T004490,owen.wang410@outlook.com,2025-10-28,88,85.42,Owen Wang,1-437-843-2674,N,,,,,,,
T000559,riley.anderson205@hotmail.com,2024-12-11,132,122.71,Riley Anderson,1-289-499-6734,Y,L000206,Very Frequent,8471,Female,28,1997-08-07,Graphic Designer
T001174,riley.anderson205@hotmail.com,2025-02-05,86,51.47,Riley Anderson,1-289-499-6734,Y,L000206,Very Frequent,8471,Female,28,1997-08-07,Graphic Designer
T001311,riley.anderson205@hotmail.com,2025-02-21,94,3.29,Riley Anderson,1-289-499-6734,Y,L000206,Very Frequent,8471,Female,28,1997-08-07,Graphic Designer
T001939,riley.anderson205@hotmail.com,2025-04-18,51,93.71,Riley Anderson,1-289-499-6734,Y,L000206,Very Frequent,8471,Female,28,1997-08-07,Graphic Designer
T002422,riley.anderson205@hotmail.com,2025-05-28,138,77.94,Riley Anderson,1-289-499-6734,Y,L000206,Very Frequent,8471,Female,28,1997-08-07,Graphic Designer
T002683,riley.anderson205@hotmail.com,2025-06-16,118,26.48,Riley Anderson,1-289-499-6734,Y,L000206,Very Frequent,8471,Female,28,1997-08-07,Graphic Designer
T002719,riley.anderson205@hotmail.com,2025-06-18,80,64.96,Riley Anderson,1-289-499-6734,Y,L000206,Very Frequent,8471,Female,28,1997-08-07,Graphic Designer
T003037,riley.anderson205@hotmail.com,2025-07-12,92,76.46,Riley Anderson,1-289-499-6734,Y,L000206,Very Frequent,8471,Female,28,1997-08-07,Graphic Designer
T003107,riley.anderson205@hotmail.com,2025-07-16,102,19.86,Riley Anderson,1-289-499-6734,Y,L000206,Very Frequent,8471,Female,28,1997-08-07,Graphic Designer
T003939,riley.anderson205@hotmail.com,2025-09-09,160,146.9,Riley Anderson,1-289-499-6734,Y,L000206,Very Frequent,8471,Female,28,1997-08-07,Graphic Designer
T003963,riley.anderson205@hotmail.com,2025-09-12,59,22.96,Riley Anderson,1-289-499-6734,Y,L000206,Very Frequent,8471,Female,28,1997-08-07,Graphic Designer
T004317,riley.anderson205@hotmail.com,2025-10-12,133,140.45,Riley Anderson,1-289-499-6734,Y,L000206,Very Frequent,8471,Female,28,1997-08-07,Graphic Designer
T000239,riley.brown202@yahoo.com,2024-11-17,59,23.27,Riley Brown,1-647-54-6820,Y,L000203,Frequent,7454,Male,41,1984-08-20,Graphic Designer
T002413,riley.brown202@yahoo.com,2025-05-28,71,103.19,Riley Brown,1-647-54-6820,Y,L000203,Frequent,7454,Male,41,1984-08-20,Graphic Designer
T002421,riley.brown202@yahoo.com,2025-05-28,61,85.26,Riley Brown,1-647-54-6820,Y,L000203,Frequent,7454,Male,41,1984-08-20,Graphic Designer
T003220,riley.brown202@yahoo.com,2025-07-24,93,2.99,Riley Brown,1-647-54-6820,Y,L000203,Frequent,7454,Male,41,1984-08-20,Graphic Designer
T003578,riley.brown202@yahoo.com,2025-08-17,138,119.49,Riley Brown,1-647-54-6820,Y,L000203,Frequent,7454,Male,41,1984-08-20,Graphic Designer
T003605,riley.brown202@yahoo.com,2025-08-19,110,75.98,Riley Brown,1-647-54-6820,Y,L000203,Frequent,7454,Male,41,1984-08-20,Graphic Designer
T004127,riley.brown202@yahoo.com,2025-09-27,140,61.94,Riley Brown,1-647-54-6820,Y,L000203,Frequent,7454,Male,41,1984-08-20,Graphic Designer
T004251,riley.brown202@yahoo.com,2025-10-06,96,234.32,Riley Brown,1-647-54-6820,Y,L000203,Frequent,7454,Male,41,1984-08-20,Graphic Designer
T004476,riley.brown202@yahoo.com,2025-10-26,97,38.97,Riley Brown,1-647-54-6820,Y,L000203,Frequent,7454,Male,41,1984-08-20,Graphic Designer
T000020,riley.chan87@icloud.com,2024-10-29,164,158.89,Riley Chan,1-416-626-2209,Y,L000088,Very Frequent,9697,Male,18,2007-06-19,Truck Driver
T000442,riley.chan87@icloud.com,2024-12-04,107,188.79,Riley Chan,1-416-626-2209,Y,L000088,Very Frequent,9697,Male,18,2007-06-19,Truck Driver
T000537,riley.chan87@icloud.com,2024-12-10,90,78.97,Riley Chan,1-416-626-2209,Y,L000088,Very Frequent,9697,Male,18,2007-06-19,Truck Driver
T001289,riley.chan87@icloud.com,2025-02-17,193,24.98,Riley Chan,1-416-626-2209,Y,L000088,Very Frequent,9697,Male,18,2007-06-19,Truck Driver
T001529,riley.chan87@icloud.com,2025-03-13,116,76.8,Riley Chan,1-416-626-2209,Y,L000088,Very Frequent,9697,Male,18,2007-06-19,Truck Driver
T001543,riley.chan87@icloud.com,2025-03-15,92,75.95,Riley Chan,1-416-626-2209,Y,L000088,Very Frequent,9697,Male,18,2007-06-19,Truck Driver
T001829,riley.chan87@icloud.com,2025-04-08,113,102.63,Riley Chan,1-416-626-2209,Y,L000088,Very Frequent,9697,Male,18,2007-06-19,Truck Driver
T002329,riley.chan87@icloud.com,2025-05-19,46,52.46,Riley Chan,1-416-626-2209,Y,L000088,Very Frequent,9697,Male,18,2007-06-19,Truck Driver
T003116,riley.chan87@icloud.com,2025-07-17,80,70.99,Riley Chan,1-416-626-2209,Y,L000088,Very Frequent,9697,Male,18,2007-06-19,Truck Driver
T003581,riley.chan87@icloud.com,2025-08-17,132,42.47,Riley Chan,1-416-626-2209,Y,L000088,Very Frequent,9697,Male,18,2007-06-19,Truck Driver
T003893,riley.chan87@icloud.com,2025-09-06,179,96.82,Riley Chan,1-416-626-2209,Y,L000088,Very Frequent,9697,Male,18,2007-06-19,Truck Driver
T000544,riley.chen260@gmail.com,2024-12-10,30,58.46,Riley Chen,1-365-306-6067,Y,L000261,Frequent,5701,Male,36,1989-01-30,Truck Driver
T000748,riley.chen260@gmail.com,2024-12-24,119,255.3,Riley Chen,1-365-306-6067,Y,L000261,Frequent,5701,Male,36,1989-01-30,Truck Driver
T003326,riley.chen260@gmail.com,2025-07-31,65,42.46,Riley Chen,1-365-306-6067,Y,L000261,Frequent,5701,Male,36,1989-01-30,Truck Driver
T004381,riley.chen260@gmail.com,2025-10-19,138,213.89,Riley Chen,1-365-306-6067,Y,L000261,Frequent,5701,Male,36,1989-01-30,Truck Driver
T001835,riley.khan497@outlook.com,2025-04-08,107,141.08,Riley Khan,1-905-129-6946,N,,,,,,,
T002488,riley.khan497@outlook.com,2025-06-03,182,183.49,Riley Khan,1-905-129-6946,N,,,,,,,
T002575,riley.khan497@outlook.com,2025-06-09,55,31.49,Riley Khan,1-905-129-6946,N,,,,,,,
T003335,riley.khan497@outlook.com,2025-08-01,81,117.72,Riley Khan,1-905-129-6946,N,,,,,,,
T003758,riley.khan497@outlook.com,2025-08-29,92,61.47,Riley Khan,1-905-129-6946,N,,,,,,,
T004447,riley.khan497@outlook.com,2025-10-25,106,33.28,Riley Khan,1-905-129-6946,N,,,,,,,
T000318,riley.martinez439@outlook.com,2024-11-24,149,65.94,Riley Martinez,1-647-226-1806,N,,,,,,,
T000789,riley.martinez439@outlook.com,2024-12-27,115,73.71,Riley Martinez,1-647-226-1806,N,,,,,,,
T000873,riley.martinez439@outlook.com,2025-01-01,119,71.47,Riley Martinez,1-647-226-1806,N,,,,,,,
T000977,riley.martinez439@outlook.com,2025-01-15,104,134.91,Riley Martinez,1-647-226-1806,N,,,,,,,
T001623,riley.martinez439@outlook.com,2025-03-22,122,48.75,Riley Martinez,1-647-226-1806,N,,,,,,,
T002958,riley.martinez439@outlook.com,2025-07-05,105,185.18,Riley Martinez,1-647-226-1806,N,,,,,,,
T003619,riley.martinez439@outlook.com,2025-08-20,94,59.97,Riley Martinez,1-647-226-1806,N,,,,,,,
T003630,riley.martinez439@outlook.com,2025-08-21,131,95.96,Riley Martinez,1-647-226-1806,N,,,,,,,
T003845,riley.martinez439@outlook.com,2025-09-02,87,273.81,Riley Martinez,1-647-226-1806,N,,,,,,,
T000424,riley.park490@hotmail.com,2024-12-03,73,65.96,Riley Park,1-437-498-9271,N,,,,,,,
T001039,riley.park490@hotmail.com,2025-01-21,44,215.15,Riley Park,1-437-498-9271,N,,,,,,,
T001177,riley.park490@hotmail.com,2025-02-05,56,85.25,Riley Park,1-437-498-9271,N,,,,,,,
T001764,riley.park490@hotmail.com,2025-04-03,112,35.98,Riley Park,1-437-498-9271,N,,,,,,,
T001966,riley.park490@hotmail.com,2025-04-20,100,66.28,Riley Park,1-437-498-9271,N,,,,,,,
T002350,riley.park490@hotmail.com,2025-05-22,70,79.53,Riley Park,1-437-498-9271,N,,,,,,,
T002688,riley.park490@hotmail.com,2025-06-16,62,115.92,Riley Park,1-437-498-9271,N,,,,,,,
T002948,riley.park490@hotmail.com,2025-07-04,160,26.77,Riley Park,1-437-498-9271,N,,,,,,,
T003114,riley.park490@hotmail.com,2025-07-17,81,96.91,Riley Park,1-437-498-9271,N,,,,,,,
T003391,riley.park490@hotmail.com,2025-08-04,68,116.91,Riley Park,1-437-498-9271,N,,,,,,,
T004255,riley.park490@hotmail.com,2025-10-06,94,168.8,Riley Park,1-437-498-9271,N,,,,,,,
T004286,riley.park490@hotmail.com,2025-10-09,60,31.98,Riley Park,1-437-498-9271,N,,,,,,,
T004489,riley.park490@hotmail.com,2025-10-27,126,162.94,Riley Park,1-437-498-9271,N,,,,,,,
T000022,riley.singh171@outlook.com,2024-10-30,81,177.68,Riley Singh,1-905-345-1505,Y,L000172,Very Frequent,8422,Male,19,2006-06-18,Nurse
T000268,riley.singh171@outlook.com,2024-11-21,81,69.45,Riley Singh,1-905-345-1505,Y,L000172,Very Frequent,8422,Male,19,2006-06-18,Nurse
T000979,riley.singh171@outlook.com,2025-01-15,107,47.45,Riley Singh,1-905-345-1505,Y,L000172,Very Frequent,8422,Male,19,2006-06-18,Nurse
T001328,riley.singh171@outlook.com,2025-02-23,96,22.49,Riley Singh,1-905-345-1505,Y,L000172,Very Frequent,8422,Male,19,2006-06-18,Nurse
T001445,riley.singh171@outlook.com,2025-03-06,53,103.42,Riley Singh,1-905-345-1505,Y,L000172,Very Frequent,8422,Male,19,2006-06-18,Nurse
T001516,riley.singh171@outlook.com,2025-03-12,105,138.87,Riley Singh,1-905-345-1505,Y,L000172,Very Frequent,8422,Male,19,2006-06-18,Nurse
T001670,riley.singh171@outlook.com,2025-03-26,105,41.48,Riley Singh,1-905-345-1505,Y,L000172,Very Frequent,8422,Male,19,2006-06-18,Nurse
T001699,riley.singh171@outlook.com,2025-03-28,81,33.98,Riley Singh,1-905-345-1505,Y,L000172,Very Frequent,8422,Male,19,2006-06-18,Nurse
T001806,riley.singh171@outlook.com,2025-04-06,119,59.74,Riley Singh,1-905-345-1505,Y,L000172,Very Frequent,8422,Male,19,2006-06-18,Nurse
T002028,riley.singh171@outlook.com,2025-04-26,126,21.48,Riley Singh,1-905-345-1505,Y,L000172,Very Frequent,8422,Male,19,2006-06-18,Nurse
T003874,riley.singh171@outlook.com,2025-09-05,81,58.26,Riley Singh,1-905-345-1505,Y,L000172,Very Frequent,8422,Male,19,2006-06-18,Nurse
T004009,riley.singh171@outlook.com,2025-09-17,83,67.96,Riley Singh,1-905-345-1505,Y,L000172,Very Frequent,8422,Male,19,2006-06-18,Nurse
T000004,riley.su43@yahoo.com,2024-10-28,102,147.2,Riley Su,1-365-642-6077,Y,L000044,Very Frequent,11378,Male,30,1995-01-18,HR Coordinator
T000732,riley.su43@yahoo.com,2024-12-23,106,68.49,Riley Su,1-365-642-6077,Y,L000044,Very Frequent,11378,Male,30,1995-01-18,HR Coordinator
T000900,riley.su43@yahoo.com,2025-01-05,144,108.88,Riley Su,1-365-642-6077,Y,L000044,Very Frequent,11378,Male,30,1995-01-18,HR Coordinator
T001209,riley.su43@yahoo.com,2025-02-08,125,19.98,Riley Su,1-365-642-6077,Y,L000044,Very Frequent,11378,Male,30,1995-01-18,HR Coordinator
T002418,riley.su43@yahoo.com,2025-05-28,64,87.43,Riley Su,1-365-642-6077,Y,L000044,Very Frequent,11378,Male,30,1995-01-18,HR Coordinator
T002614,riley.su43@yahoo.com,2025-06-12,178,126.42,Riley Su,1-365-642-6077,Y,L000044,Very Frequent,11378,Male,30,1995-01-18,HR Coordinator
T003076,riley.su43@yahoo.com,2025-07-14,103,184.18,Riley Su,1-365-642-6077,Y,L000044,Very Frequent,11378,Male,30,1995-01-18,HR Coordinator
T003175,riley.su43@yahoo.com,2025-07-21,107,23.98,Riley Su,1-365-642-6077,Y,L000044,Very Frequent,11378,Male,30,1995-01-18,HR Coordinator
T003894,riley.su43@yahoo.com,2025-09-06,130,56.97,Riley Su,1-365-642-6077,Y,L000044,Very Frequent,11378,Male,30,1995-01-18,HR Coordinator
T003936,riley.su43@yahoo.com,2025-09-09,138,107.94,Riley Su,1-365-642-6077,Y,L000044,Very Frequent,11378,Male,30,1995-01-18,HR Coordinator
T004006,riley.su43@yahoo.com,2025-09-16,154,21.48,Riley Su,1-365-642-6077,Y,L000044,Very Frequent,11378,Male,30,1995-01-18,HR Coordinator
T004278,riley.su43@yahoo.com,2025-10-08,60,130.42,Riley Su,1-365-642-6077,Y,L000044,Very Frequent,11378,Male,30,1995-01-18,HR Coordinator
T004312,riley.su43@yahoo.com,2025-10-11,138,54.48,Riley Su,1-365-642-6077,Y,L000044,Very Frequent,11378,Male,30,1995-01-18,HR Coordinator
T000498,riley.su49@hotmail.com,2024-12-07,45,105.71,Riley Su,1-905-370-8947,Y,L000050,Frequent,7592,Female,40,1985-04-17,Electrician
T000601,riley.su49@hotmail.com,2024-12-14,110,48.97,Riley Su,1-905-370-8947,Y,L000050,Frequent,7592,Female,40,1985-04-17,Electrician
T000966,riley.su49@hotmail.com,2025-01-14,176,55.43,Riley Su,1-905-370-8947,Y,L000050,Frequent,7592,Female,40,1985-04-17,Electrician
T001286,riley.su49@hotmail.com,2025-02-17,65,103.97,Riley Su,1-905-370-8947,Y,L000050,Frequent,7592,Female,40,1985-04-17,Electrician
T002172,riley.su49@hotmail.com,2025-05-06,147,90.44,Riley Su,1-905-370-8947,Y,L000050,Frequent,7592,Female,40,1985-04-17,Electrician
T002285,riley.su49@hotmail.com,2025-05-17,92,162.9,Riley Su,1-905-370-8947,Y,L000050,Frequent,7592,Female,40,1985-04-17,Electrician
T002498,riley.su49@hotmail.com,2025-06-04,73,29.98,Riley Su,1-905-370-8947,Y,L000050,Frequent,7592,Female,40,1985-04-17,Electrician
T002600,riley.su49@hotmail.com,2025-06-11,90,90.95,Riley Su,1-905-370-8947,Y,L000050,Frequent,7592,Female,40,1985-04-17,Electrician
T003448,riley.su49@hotmail.com,2025-08-09,44,70.93,Riley Su,1-905-370-8947,Y,L000050,Frequent,7592,Female,40,1985-04-17,Electrician
T000880,riley.taylor465@yahoo.com,2025-01-02,93,120.23,Riley Taylor,1-647-556-5599,N,,,,,,,
T001676,riley.taylor465@yahoo.com,2025-03-26,106,65.94,Riley Taylor,1-647-556-5599,N,,,,,,,
T001979,riley.taylor465@yahoo.com,2025-04-21,30,144.16,Riley Taylor,1-647-556-5599,N,,,,,,,
T002277,riley.taylor465@yahoo.com,2025-05-16,106,29.97,Riley Taylor,1-647-556-5599,N,,,,,,,
T002962,riley.taylor465@yahoo.com,2025-07-05,120,149.37,Riley Taylor,1-647-556-5599,N,,,,,,,
T003202,riley.taylor465@yahoo.com,2025-07-23,112,84.97,Riley Taylor,1-647-556-5599,N,,,,,,,
T003731,riley.taylor465@yahoo.com,2025-08-27,119,192.84,Riley Taylor,1-647-556-5599,N,,,,,,,
T003973,riley.taylor465@yahoo.com,2025-09-13,109,60.72,Riley Taylor,1-647-556-5599,N,,,,,,,
T000132,riley.thompson188@icloud.com,2024-11-09,45,72.46,Riley Thompson,1-905-283-7670,N,,,,,,,
T000778,riley.thompson188@icloud.com,2024-12-26,155,51.96,Riley Thompson,1-905-283-7670,N,,,,,,,
T001745,riley.thompson188@icloud.com,2025-03-31,103,92.92,Riley Thompson,1-905-283-7670,N,,,,,,,
T002406,riley.thompson188@icloud.com,2025-05-27,112,28.48,Riley Thompson,1-905-283-7670,N,,,,,,,
T002923,riley.thompson188@icloud.com,2025-07-03,137,59.28,Riley Thompson,1-905-283-7670,N,,,,,,,
T003078,riley.thompson188@icloud.com,2025-07-14,126,94.99,Riley Thompson,1-905-283-7670,N,,,,,,,
T003115,riley.thompson188@icloud.com,2025-07-17,194,100.43,Riley Thompson,1-905-283-7670,N,,,,,,,
T003450,riley.thompson188@icloud.com,2025-08-09,81,193.41,Riley Thompson,1-905-283-7670,N,,,,,,,
T003466,riley.thompson188@icloud.com,2025-08-10,140,141.89,Riley Thompson,1-905-283-7670,N,,,,,,,
T000622,samuel.johnson46@hotmail.com,2024-12-15,115,53.97,Samuel Johnson,1-905-226-7562,Y,L000047,Frequent,5920,Female,47,1978-08-08,Research Assistant
T001179,samuel.johnson46@hotmail.com,2025-02-06,113,35.96,Samuel Johnson,1-905-226-7562,Y,L000047,Frequent,5920,Female,47,1978-08-08,Research Assistant
T001615,samuel.johnson46@hotmail.com,2025-03-21,134,71.96,Samuel Johnson,1-905-226-7562,Y,L000047,Frequent,5920,Female,47,1978-08-08,Research Assistant
T002298,samuel.johnson46@hotmail.com,2025-05-17,132,166.87,Samuel Johnson,1-905-226-7562,Y,L000047,Frequent,5920,Female,47,1978-08-08,Research Assistant
T002846,samuel.johnson46@hotmail.com,2025-06-27,115,39.98,Samuel Johnson,1-905-226-7562,Y,L000047,Frequent,5920,Female,47,1978-08-08,Research Assistant
T002871,samuel.johnson46@hotmail.com,2025-06-29,109,42.96,Samuel Johnson,1-905-226-7562,Y,L000047,Frequent,5920,Female,47,1978-08-08,Research Assistant
T002969,samuel.johnson46@hotmail.com,2025-07-06,110,30.99,Samuel Johnson,1-905-226-7562,Y,L000047,Frequent,5920,Female,47,1978-08-08,Research Assistant
T003462,samuel.johnson46@hotmail.com,2025-08-09,65,30.97,Samuel Johnson,1-905-226-7562,Y,L000047,Frequent,5920,Female,47,1978-08-08,Research Assistant
T004334,samuel.johnson46@hotmail.com,2025-10-13,106,118.43,Samuel Johnson,1-905-226-7562,Y,L000047,Frequent,5920,Female,47,1978-08-08,Research Assistant
T000181,samuel.liu474@icloud.com,2024-11-12,94,82.44,Samuel Liu,1-289-47-1347,Y,L000475,Frequent,5741,Non-binary,18,2007-04-26,Teacher
T000769,samuel.liu474@icloud.com,2024-12-25,45,47.48,Samuel Liu,1-289-47-1347,Y,L000475,Frequent,5741,Non-binary,18,2007-04-26,Teacher
T000955,samuel.liu474@icloud.com,2025-01-12,92,48.44,Samuel Liu,1-289-47-1347,Y,L000475,Frequent,5741,Non-binary,18,2007-04-26,Teacher
T001361,samuel.liu474@icloud.com,2025-02-26,107,147.4,Samuel Liu,1-289-47-1347,Y,L000475,Frequent,5741,Non-binary,18,2007-04-26,Teacher
T001573,samuel.liu474@icloud.com,2025-03-17,195,12.48,Samuel Liu,1-289-47-1347,Y,L000475,Frequent,5741,Non-binary,18,2007-04-26,Teacher
T002965,samuel.liu474@icloud.com,2025-07-06,83,54.75,Samuel Liu,1-289-47-1347,Y,L000475,Frequent,5741,Non-binary,18,2007-04-26,Teacher
T003000,samuel.liu474@icloud.com,2025-07-08,77,65.96,Samuel Liu,1-289-47-1347,Y,L000475,Frequent,5741,Non-binary,18,2007-04-26,Teacher
T003257,samuel.liu474@icloud.com,2025-07-26,149,2.99,Samuel Liu,1-289-47-1347,Y,L000475,Frequent,5741,Non-binary,18,2007-04-26,Teacher
T003266,samuel.liu474@icloud.com,2025-07-27,36,3.49,Samuel Liu,1-289-47-1347,Y,L000475,Frequent,5741,Non-binary,18,2007-04-26,Teacher
T003301,samuel.liu474@icloud.com,2025-07-29,54,71.76,Samuel Liu,1-289-47-1347,Y,L000475,Frequent,5741,Non-binary,18,2007-04-26,Teacher
T003830,samuel.liu474@icloud.com,2025-09-01,106,36.95,Samuel Liu,1-289-47-1347,Y,L000475,Frequent,5741,Non-binary,18,2007-04-26,Teacher
T000031,samuel.lopez91@icloud.com,2024-10-30,106,179.89,Samuel Lopez,1-437-642-8134,N,,,,,,,
T000108,samuel.lopez91@icloud.com,2024-11-07,103,27.97,Samuel Lopez,1-437-642-8134,N,,,,,,,
T000463,samuel.lopez91@icloud.com,2024-12-05,137,43.75,Samuel Lopez,1-437-642-8134,N,,,,,,,
T001091,samuel.lopez91@icloud.com,2025-01-27,87,43.97,Samuel Lopez,1-437-642-8134,N,,,,,,,
T001099,samuel.lopez91@icloud.com,2025-01-28,126,143.99,Samuel Lopez,1-437-642-8134,N,,,,,,,
T001360,samuel.lopez91@icloud.com,2025-02-26,79,159.91,Samuel Lopez,1-437-642-8134,N,,,,,,,
T001504,samuel.lopez91@icloud.com,2025-03-11,89,60.58,Samuel Lopez,1-437-642-8134,N,,,,,,,
T001762,samuel.lopez91@icloud.com,2025-04-03,66,129.41,Samuel Lopez,1-437-642-8134,N,,,,,,,
T002086,samuel.lopez91@icloud.com,2025-04-30,102,65.74,Samuel Lopez,1-437-642-8134,N,,,,,,,
T002407,samuel.lopez91@icloud.com,2025-05-27,116,107.22,Samuel Lopez,1-437-642-8134,N,,,,,,,
T002489,samuel.lopez91@icloud.com,2025-06-03,93,71.95,Samuel Lopez,1-437-642-8134,N,,,,,,,
T003229,samuel.lopez91@icloud.com,2025-07-25,105,108.45,Samuel Lopez,1-437-642-8134,N,,,,,,,
T003413,samuel.lopez91@icloud.com,2025-08-05,67,132.22,Samuel Lopez,1-437-642-8134,N,,,,,,,
T003538,samuel.lopez91@icloud.com,2025-08-14,98,85.47,Samuel Lopez,1-437-642-8134,N,,,,,,,
T000096,samuel.macdonald16@yahoo.com,2024-11-06,141,68.96,Samuel MacDonald,1-647-500-5070,Y,L000017,Frequent,7133,Male,41,1984-04-15,Nurse
T000321,samuel.macdonald16@yahoo.com,2024-11-25,57,34.98,Samuel MacDonald,1-647-500-5070,Y,L000017,Frequent,7133,Male,41,1984-04-15,Nurse
T000898,samuel.macdonald16@yahoo.com,2025-01-05,115,83.94,Samuel MacDonald,1-647-500-5070,Y,L000017,Frequent,7133,Male,41,1984-04-15,Nurse
T001518,samuel.macdonald16@yahoo.com,2025-03-13,99,68.98,Samuel MacDonald,1-647-500-5070,Y,L000017,Frequent,7133,Male,41,1984-04-15,Nurse
T001653,samuel.macdonald16@yahoo.com,2025-03-24,106,17.98,Samuel MacDonald,1-647-500-5070,Y,L000017,Frequent,7133,Male,41,1984-04-15,Nurse
T002269,samuel.macdonald16@yahoo.com,2025-05-15,121,39.47,Samuel MacDonald,1-647-500-5070,Y,L000017,Frequent,7133,Male,41,1984-04-15,Nurse
T002524,samuel.macdonald16@yahoo.com,2025-06-06,85,124.92,Samuel MacDonald,1-647-500-5070,Y,L000017,Frequent,7133,Male,41,1984-04-15,Nurse
T002537,samuel.macdonald16@yahoo.com,2025-06-07,151,59.45,Samuel MacDonald,1-647-500-5070,Y,L000017,Frequent,7133,Male,41,1984-04-15,Nurse
T003797,samuel.macdonald16@yahoo.com,2025-08-31,98,160.93,Samuel MacDonald,1-647-500-5070,Y,L000017,Frequent,7133,Male,41,1984-04-15,Nurse
T004161,samuel.macdonald16@yahoo.com,2025-09-29,73,53.76,Samuel MacDonald,1-647-500-5070,Y,L000017,Frequent,7133,Male,41,1984-04-15,Nurse
T000671,samuel.martinez150@outlook.com,2024-12-18,128,63.43,Samuel Martinez,1-647-449-5870,N,,,,,,,
T000833,samuel.martinez150@outlook.com,2024-12-29,109,15.97,Samuel Martinez,1-647-449-5870,N,,,,,,,
T001059,samuel.martinez150@outlook.com,2025-01-24,148,44.96,Samuel Martinez,1-647-449-5870,N,,,,,,,
T001781,samuel.martinez150@outlook.com,2025-04-04,67,68.46,Samuel Martinez,1-647-449-5870,N,,,,,,,
T002509,samuel.martinez150@outlook.com,2025-06-04,143,17.48,Samuel Martinez,1-647-449-5870,N,,,,,,,
T003658,samuel.martinez150@outlook.com,2025-08-23,59,22.98,Samuel Martinez,1-647-449-5870,N,,,,,,,
T003743,samuel.martinez150@outlook.com,2025-08-28,76,80.44,Samuel Martinez,1-647-449-5870,N,,,,,,,
T004186,samuel.martinez150@outlook.com,2025-10-01,150,150.74,Samuel Martinez,1-647-449-5870,N,,,,,,,
T000416,samuel.martinez343@gmail.com,2024-12-02,92,97.95,Samuel Martinez,1-289-272-6041,Y,L000344,Very Frequent,11457,Female,30,1995-05-16,Electrician
T000481,samuel.martinez343@gmail.com,2024-12-06,99,67.95,Samuel Martinez,1-289-272-6041,Y,L000344,Very Frequent,11457,Female,30,1995-05-16,Electrician
T000717,samuel.martinez343@gmail.com,2024-12-22,80,205.82,Samuel Martinez,1-289-272-6041,Y,L000344,Very Frequent,11457,Female,30,1995-05-16,Electrician
T001435,samuel.martinez343@gmail.com,2025-03-05,30,35.78,Samuel Martinez,1-289-272-6041,Y,L000344,Very Frequent,11457,Female,30,1995-05-16,Electrician
T001965,samuel.martinez343@gmail.com,2025-04-20,186,11.47,Samuel Martinez,1-289-272-6041,Y,L000344,Very Frequent,11457,Female,30,1995-05-16,Electrician
T002295,samuel.martinez343@gmail.com,2025-05-17,205,53.46,Samuel Martinez,1-289-272-6041,Y,L000344,Very Frequent,11457,Female,30,1995-05-16,Electrician
T002724,samuel.martinez343@gmail.com,2025-06-19,110,62.96,Samuel Martinez,1-289-272-6041,Y,L000344,Very Frequent,11457,Female,30,1995-05-16,Electrician
T002843,samuel.martinez343@gmail.com,2025-06-27,138,77.54,Samuel Martinez,1-289-272-6041,Y,L000344,Very Frequent,11457,Female,30,1995-05-16,Electrician
T002941,samuel.martinez343@gmail.com,2025-07-04,90,73.74,Samuel Martinez,1-289-272-6041,Y,L000344,Very Frequent,11457,Female,30,1995-05-16,Electrician
T003206,samuel.martinez343@gmail.com,2025-07-23,52,69.93,Samuel Martinez,1-289-272-6041,Y,L000344,Very Frequent,11457,Female,30,1995-05-16,Electrician
T003221,samuel.martinez343@gmail.com,2025-07-24,63,30.46,Samuel Martinez,1-289-272-6041,Y,L000344,Very Frequent,11457,Female,30,1995-05-16,Electrician
T003554,samuel.martinez343@gmail.com,2025-08-15,93,136.21,Samuel Martinez,1-289-272-6041,Y,L000344,Very Frequent,11457,Female,30,1995-05-16,Electrician
T004256,samuel.martinez343@gmail.com,2025-10-06,74,222.5,Samuel Martinez,1-289-272-6041,Y,L000344,Very Frequent,11457,Female,30,1995-05-16,Electrician
T000367,samuel.martinez420@icloud.com,2024-11-30,140,86.72,Samuel Martinez,1-905-779-4450,N,,,,,,,
T000602,samuel.martinez420@icloud.com,2024-12-14,134,109.23,Samuel Martinez,1-905-779-4450,N,,,,,,,
T000681,samuel.martinez420@icloud.com,2024-12-19,94,78.47,Samuel Martinez,1-905-779-4450,N,,,,,,,
T000905,samuel.martinez420@icloud.com,2025-01-05,120,54.98,Samuel Martinez,1-905-779-4450,N,,,,,,,
T001284,samuel.martinez420@icloud.com,2025-02-17,58,79.93,Samuel Martinez,1-905-779-4450,N,,,,,,,
T001596,samuel.martinez420@icloud.com,2025-03-19,115,176.82,Samuel Martinez,1-905-779-4450,N,,,,,,,
T002924,samuel.martinez420@icloud.com,2025-07-03,61,254.08,Samuel Martinez,1-905-779-4450,N,,,,,,,
T001982,samuel.nguyen203@icloud.com,2025-04-21,99,118.74,Samuel Nguyen,1-647-771-9295,Y,L000204,Frequent,2289,Female,41,1984-05-03,Truck Driver
T002847,samuel.nguyen203@icloud.com,2025-06-28,97,8.49,Samuel Nguyen,1-647-771-9295,Y,L000204,Frequent,2289,Female,41,1984-05-03,Truck Driver
T003183,samuel.nguyen203@icloud.com,2025-07-21,122,101.76,Samuel Nguyen,1-647-771-9295,Y,L000204,Frequent,2289,Female,41,1984-05-03,Truck Driver
T000116,samuel.park304@yahoo.com,2024-11-08,76,85.93,Samuel Park,1-905-435-1486,N,,,,,,,
T000311,samuel.park304@yahoo.com,2024-11-24,70,196.19,Samuel Park,1-905-435-1486,N,,,,,,,
T000387,samuel.park304@yahoo.com,2024-12-01,80,49.46,Samuel Park,1-905-435-1486,N,,,,,,,
T000903,samuel.park304@yahoo.com,2025-01-05,99,70.96,Samuel Park,1-905-435-1486,N,,,,,,,
T001029,samuel.park304@yahoo.com,2025-01-20,111,75.45,Samuel Park,1-905-435-1486,N,,,,,,,
T001298,samuel.park304@yahoo.com,2025-02-19,55,52.27,Samuel Park,1-905-435-1486,N,,,,,,,
T002436,samuel.park304@yahoo.com,2025-05-30,150,25.57,Samuel Park,1-905-435-1486,N,,,,,,,
T003056,samuel.park304@yahoo.com,2025-07-12,149,57.97,Samuel Park,1-905-435-1486,N,,,,,,,
T003376,samuel.park304@yahoo.com,2025-08-03,54,55.46,Samuel Park,1-905-435-1486,N,,,,,,,
T004077,samuel.park304@yahoo.com,2025-09-22,111,20.78,Samuel Park,1-905-435-1486,N,,,,,,,
T000219,samuel.roy108@gmail.com,2024-11-16,87,31.96,Samuel Roy,1-437-602-6539,Y,L000109,Frequent,7736,Female,20,2005-04-11,Operations Manager
T000701,samuel.roy108@gmail.com,2024-12-21,129,70.46,Samuel Roy,1-437-602-6539,Y,L000109,Frequent,7736,Female,20,2005-04-11,Operations Manager
T001246,samuel.roy108@gmail.com,2025-02-13,67,131.91,Samuel Roy,1-437-602-6539,Y,L000109,Frequent,7736,Female,20,2005-04-11,Operations Manager
T003185,samuel.roy108@gmail.com,2025-07-22,45,121.41,Samuel Roy,1-437-602-6539,Y,L000109,Frequent,7736,Female,20,2005-04-11,Operations Manager
T003333,samuel.roy108@gmail.com,2025-07-31,109,183.36,Samuel Roy,1-437-602-6539,Y,L000109,Frequent,7736,Female,20,2005-04-11,Operations Manager
T003395,samuel.roy108@gmail.com,2025-08-04,109,4.99,Samuel Roy,1-437-602-6539,Y,L000109,Frequent,7736,Female,20,2005-04-11,Operations Manager
T003565,samuel.roy108@gmail.com,2025-08-16,89,14.98,Samuel Roy,1-437-602-6539,Y,L000109,Frequent,7736,Female,20,2005-04-11,Operations Manager
T004158,samuel.roy108@gmail.com,2025-09-28,97,143.39,Samuel Roy,1-437-602-6539,Y,L000109,Frequent,7736,Female,20,2005-04-11,Operations Manager
T004463,samuel.roy108@gmail.com,2025-10-26,68,71.21,Samuel Roy,1-437-602-6539,Y,L000109,Frequent,7736,Female,20,2005-04-11,Operations Manager
T001185,samuel.wong41@icloud.com,2025-02-07,70,25.47,Samuel Wong,1-905-797-6266,N,,,,,,,
T001357,samuel.wong41@icloud.com,2025-02-25,85,53.24,Samuel Wong,1-905-797-6266,N,,,,,,,
T001667,samuel.wong41@icloud.com,2025-03-25,147,144.92,Samuel Wong,1-905-797-6266,N,,,,,,,
T001759,samuel.wong41@icloud.com,2025-04-02,84,61.75,Samuel Wong,1-905-797-6266,N,,,,,,,
T002992,samuel.wong41@icloud.com,2025-07-08,142,168.4,Samuel Wong,1-905-797-6266,N,,,,,,,
T003366,samuel.wong41@icloud.com,2025-08-03,110,222.93,Samuel Wong,1-905-797-6266,N,,,,,,,
T003530,samuel.wong41@icloud.com,2025-08-14,125,145.45,Samuel Wong,1-905-797-6266,N,,,,,,,
T004109,samuel.wong41@icloud.com,2025-09-25,78,41.98,Samuel Wong,1-905-797-6266,N,,,,,,,
T000121,scarlett.chan494@outlook.com,2024-11-08,74,39.97,Scarlett Chan,1-905-847-6873,N,,,,,,,
T001231,scarlett.chan494@outlook.com,2025-02-10,30,76.73,Scarlett Chan,1-905-847-6873,N,,,,,,,
T001235,scarlett.chan494@outlook.com,2025-02-11,99,20.46,Scarlett Chan,1-905-847-6873,N,,,,,,,
T003415,scarlett.chan494@outlook.com,2025-08-06,56,100.94,Scarlett Chan,1-905-847-6873,N,,,,,,,
T003560,scarlett.chan494@outlook.com,2025-08-16,98,10.47,Scarlett Chan,1-905-847-6873,N,,,,,,,
T003589,scarlett.chan494@outlook.com,2025-08-18,50,202.48,Scarlett Chan,1-905-847-6873,N,,,,,,,
T001148,scarlett.kim244@icloud.com,2025-02-02,108,94.92,Scarlett Kim,1-416-386-8726,Y,L000245,Frequent,4715,Male,28,1997-07-30,Customer Service Rep
T001704,scarlett.kim244@icloud.com,2025-03-29,47,147.93,Scarlett Kim,1-416-386-8726,Y,L000245,Frequent,4715,Male,28,1997-07-30,Customer Service Rep
T003063,scarlett.kim244@icloud.com,2025-07-13,109,33.47,Scarlett Kim,1-416-386-8726,Y,L000245,Frequent,4715,Male,28,1997-07-30,Customer Service Rep
T003497,scarlett.kim244@icloud.com,2025-08-11,93,113.94,Scarlett Kim,1-416-386-8726,Y,L000245,Frequent,4715,Male,28,1997-07-30,Customer Service Rep
T003583,scarlett.kim244@icloud.com,2025-08-17,94,81.25,Scarlett Kim,1-416-386-8726,Y,L000245,Frequent,4715,Male,28,1997-07-30,Customer Service Rep
T001723,scarlett.li216@hotmail.com,2025-03-30,116,45.45,Scarlett Li,1-365-405-529,Y,L000217,Very Frequent,10002,Female,35,1990-12-19,Truck Driver
T002630,scarlett.li216@hotmail.com,2025-06-14,103,37.95,Scarlett Li,1-365-405-529,Y,L000217,Very Frequent,10002,Female,35,1990-12-19,Truck Driver
T002805,scarlett.li216@hotmail.com,2025-06-24,130,31.97,Scarlett Li,1-365-405-529,Y,L000217,Very Frequent,10002,Female,35,1990-12-19,Truck Driver
T002888,scarlett.li216@hotmail.com,2025-06-30,105,8.49,Scarlett Li,1-365-405-529,Y,L000217,Very Frequent,10002,Female,35,1990-12-19,Truck Driver
T002910,scarlett.li216@hotmail.com,2025-07-01,57,47.46,Scarlett Li,1-365-405-529,Y,L000217,Very Frequent,10002,Female,35,1990-12-19,Truck Driver
T003004,scarlett.li216@hotmail.com,2025-07-09,125,37.77,Scarlett Li,1-365-405-529,Y,L000217,Very Frequent,10002,Female,35,1990-12-19,Truck Driver
T003189,scarlett.li216@hotmail.com,2025-07-22,99,74.96,Scarlett Li,1-365-405-529,Y,L000217,Very Frequent,10002,Female,35,1990-12-19,Truck Driver
T003461,scarlett.li216@hotmail.com,2025-08-09,106,184.22,Scarlett Li,1-365-405-529,Y,L000217,Very Frequent,10002,Female,35,1990-12-19,Truck Driver
T003464,scarlett.li216@hotmail.com,2025-08-10,138,51.94,Scarlett Li,1-365-405-529,Y,L000217,Very Frequent,10002,Female,35,1990-12-19,Truck Driver
T003640,scarlett.li216@hotmail.com,2025-08-22,78,207.4,Scarlett Li,1-365-405-529,Y,L000217,Very Frequent,10002,Female,35,1990-12-19,Truck Driver
T003699,scarlett.li216@hotmail.com,2025-08-25,67,25.98,Scarlett Li,1-365-405-529,Y,L000217,Very Frequent,10002,Female,35,1990-12-19,Truck Driver
T004041,scarlett.li216@hotmail.com,2025-09-20,125,95.95,Scarlett Li,1-365-405-529,Y,L000217,Very Frequent,10002,Female,35,1990-12-19,Truck Driver
T004133,scarlett.li216@hotmail.com,2025-09-27,87,106.26,Scarlett Li,1-365-405-529,Y,L000217,Very Frequent,10002,Female,35,1990-12-19,Truck Driver
T004433,scarlett.li216@hotmail.com,2025-10-24,56,44.45,Scarlett Li,1-365-405-529,Y,L000217,Very Frequent,10002,Female,35,1990-12-19,Truck Driver
T000690,scarlett.liu359@hotmail.com,2024-12-21,54,16.49,Scarlett Liu,1-365-671-7238,Y,L000360,Frequent,3685,Male,34,1991-08-15,Electrician
T001275,scarlett.liu359@hotmail.com,2025-02-16,127,129.41,Scarlett Liu,1-365-671-7238,Y,L000360,Frequent,3685,Male,34,1991-08-15,Electrician
T001711,scarlett.liu359@hotmail.com,2025-03-29,62,27.28,Scarlett Liu,1-365-671-7238,Y,L000360,Frequent,3685,Male,34,1991-08-15,Electrician
T002209,scarlett.liu359@hotmail.com,2025-05-10,30,65.95,Scarlett Liu,1-365-671-7238,Y,L000360,Frequent,3685,Male,34,1991-08-15,Electrician
T003103,scarlett.liu359@hotmail.com,2025-07-16,92,76.95,Scarlett Liu,1-365-671-7238,Y,L000360,Frequent,3685,Male,34,1991-08-15,Electrician
T003647,scarlett.liu359@hotmail.com,2025-08-22,84,52.45,Scarlett Liu,1-365-671-7238,Y,L000360,Frequent,3685,Male,34,1991-08-15,Electrician
T000469,scarlett.singh428@yahoo.com,2024-12-05,30,55.96,Scarlett Singh,1-289-229-3144,Y,L000429,Frequent,4655,Female,32,1993-10-06,Customer Service Rep
T000593,scarlett.singh428@yahoo.com,2024-12-14,57,68.25,Scarlett Singh,1-289-229-3144,Y,L000429,Frequent,4655,Female,32,1993-10-06,Customer Service Rep
T000907,scarlett.singh428@yahoo.com,2025-01-05,62,43.49,Scarlett Singh,1-289-229-3144,Y,L000429,Frequent,4655,Female,32,1993-10-06,Customer Service Rep
T001320,scarlett.singh428@yahoo.com,2025-02-22,93,29.97,Scarlett Singh,1-289-229-3144,Y,L000429,Frequent,4655,Female,32,1993-10-06,Customer Service Rep
T001558,scarlett.singh428@yahoo.com,2025-03-16,66,68.44,Scarlett Singh,1-289-229-3144,Y,L000429,Frequent,4655,Female,32,1993-10-06,Customer Service Rep
T002588,scarlett.singh428@yahoo.com,2025-06-10,167,113.92,Scarlett Singh,1-289-229-3144,Y,L000429,Frequent,4655,Female,32,1993-10-06,Customer Service Rep
T003362,scarlett.singh428@yahoo.com,2025-08-02,122,85.47,Scarlett Singh,1-289-229-3144,Y,L000429,Frequent,4655,Female,32,1993-10-06,Customer Service Rep
T000088,scarlett.singh94@yahoo.com,2024-11-05,114,32.98,Scarlett Singh,1-365-60-7031,Y,L000095,Frequent,6131,Male,27,1998-01-18,Sales Associate
T001053,scarlett.singh94@yahoo.com,2025-01-23,54,56.94,Scarlett Singh,1-365-60-7031,Y,L000095,Frequent,6131,Male,27,1998-01-18,Sales Associate
T001057,scarlett.singh94@yahoo.com,2025-01-24,52,119.42,Scarlett Singh,1-365-60-7031,Y,L000095,Frequent,6131,Male,27,1998-01-18,Sales Associate
T001636,scarlett.singh94@yahoo.com,2025-03-23,97,52.45,Scarlett Singh,1-365-60-7031,Y,L000095,Frequent,6131,Male,27,1998-01-18,Sales Associate
T001872,scarlett.singh94@yahoo.com,2025-04-12,93,96.92,Scarlett Singh,1-365-60-7031,Y,L000095,Frequent,6131,Male,27,1998-01-18,Sales Associate
T002294,scarlett.singh94@yahoo.com,2025-05-17,80,68.92,Scarlett Singh,1-365-60-7031,Y,L000095,Frequent,6131,Male,27,1998-01-18,Sales Associate
T002347,scarlett.singh94@yahoo.com,2025-05-22,169,103.46,Scarlett Singh,1-365-60-7031,Y,L000095,Frequent,6131,Male,27,1998-01-18,Sales Associate
T003030,scarlett.singh94@yahoo.com,2025-07-11,112,68.52,Scarlett Singh,1-365-60-7031,Y,L000095,Frequent,6131,Male,27,1998-01-18,Sales Associate
T003566,scarlett.singh94@yahoo.com,2025-08-16,89,13.49,Scarlett Singh,1-365-60-7031,Y,L000095,Frequent,6131,Male,27,1998-01-18,Sales Associate
T000073,scarlett.su40@outlook.com,2024-11-03,181,34.47,Scarlett Su,1-905-502-4564,Y,L000041,Frequent,4218,Male,27,1998-02-04,Data Analyst
T000484,scarlett.su40@outlook.com,2024-12-06,108,148.43,Scarlett Su,1-905-502-4564,Y,L000041,Frequent,4218,Male,27,1998-02-04,Data Analyst
T000784,scarlett.su40@outlook.com,2024-12-27,93,49.46,Scarlett Su,1-905-502-4564,Y,L000041,Frequent,4218,Male,27,1998-02-04,Data Analyst
T000795,scarlett.su40@outlook.com,2024-12-27,95,67.74,Scarlett Su,1-905-502-4564,Y,L000041,Frequent,4218,Male,27,1998-02-04,Data Analyst
T002254,scarlett.su40@outlook.com,2025-05-14,111,44.77,Scarlett Su,1-905-502-4564,Y,L000041,Frequent,4218,Male,27,1998-02-04,Data Analyst
T003494,scarlett.su40@outlook.com,2025-08-11,71,39.48,Scarlett Su,1-905-502-4564,Y,L000041,Frequent,4218,Male,27,1998-02-04,Data Analyst
T003567,scarlett.su40@outlook.com,2025-08-16,75,37.45,Scarlett Su,1-905-502-4564,Y,L000041,Frequent,4218,Male,27,1998-02-04,Data Analyst
T000162,scarlett.white270@outlook.com,2024-11-10,185,43.78,Scarlett White,1-416-352-8536,Y,L000271,Frequent,3798,Male,35,1990-12-08,Accountant
T000896,scarlett.white270@outlook.com,2025-01-05,114,120.93,Scarlett White,1-416-352-8536,Y,L000271,Frequent,3798,Male,35,1990-12-08,Accountant
T002323,scarlett.white270@outlook.com,2025-05-19,60,67.42,Scarlett White,1-416-352-8536,Y,L000271,Frequent,3798,Male,35,1990-12-08,Accountant
T003697,scarlett.white270@outlook.com,2025-08-25,106,65.24,Scarlett White,1-416-352-8536,Y,L000271,Frequent,3798,Male,35,1990-12-08,Accountant
T003979,scarlett.white270@outlook.com,2025-09-14,102,28.98,Scarlett White,1-416-352-8536,Y,L000271,Frequent,3798,Male,35,1990-12-08,Accountant
T004155,scarlett.white270@outlook.com,2025-09-28,75,49.97,Scarlett White,1-416-352-8536,Y,L000271,Frequent,3798,Male,35,1990-12-08,Accountant
T004330,scarlett.white270@outlook.com,2025-10-13,97,3.49,Scarlett White,1-416-352-8536,Y,L000271,Frequent,3798,Male,35,1990-12-08,Accountant
T000072,sebastian.garcia226@outlook.com,2024-11-03,105,32.48,Sebastian Garcia,1-416-94-7104,Y,L000227,Very Frequent,9592,Male,40,1985-02-09,Graphic Designer
T001112,sebastian.garcia226@outlook.com,2025-01-31,88,49.74,Sebastian Garcia,1-416-94-7104,Y,L000227,Very Frequent,9592,Male,40,1985-02-09,Graphic Designer
T001925,sebastian.garcia226@outlook.com,2025-04-17,37,14.99,Sebastian Garcia,1-416-94-7104,Y,L000227,Very Frequent,9592,Male,40,1985-02-09,Graphic Designer
T002006,sebastian.garcia226@outlook.com,2025-04-24,111,129.95,Sebastian Garcia,1-416-94-7104,Y,L000227,Very Frequent,9592,Male,40,1985-02-09,Graphic Designer
T002229,sebastian.garcia226@outlook.com,2025-05-11,91,30.28,Sebastian Garcia,1-416-94-7104,Y,L000227,Very Frequent,9592,Male,40,1985-02-09,Graphic Designer
T002534,sebastian.garcia226@outlook.com,2025-06-07,129,55.46,Sebastian Garcia,1-416-94-7104,Y,L000227,Very Frequent,9592,Male,40,1985-02-09,Graphic Designer
T002959,sebastian.garcia226@outlook.com,2025-07-05,162,72.91,Sebastian Garcia,1-416-94-7104,Y,L000227,Very Frequent,9592,Male,40,1985-02-09,Graphic Designer
T003304,sebastian.garcia226@outlook.com,2025-07-29,179,101.72,Sebastian Garcia,1-416-94-7104,Y,L000227,Very Frequent,9592,Male,40,1985-02-09,Graphic Designer
T003864,sebastian.garcia226@outlook.com,2025-09-04,85,182.89,Sebastian Garcia,1-416-94-7104,Y,L000227,Very Frequent,9592,Male,40,1985-02-09,Graphic Designer
T003927,sebastian.garcia226@outlook.com,2025-09-08,115,219.66,Sebastian Garcia,1-416-94-7104,Y,L000227,Very Frequent,9592,Male,40,1985-02-09,Graphic Designer
T003994,sebastian.garcia226@outlook.com,2025-09-15,71,30.97,Sebastian Garcia,1-416-94-7104,Y,L000227,Very Frequent,9592,Male,40,1985-02-09,Graphic Designer
T004258,sebastian.garcia226@outlook.com,2025-10-06,123,38.24,Sebastian Garcia,1-416-94-7104,Y,L000227,Very Frequent,9592,Male,40,1985-02-09,Graphic Designer
T000409,sebastian.gonzalez98@gmail.com,2024-12-02,35,93.23,Sebastian Gonzalez,1-365-208-5920,Y,L000099,Very Frequent,10405,Female,38,1987-09-12,Student
T001022,sebastian.gonzalez98@gmail.com,2025-01-19,141,112.2,Sebastian Gonzalez,1-365-208-5920,Y,L000099,Very Frequent,10405,Female,38,1987-09-12,Student
T001217,sebastian.gonzalez98@gmail.com,2025-02-09,194,140.74,Sebastian Gonzalez,1-365-208-5920,Y,L000099,Very Frequent,10405,Female,38,1987-09-12,Student
T001405,sebastian.gonzalez98@gmail.com,2025-03-02,104,77.91,Sebastian Gonzalez,1-365-208-5920,Y,L000099,Very Frequent,10405,Female,38,1987-09-12,Student
T002326,sebastian.gonzalez98@gmail.com,2025-05-19,167,179.7,Sebastian Gonzalez,1-365-208-5920,Y,L000099,Very Frequent,10405,Female,38,1987-09-12,Student
T002795,sebastian.gonzalez98@gmail.com,2025-06-24,55,34.97,Sebastian Gonzalez,1-365-208-5920,Y,L000099,Very Frequent,10405,Female,38,1987-09-12,Student
T003723,sebastian.gonzalez98@gmail.com,2025-08-26,176,43.48,Sebastian Gonzalez,1-365-208-5920,Y,L000099,Very Frequent,10405,Female,38,1987-09-12,Student
T004098,sebastian.gonzalez98@gmail.com,2025-09-24,102,226.42,Sebastian Gonzalez,1-365-208-5920,Y,L000099,Very Frequent,10405,Female,38,1987-09-12,Student
T004279,sebastian.gonzalez98@gmail.com,2025-10-08,97,131.92,Sebastian Gonzalez,1-365-208-5920,Y,L000099,Very Frequent,10405,Female,38,1987-09-12,Student
T000609,sebastian.johnson306@gmail.com,2024-12-15,102,181.84,Sebastian Johnson,1-289-993-9874,Y,L000307,Very Frequent,8797,Male,27,1998-09-03,HR Coordinator
T001035,sebastian.johnson306@gmail.com,2025-01-21,117,54.97,Sebastian Johnson,1-289-993-9874,Y,L000307,Very Frequent,8797,Male,27,1998-09-03,HR Coordinator
T002020,sebastian.johnson306@gmail.com,2025-04-25,119,156.66,Sebastian Johnson,1-289-993-9874,Y,L000307,Very Frequent,8797,Male,27,1998-09-03,HR Coordinator
T002099,sebastian.johnson306@gmail.com,2025-05-01,143,88.91,Sebastian Johnson,1-289-993-9874,Y,L000307,Very Frequent,8797,Male,27,1998-09-03,HR Coordinator
T002155,sebastian.johnson306@gmail.com,2025-05-05,137,21.85,Sebastian Johnson,1-289-993-9874,Y,L000307,Very Frequent,8797,Male,27,1998-09-03,HR Coordinator
T003209,sebastian.johnson306@gmail.com,2025-07-23,156,220.79,Sebastian Johnson,1-289-993-9874,Y,L000307,Very Frequent,8797,Male,27,1998-09-03,HR Coordinator
T004455,sebastian.johnson306@gmail.com,2025-10-25,84,154.73,Sebastian Johnson,1-289-993-9874,Y,L000307,Very Frequent,8797,Male,27,1998-09-03,HR Coordinator
T000067,sebastian.khan301@outlook.com,2024-11-03,59,45.43,Sebastian Khan,1-647-107-5875,Y,L000302,Frequent,5866,Male,24,2001-10-24,Student
T000995,sebastian.khan301@outlook.com,2025-01-17,89,9.99,Sebastian Khan,1-647-107-5875,Y,L000302,Frequent,5866,Male,24,2001-10-24,Student
T002346,sebastian.khan301@outlook.com,2025-05-22,167,157.39,Sebastian Khan,1-647-107-5875,Y,L000302,Frequent,5866,Male,24,2001-10-24,Student
T002639,sebastian.khan301@outlook.com,2025-06-14,51,35.46,Sebastian Khan,1-647-107-5875,Y,L000302,Frequent,5866,Male,24,2001-10-24,Student
T002900,sebastian.khan301@outlook.com,2025-06-30,102,103.0,Sebastian Khan,1-647-107-5875,Y,L000302,Frequent,5866,Male,24,2001-10-24,Student
T004123,sebastian.khan301@outlook.com,2025-09-26,121,62.97,Sebastian Khan,1-647-107-5875,Y,L000302,Frequent,5866,Male,24,2001-10-24,Student
T004193,sebastian.khan301@outlook.com,2025-10-02,100,73.96,Sebastian Khan,1-647-107-5875,Y,L000302,Frequent,5866,Male,24,2001-10-24,Student
T004318,sebastian.khan301@outlook.com,2025-10-12,98,98.46,Sebastian Khan,1-647-107-5875,Y,L000302,Frequent,5866,Male,24,2001-10-24,Student
T000379,sebastian.macdonald267@yahoo.com,2024-11-30,118,44.98,Sebastian MacDonald,1-905-608-333,Y,L000268,Frequent,7144,Female,18,2007-11-01,Customer Service Rep
T000796,sebastian.macdonald267@yahoo.com,2024-12-27,74,23.47,Sebastian MacDonald,1-905-608-333,Y,L000268,Frequent,7144,Female,18,2007-11-01,Customer Service Rep
T001250,sebastian.macdonald267@yahoo.com,2025-02-14,108,68.98,Sebastian MacDonald,1-905-608-333,Y,L000268,Frequent,7144,Female,18,2007-11-01,Customer Service Rep
T001380,sebastian.macdonald267@yahoo.com,2025-03-01,124,70.75,Sebastian MacDonald,1-905-608-333,Y,L000268,Frequent,7144,Female,18,2007-11-01,Customer Service Rep
T001552,sebastian.macdonald267@yahoo.com,2025-03-15,127,47.97,Sebastian MacDonald,1-905-608-333,Y,L000268,Frequent,7144,Female,18,2007-11-01,Customer Service Rep
T002232,sebastian.macdonald267@yahoo.com,2025-05-12,92,71.44,Sebastian MacDonald,1-905-608-333,Y,L000268,Frequent,7144,Female,18,2007-11-01,Customer Service Rep
T002415,sebastian.macdonald267@yahoo.com,2025-05-28,52,90.43,Sebastian MacDonald,1-905-608-333,Y,L000268,Frequent,7144,Female,18,2007-11-01,Customer Service Rep
T002759,sebastian.macdonald267@yahoo.com,2025-06-21,54,67.46,Sebastian MacDonald,1-905-608-333,Y,L000268,Frequent,7144,Female,18,2007-11-01,Customer Service Rep
T002860,sebastian.macdonald267@yahoo.com,2025-06-28,82,9.99,Sebastian MacDonald,1-905-608-333,Y,L000268,Frequent,7144,Female,18,2007-11-01,Customer Service Rep
T003506,sebastian.macdonald267@yahoo.com,2025-08-12,73,102.44,Sebastian MacDonald,1-905-608-333,Y,L000268,Frequent,7144,Female,18,2007-11-01,Customer Service Rep
T004179,sebastian.macdonald267@yahoo.com,2025-10-01,61,51.46,Sebastian MacDonald,1-905-608-333,Y,L000268,Frequent,7144,Female,18,2007-11-01,Customer Service Rep
T004288,sebastian.macdonald267@yahoo.com,2025-10-09,42,65.03,Sebastian MacDonald,1-905-608-333,Y,L000268,Frequent,7144,Female,18,2007-11-01,Customer Service Rep
T000589,sebastian.macdonald378@hotmail.com,2024-12-13,102,138.43,Sebastian MacDonald,1-437-529-8384,Y,L000379,Very Frequent,11585,Male,28,1997-04-02,Chef
T000882,sebastian.macdonald378@hotmail.com,2025-01-03,34,150.66,Sebastian MacDonald,1-437-529-8384,Y,L000379,Very Frequent,11585,Male,28,1997-04-02,Chef
T001903,sebastian.macdonald378@hotmail.com,2025-04-15,83,66.98,Sebastian MacDonald,1-437-529-8384,Y,L000379,Very Frequent,11585,Male,28,1997-04-02,Chef
T002066,sebastian.macdonald378@hotmail.com,2025-04-28,103,199.42,Sebastian MacDonald,1-437-529-8384,Y,L000379,Very Frequent,11585,Male,28,1997-04-02,Chef
T002933,sebastian.macdonald378@hotmail.com,2025-07-03,103,191.39,Sebastian MacDonald,1-437-529-8384,Y,L000379,Very Frequent,11585,Male,28,1997-04-02,Chef
T003646,sebastian.macdonald378@hotmail.com,2025-08-22,148,137.74,Sebastian MacDonald,1-437-529-8384,Y,L000379,Very Frequent,11585,Male,28,1997-04-02,Chef
T004013,sebastian.macdonald378@hotmail.com,2025-09-17,77,110.97,Sebastian MacDonald,1-437-529-8384,Y,L000379,Very Frequent,11585,Male,28,1997-04-02,Chef
T004204,sebastian.macdonald378@hotmail.com,2025-10-02,87,61.48,Sebastian MacDonald,1-437-529-8384,Y,L000379,Very Frequent,11585,Male,28,1997-04-02,Chef
T004470,sebastian.macdonald378@hotmail.com,2025-10-26,151,101.44,Sebastian MacDonald,1-437-529-8384,Y,L000379,Very Frequent,11585,Male,28,1997-04-02,Chef
T000280,sebastian.martinez371@hotmail.com,2024-11-22,138,41.96,Sebastian Martinez,1-365-350-2678,Y,L000372,Very Frequent,10184,Male,32,1993-05-07,Operations Manager
T000916,sebastian.martinez371@hotmail.com,2025-01-06,122,134.93,Sebastian Martinez,1-365-350-2678,Y,L000372,Very Frequent,10184,Male,32,1993-05-07,Operations Manager
T001019,sebastian.martinez371@hotmail.com,2025-01-19,53,59.92,Sebastian Martinez,1-365-350-2678,Y,L000372,Very Frequent,10184,Male,32,1993-05-07,Operations Manager
T002335,sebastian.martinez371@hotmail.com,2025-05-20,90,119.47,Sebastian Martinez,1-365-350-2678,Y,L000372,Very Frequent,10184,Male,32,1993-05-07,Operations Manager
T002443,sebastian.martinez371@hotmail.com,2025-05-31,85,84.04,Sebastian Martinez,1-365-350-2678,Y,L000372,Very Frequent,10184,Male,32,1993-05-07,Operations Manager
T003592,sebastian.martinez371@hotmail.com,2025-08-18,107,93.93,Sebastian Martinez,1-365-350-2678,Y,L000372,Very Frequent,10184,Male,32,1993-05-07,Operations Manager
T003686,sebastian.martinez371@hotmail.com,2025-08-24,79,73.96,Sebastian Martinez,1-365-350-2678,Y,L000372,Very Frequent,10184,Male,32,1993-05-07,Operations Manager
T003722,sebastian.martinez371@hotmail.com,2025-08-26,124,158.96,Sebastian Martinez,1-365-350-2678,Y,L000372,Very Frequent,10184,Male,32,1993-05-07,Operations Manager
T004011,sebastian.martinez371@hotmail.com,2025-09-17,63,16.98,Sebastian Martinez,1-365-350-2678,Y,L000372,Very Frequent,10184,Male,32,1993-05-07,Operations Manager
T004040,sebastian.martinez371@hotmail.com,2025-09-20,58,24.98,Sebastian Martinez,1-365-350-2678,Y,L000372,Very Frequent,10184,Male,32,1993-05-07,Operations Manager
T004481,sebastian.martinez371@hotmail.com,2025-10-27,134,209.36,Sebastian Martinez,1-365-350-2678,Y,L000372,Very Frequent,10184,Male,32,1993-05-07,Operations Manager
T001915,sebastian.nguyen483@hotmail.com,2025-04-16,69,114.92,Sebastian Nguyen,1-289-903-8515,Y,L000484,Frequent,6621,Male,18,2007-01-03,Electrician
T001977,sebastian.nguyen483@hotmail.com,2025-04-21,87,86.95,Sebastian Nguyen,1-289-903-8515,Y,L000484,Frequent,6621,Male,18,2007-01-03,Electrician
T003083,sebastian.nguyen483@hotmail.com,2025-07-14,89,9.97,Sebastian Nguyen,1-289-903-8515,Y,L000484,Frequent,6621,Male,18,2007-01-03,Electrician
T003925,sebastian.nguyen483@hotmail.com,2025-09-08,150,248.11,Sebastian Nguyen,1-289-903-8515,Y,L000484,Frequent,6621,Male,18,2007-01-03,Electrician
T003934,sebastian.nguyen483@hotmail.com,2025-09-09,89,50.96,Sebastian Nguyen,1-289-903-8515,Y,L000484,Frequent,6621,Male,18,2007-01-03,Electrician
T004164,sebastian.nguyen483@hotmail.com,2025-09-29,93,151.2,Sebastian Nguyen,1-289-903-8515,Y,L000484,Frequent,6621,Male,18,2007-01-03,Electrician
T000107,sebastian.su213@yahoo.com,2024-11-07,80,130.43,Sebastian Su,1-905-593-7477,N,,,,,,,
T000713,sebastian.su213@yahoo.com,2024-12-22,137,94.43,Sebastian Su,1-905-593-7477,N,,,,,,,
T001368,sebastian.su213@yahoo.com,2025-02-27,101,105.48,Sebastian Su,1-905-593-7477,N,,,,,,,
T001581,sebastian.su213@yahoo.com,2025-03-17,171,207.48,Sebastian Su,1-905-593-7477,N,,,,,,,
T001782,sebastian.su213@yahoo.com,2025-04-04,99,47.98,Sebastian Su,1-905-593-7477,N,,,,,,,
T002085,sebastian.su213@yahoo.com,2025-04-30,75,59.97,Sebastian Su,1-905-593-7477,N,,,,,,,
T002213,sebastian.su213@yahoo.com,2025-05-10,82,39.75,Sebastian Su,1-905-593-7477,N,,,,,,,
T003341,sebastian.su213@yahoo.com,2025-08-01,150,148.92,Sebastian Su,1-905-593-7477,N,,,,,,,
T003545,sebastian.su213@yahoo.com,2025-08-15,85,160.89,Sebastian Su,1-905-593-7477,N,,,,,,,
T003707,sebastian.su213@yahoo.com,2025-08-25,93,155.41,Sebastian Su,1-905-593-7477,N,,,,,,,
T003748,sebastian.su213@yahoo.com,2025-08-28,82,58.96,Sebastian Su,1-905-593-7477,N,,,,,,,
T004141,sebastian.su213@yahoo.com,2025-09-27,93,29.98,Sebastian Su,1-905-593-7477,N,,,,,,,
T004213,sebastian.su213@yahoo.com,2025-10-03,68,25.97,Sebastian Su,1-905-593-7477,N,,,,,,,
T000025,sofia.johnson337@hotmail.com,2024-10-30,75,54.95,Sofia Johnson,1-416-144-4405,N,,,,,,,
T000068,sofia.johnson337@hotmail.com,2024-11-03,125,78.96,Sofia Johnson,1-416-144-4405,N,,,,,,,
T000397,sofia.johnson337@hotmail.com,2024-12-01,87,41.47,Sofia Johnson,1-416-144-4405,N,,,,,,,
T000884,sofia.johnson337@hotmail.com,2025-01-03,81,87.51,Sofia Johnson,1-416-144-4405,N,,,,,,,
T001419,sofia.johnson337@hotmail.com,2025-03-03,64,75.44,Sofia Johnson,1-416-144-4405,N,,,,,,,
T002271,sofia.johnson337@hotmail.com,2025-05-15,81,44.97,Sofia Johnson,1-416-144-4405,N,,,,,,,
T002416,sofia.johnson337@hotmail.com,2025-05-28,139,34.26,Sofia Johnson,1-416-144-4405,N,,,,,,,
T002540,sofia.johnson337@hotmail.com,2025-06-07,67,212.36,Sofia Johnson,1-416-144-4405,N,,,,,,,
T002559,sofia.johnson337@hotmail.com,2025-06-08,92,9.99,Sofia Johnson,1-416-144-4405,N,,,,,,,
T002818,sofia.johnson337@hotmail.com,2025-06-26,79,43.96,Sofia Johnson,1-416-144-4405,N,,,,,,,
T003370,sofia.johnson337@hotmail.com,2025-08-03,115,9.98,Sofia Johnson,1-416-144-4405,N,,,,,,,
T004296,sofia.johnson337@hotmail.com,2025-10-10,65,34.98,Sofia Johnson,1-416-144-4405,N,,,,,,,
T000606,sofia.johnson489@outlook.com,2024-12-14,59,193.92,Sofia Johnson,1-416-591-3877,Y,L000490,Very Frequent,9005,Prefer not to say,32,1993-12-03,Operations Manager
T000964,sofia.johnson489@outlook.com,2025-01-14,89,118.4,Sofia Johnson,1-416-591-3877,Y,L000490,Very Frequent,9005,Prefer not to say,32,1993-12-03,Operations Manager
T000971,sofia.johnson489@outlook.com,2025-01-14,127,164.85,Sofia Johnson,1-416-591-3877,Y,L000490,Very Frequent,9005,Prefer not to say,32,1993-12-03,Operations Manager
T001088,sofia.johnson489@outlook.com,2025-01-27,120,52.97,Sofia Johnson,1-416-591-3877,Y,L000490,Very Frequent,9005,Prefer not to say,32,1993-12-03,Operations Manager
T001765,sofia.johnson489@outlook.com,2025-04-03,73,23.47,Sofia Johnson,1-416-591-3877,Y,L000490,Very Frequent,9005,Prefer not to say,32,1993-12-03,Operations Manager
T001844,sofia.johnson489@outlook.com,2025-04-09,48,62.95,Sofia Johnson,1-416-591-3877,Y,L000490,Very Frequent,9005,Prefer not to say,32,1993-12-03,Operations Manager
T002075,sofia.johnson489@outlook.com,2025-04-29,101,111.53,Sofia Johnson,1-416-591-3877,Y,L000490,Very Frequent,9005,Prefer not to say,32,1993-12-03,Operations Manager
T002139,sofia.johnson489@outlook.com,2025-05-04,153,21.78,Sofia Johnson,1-416-591-3877,Y,L000490,Very Frequent,9005,Prefer not to say,32,1993-12-03,Operations Manager
T002839,sofia.johnson489@outlook.com,2025-06-27,122,41.28,Sofia Johnson,1-416-591-3877,Y,L000490,Very Frequent,9005,Prefer not to say,32,1993-12-03,Operations Manager
T003374,sofia.johnson489@outlook.com,2025-08-03,98,41.96,Sofia Johnson,1-416-591-3877,Y,L000490,Very Frequent,9005,Prefer not to say,32,1993-12-03,Operations Manager
T004280,sofia.johnson489@outlook.com,2025-10-08,115,67.45,Sofia Johnson,1-416-591-3877,Y,L000490,Very Frequent,9005,Prefer not to say,32,1993-12-03,Operations Manager
T000126,sofia.lee476@icloud.com,2024-11-08,121,60.96,Sofia Lee,1-289-952-2465,Y,L000477,Frequent,6155,Prefer not to say,19,2006-06-22,Student
T000590,sofia.lee476@icloud.com,2024-12-13,106,96.49,Sofia Lee,1-289-952-2465,Y,L000477,Frequent,6155,Prefer not to say,19,2006-06-22,Student
T000743,sofia.lee476@icloud.com,2024-12-24,122,60.45,Sofia Lee,1-289-952-2465,Y,L000477,Frequent,6155,Prefer not to say,19,2006-06-22,Student
T001892,sofia.lee476@icloud.com,2025-04-14,90,77.92,Sofia Lee,1-289-952-2465,Y,L000477,Frequent,6155,Prefer not to say,19,2006-06-22,Student
T002866,sofia.lee476@icloud.com,2025-06-28,103,28.98,Sofia Lee,1-289-952-2465,Y,L000477,Frequent,6155,Prefer not to say,19,2006-06-22,Student
T003199,sofia.lee476@icloud.com,2025-07-22,97,33.76,Sofia Lee,1-289-952-2465,Y,L000477,Frequent,6155,Prefer not to say,19,2006-06-22,Student
T003234,sofia.lee476@icloud.com,2025-07-25,79,125.19,Sofia Lee,1-289-952-2465,Y,L000477,Frequent,6155,Prefer not to say,19,2006-06-22,Student
T003484,sofia.lee476@icloud.com,2025-08-11,97,110.33,Sofia Lee,1-289-952-2465,Y,L000477,Frequent,6155,Prefer not to say,19,2006-06-22,Student
T004136,sofia.lee476@icloud.com,2025-09-27,30,21.49,Sofia Lee,1-289-952-2465,Y,L000477,Frequent,6155,Prefer not to say,19,2006-06-22,Student
T001478,sofia.liu117@gmail.com,2025-03-09,84,19.98,Sofia Liu,1-416-170-446,N,,,,,,,
T001548,sofia.liu117@gmail.com,2025-03-15,125,156.43,Sofia Liu,1-416-170-446,N,,,,,,,
T003096,sofia.liu117@gmail.com,2025-07-15,106,3.49,Sofia Liu,1-416-170-446,N,,,,,,,
T003290,sofia.liu117@gmail.com,2025-07-28,101,134.95,Sofia Liu,1-416-170-446,N,,,,,,,
T000933,sofia.liu204@outlook.com,2025-01-09,139,87.74,Sofia Liu,1-647-316-2309,Y,L000205,Frequent,3763,Male,28,1997-11-06,Operations Manager
T002457,sofia.liu204@outlook.com,2025-06-01,144,17.98,Sofia Liu,1-647-316-2309,Y,L000205,Frequent,3763,Male,28,1997-11-06,Operations Manager
T003411,sofia.liu204@outlook.com,2025-08-05,45,37.47,Sofia Liu,1-647-316-2309,Y,L000205,Frequent,3763,Male,28,1997-11-06,Operations Manager
T003418,sofia.liu204@outlook.com,2025-08-06,85,153.2,Sofia Liu,1-647-316-2309,Y,L000205,Frequent,3763,Male,28,1997-11-06,Operations Manager
T003682,sofia.liu204@outlook.com,2025-08-24,113,79.92,Sofia Liu,1-647-316-2309,Y,L000205,Frequent,3763,Male,28,1997-11-06,Operations Manager
T000131,sofia.park165@icloud.com,2024-11-09,103,66.93,Sofia Park,1-365-85-6328,Y,L000166,Very Frequent,9303,Female,34,1991-08-16,Operations Manager
T000232,sofia.park165@icloud.com,2024-11-17,58,36.47,Sofia Park,1-365-85-6328,Y,L000166,Very Frequent,9303,Female,34,1991-08-16,Operations Manager
T001075,sofia.park165@icloud.com,2025-01-25,73,83.94,Sofia Park,1-365-85-6328,Y,L000166,Very Frequent,9303,Female,34,1991-08-16,Operations Manager
T002159,sofia.park165@icloud.com,2025-05-05,74,13.49,Sofia Park,1-365-85-6328,Y,L000166,Very Frequent,9303,Female,34,1991-08-16,Operations Manager
T002645,sofia.park165@icloud.com,2025-06-14,134,99.45,Sofia Park,1-365-85-6328,Y,L000166,Very Frequent,9303,Female,34,1991-08-16,Operations Manager
T003180,sofia.park165@icloud.com,2025-07-21,95,154.89,Sofia Park,1-365-85-6328,Y,L000166,Very Frequent,9303,Female,34,1991-08-16,Operations Manager
T003363,sofia.park165@icloud.com,2025-08-03,169,373.24,Sofia Park,1-365-85-6328,Y,L000166,Very Frequent,9303,Female,34,1991-08-16,Operations Manager
T003401,sofia.park165@icloud.com,2025-08-05,149,61.97,Sofia Park,1-365-85-6328,Y,L000166,Very Frequent,9303,Female,34,1991-08-16,Operations Manager
T004366,sofia.park165@icloud.com,2025-10-17,126,39.96,Sofia Park,1-365-85-6328,Y,L000166,Very Frequent,9303,Female,34,1991-08-16,Operations Manager
T000224,sofia.patel144@yahoo.com,2024-11-16,131,26.98,Sofia Patel,1-437-462-4609,Y,L000145,Very Frequent,11612,Female,32,1993-06-08,HR Coordinator
T000538,sofia.patel144@yahoo.com,2024-12-10,88,67.75,Sofia Patel,1-437-462-4609,Y,L000145,Very Frequent,11612,Female,32,1993-06-08,HR Coordinator
T000685,sofia.patel144@yahoo.com,2024-12-20,70,207.31,Sofia Patel,1-437-462-4609,Y,L000145,Very Frequent,11612,Female,32,1993-06-08,HR Coordinator
T002181,sofia.patel144@yahoo.com,2025-05-08,70,77.72,Sofia Patel,1-437-462-4609,Y,L000145,Very Frequent,11612,Female,32,1993-06-08,HR Coordinator
T002328,sofia.patel144@yahoo.com,2025-05-19,123,111.44,Sofia Patel,1-437-462-4609,Y,L000145,Very Frequent,11612,Female,32,1993-06-08,HR Coordinator
T003074,sofia.patel144@yahoo.com,2025-07-14,134,168.87,Sofia Patel,1-437-462-4609,Y,L000145,Very Frequent,11612,Female,32,1993-06-08,HR Coordinator
T003152,sofia.patel144@yahoo.com,2025-07-19,86,62.46,Sofia Patel,1-437-462-4609,Y,L000145,Very Frequent,11612,Female,32,1993-06-08,HR Coordinator
T003259,sofia.patel144@yahoo.com,2025-07-26,78,58.94,Sofia Patel,1-437-462-4609,Y,L000145,Very Frequent,11612,Female,32,1993-06-08,HR Coordinator
T003400,sofia.patel144@yahoo.com,2025-08-05,89,59.47,Sofia Patel,1-437-462-4609,Y,L000145,Very Frequent,11612,Female,32,1993-06-08,HR Coordinator
T003763,sofia.patel144@yahoo.com,2025-08-29,92,203.38,Sofia Patel,1-437-462-4609,Y,L000145,Very Frequent,11612,Female,32,1993-06-08,HR Coordinator
T004467,sofia.patel144@yahoo.com,2025-10-26,131,116.96,Sofia Patel,1-437-462-4609,Y,L000145,Very Frequent,11612,Female,32,1993-06-08,HR Coordinator
T002233,sofia.su390@outlook.com,2025-05-12,74,79.96,Sofia Su,1-437-913-7762,N,,,,,,,
T002257,sofia.su390@outlook.com,2025-05-14,86,58.96,Sofia Su,1-437-913-7762,N,,,,,,,
T002321,sofia.su390@outlook.com,2025-05-19,138,111.73,Sofia Su,1-437-913-7762,N,,,,,,,
T002370,sofia.su390@outlook.com,2025-05-24,89,38.47,Sofia Su,1-437-913-7762,N,,,,,,,
T002725,sofia.su390@outlook.com,2025-06-19,88,91.45,Sofia Su,1-437-913-7762,N,,,,,,,
T003026,sofia.su390@outlook.com,2025-07-11,88,66.7,Sofia Su,1-437-913-7762,N,,,,,,,
T003053,sofia.su390@outlook.com,2025-07-12,123,139.45,Sofia Su,1-437-913-7762,N,,,,,,,
T003865,sofia.su390@outlook.com,2025-09-04,121,113.92,Sofia Su,1-437-913-7762,N,,,,,,,
T004229,sofia.su390@outlook.com,2025-10-04,114,34.47,Sofia Su,1-437-913-7762,N,,,,,,,
T004409,sofia.su390@outlook.com,2025-10-21,154,88.46,Sofia Su,1-437-913-7762,N,,,,,,,
T000254,sofia.su469@yahoo.com,2024-11-19,104,21.49,Sofia Su,1-416-31-3528,Y,L000470,Frequent,7331,Non-binary,19,2006-10-28,Electrician
T000291,sofia.su469@yahoo.com,2024-11-22,155,138.99,Sofia Su,1-416-31-3528,Y,L000470,Frequent,7331,Non-binary,19,2006-10-28,Electrician
T000520,sofia.su469@yahoo.com,2024-12-09,112,74.97,Sofia Su,1-416-31-3528,Y,L000470,Frequent,7331,Non-binary,19,2006-10-28,Electrician
T000967,sofia.su469@yahoo.com,2025-01-14,166,27.28,Sofia Su,1-416-31-3528,Y,L000470,Frequent,7331,Non-binary,19,2006-10-28,Electrician
T002215,sofia.su469@yahoo.com,2025-05-10,128,24.98,Sofia Su,1-416-31-3528,Y,L000470,Frequent,7331,Non-binary,19,2006-10-28,Electrician
T002939,sofia.su469@yahoo.com,2025-07-04,137,79.92,Sofia Su,1-416-31-3528,Y,L000470,Frequent,7331,Non-binary,19,2006-10-28,Electrician
T002966,sofia.su469@yahoo.com,2025-07-06,95,239.08,Sofia Su,1-416-31-3528,Y,L000470,Frequent,7331,Non-binary,19,2006-10-28,Electrician
T003513,sofia.su469@yahoo.com,2025-08-12,92,126.46,Sofia Su,1-416-31-3528,Y,L000470,Frequent,7331,Non-binary,19,2006-10-28,Electrician
T000103,sofia.taylor471@icloud.com,2024-11-06,57,28.27,Sofia Taylor,1-365-375-7311,Y,L000472,Frequent,7390,Non-binary,42,1983-03-18,Graphic Designer
T001889,sofia.taylor471@icloud.com,2025-04-13,122,18.48,Sofia Taylor,1-365-375-7311,Y,L000472,Frequent,7390,Non-binary,42,1983-03-18,Graphic Designer
T002187,sofia.taylor471@icloud.com,2025-05-08,106,147.39,Sofia Taylor,1-365-375-7311,Y,L000472,Frequent,7390,Non-binary,42,1983-03-18,Graphic Designer
T002288,sofia.taylor471@icloud.com,2025-05-17,140,99.95,Sofia Taylor,1-365-375-7311,Y,L000472,Frequent,7390,Non-binary,42,1983-03-18,Graphic Designer
T002339,sofia.taylor471@icloud.com,2025-05-21,134,195.63,Sofia Taylor,1-365-375-7311,Y,L000472,Frequent,7390,Non-binary,42,1983-03-18,Graphic Designer
T003125,sofia.taylor471@icloud.com,2025-07-18,123,55.22,Sofia Taylor,1-365-375-7311,Y,L000472,Frequent,7390,Non-binary,42,1983-03-18,Graphic Designer
T003342,sofia.taylor471@icloud.com,2025-08-01,92,22.46,Sofia Taylor,1-365-375-7311,Y,L000472,Frequent,7390,Non-binary,42,1983-03-18,Graphic Designer
T003440,sofia.taylor471@icloud.com,2025-08-08,106,25.47,Sofia Taylor,1-365-375-7311,Y,L000472,Frequent,7390,Non-binary,42,1983-03-18,Graphic Designer
T003734,sofia.taylor471@icloud.com,2025-08-27,99,55.78,Sofia Taylor,1-365-375-7311,Y,L000472,Frequent,7390,Non-binary,42,1983-03-18,Graphic Designer
T003981,sofia.taylor471@icloud.com,2025-09-14,100,75.43,Sofia Taylor,1-365-375-7311,Y,L000472,Frequent,7390,Non-binary,42,1983-03-18,Graphic Designer
T004167,sofia.taylor471@icloud.com,2025-09-29,68,11.48,Sofia Taylor,1-365-375-7311,Y,L000472,Frequent,7390,Non-binary,42,1983-03-18,Graphic Designer
T004452,sofia.taylor471@icloud.com,2025-10-25,155,3.49,Sofia Taylor,1-365-375-7311,Y,L000472,Frequent,7390,Non-binary,42,1983-03-18,Graphic Designer
T000654,sofia.thompson155@icloud.com,2024-12-17,89,16.98,Sofia Thompson,1-437-362-1743,N,,,,,,,
T000841,sofia.thompson155@icloud.com,2024-12-29,92,102.82,Sofia Thompson,1-437-362-1743,N,,,,,,,
T001173,sofia.thompson155@icloud.com,2025-02-05,81,62.93,Sofia Thompson,1-437-362-1743,N,,,,,,,
T001823,sofia.thompson155@icloud.com,2025-04-07,79,25.98,Sofia Thompson,1-437-362-1743,N,,,,,,,
T002024,sofia.thompson155@icloud.com,2025-04-26,145,175.91,Sofia Thompson,1-437-362-1743,N,,,,,,,
T002063,sofia.thompson155@icloud.com,2025-04-28,146,74.46,Sofia Thompson,1-437-362-1743,N,,,,,,,
T002238,sofia.thompson155@icloud.com,2025-05-12,131,95.93,Sofia Thompson,1-437-362-1743,N,,,,,,,
T002495,sofia.thompson155@icloud.com,2025-06-03,106,113.91,Sofia Thompson,1-437-362-1743,N,,,,,,,
T002543,sofia.thompson155@icloud.com,2025-06-08,85,78.98,Sofia Thompson,1-437-362-1743,N,,,,,,,
T003594,sofia.thompson155@icloud.com,2025-08-18,52,9.99,Sofia Thompson,1-437-362-1743,N,,,,,,,
T003780,sofia.thompson155@icloud.com,2025-08-30,121,102.43,Sofia Thompson,1-437-362-1743,N,,,,,,,
T003969,sofia.thompson155@icloud.com,2025-09-13,119,89.43,Sofia Thompson,1-437-362-1743,N,,,,,,,
T004039,sofia.thompson155@icloud.com,2025-09-20,44,85.93,Sofia Thompson,1-437-362-1743,N,,,,,,,
T004185,sofia.thompson155@icloud.com,2025-10-01,125,82.44,Sofia Thompson,1-437-362-1743,N,,,,,,,
T004414,sofia.thompson155@icloud.com,2025-10-21,72,46.48,Sofia Thompson,1-437-362-1743,N,,,,,,,
T000180,sophia.chan181@outlook.com,2024-11-12,44,76.46,Sophia Chan,1-905-397-2163,N,,,,,,,
T000294,sophia.chan181@outlook.com,2024-11-23,111,163.18,Sophia Chan,1-905-397-2163,N,,,,,,,
T000754,sophia.chan181@outlook.com,2024-12-24,106,64.47,Sophia Chan,1-905-397-2163,N,,,,,,,
T000970,sophia.chan181@outlook.com,2025-01-14,83,50.96,Sophia Chan,1-905-397-2163,N,,,,,,,
T002354,sophia.chan181@outlook.com,2025-05-23,127,166.24,Sophia Chan,1-905-397-2163,N,,,,,,,
T003203,sophia.chan181@outlook.com,2025-07-23,79,33.49,Sophia Chan,1-905-397-2163,N,,,,,,,
T003527,sophia.chan181@outlook.com,2025-08-14,128,86.32,Sophia Chan,1-905-397-2163,N,,,,,,,
T003812,sophia.chan181@outlook.com,2025-08-31,64,12.28,Sophia Chan,1-905-397-2163,N,,,,,,,
T004051,sophia.chan181@outlook.com,2025-09-21,105,36.97,Sophia Chan,1-905-397-2163,N,,,,,,,
T000333,sophia.ivanov110@hotmail.com,2024-11-27,77,36.48,Sophia Ivanov,1-647-483-7332,Y,L000111,Frequent,7219,Female,38,1987-07-27,Truck Driver
T001500,sophia.ivanov110@hotmail.com,2025-03-11,100,66.44,Sophia Ivanov,1-647-483-7332,Y,L000111,Frequent,7219,Female,38,1987-07-27,Truck Driver
T001555,sophia.ivanov110@hotmail.com,2025-03-16,133,233.65,Sophia Ivanov,1-647-483-7332,Y,L000111,Frequent,7219,Female,38,1987-07-27,Truck Driver
T001999,sophia.ivanov110@hotmail.com,2025-04-23,85,115.09,Sophia Ivanov,1-647-483-7332,Y,L000111,Frequent,7219,Female,38,1987-07-27,Truck Driver
T003150,sophia.ivanov110@hotmail.com,2025-07-19,133,60.75,Sophia Ivanov,1-647-483-7332,Y,L000111,Frequent,7219,Female,38,1987-07-27,Truck Driver
T004201,sophia.ivanov110@hotmail.com,2025-10-02,106,209.51,Sophia Ivanov,1-647-483-7332,Y,L000111,Frequent,7219,Female,38,1987-07-27,Truck Driver
T000055,sophia.kowalski234@outlook.com,2024-11-02,122,101.45,Sophia Kowalski,1-365-87-6132,N,,,,,,,
T001251,sophia.kowalski234@outlook.com,2025-02-14,93,91.95,Sophia Kowalski,1-365-87-6132,N,,,,,,,
T001508,sophia.kowalski234@outlook.com,2025-03-12,66,11.98,Sophia Kowalski,1-365-87-6132,N,,,,,,,
T001527,sophia.kowalski234@outlook.com,2025-03-13,56,46.97,Sophia Kowalski,1-365-87-6132,N,,,,,,,
T001757,sophia.kowalski234@outlook.com,2025-04-02,103,46.96,Sophia Kowalski,1-365-87-6132,N,,,,,,,
T001822,sophia.kowalski234@outlook.com,2025-04-07,54,102.45,Sophia Kowalski,1-365-87-6132,N,,,,,,,
T001897,sophia.kowalski234@outlook.com,2025-04-14,70,75.45,Sophia Kowalski,1-365-87-6132,N,,,,,,,
T003174,sophia.kowalski234@outlook.com,2025-07-21,116,36.97,Sophia Kowalski,1-365-87-6132,N,,,,,,,
T003309,sophia.kowalski234@outlook.com,2025-07-29,77,60.97,Sophia Kowalski,1-365-87-6132,N,,,,,,,
T003834,sophia.kowalski234@outlook.com,2025-09-02,93,38.54,Sophia Kowalski,1-365-87-6132,N,,,,,,,
T003918,sophia.kowalski234@outlook.com,2025-09-07,59,71.94,Sophia Kowalski,1-365-87-6132,N,,,,,,,
T004149,sophia.kowalski234@outlook.com,2025-09-28,68,133.18,Sophia Kowalski,1-365-87-6132,N,,,,,,,
T000071,sophia.lam209@yahoo.com,2024-11-03,114,52.46,Sophia Lam,1-437-392-1777,Y,L000210,Frequent,5646,Female,31,1994-11-08,Barista
T002037,sophia.lam209@yahoo.com,2025-04-27,145,65.53,Sophia Lam,1-437-392-1777,Y,L000210,Frequent,5646,Female,31,1994-11-08,Barista
T002897,sophia.lam209@yahoo.com,2025-06-30,85,53.96,Sophia Lam,1-437-392-1777,Y,L000210,Frequent,5646,Female,31,1994-11-08,Barista
T003158,sophia.lam209@yahoo.com,2025-07-20,118,79.54,Sophia Lam,1-437-392-1777,Y,L000210,Frequent,5646,Female,31,1994-11-08,Barista
T003916,sophia.lam209@yahoo.com,2025-09-07,109,155.89,Sophia Lam,1-437-392-1777,Y,L000210,Frequent,5646,Female,31,1994-11-08,Barista
T004172,sophia.lam209@yahoo.com,2025-09-30,126,142.53,Sophia Lam,1-437-392-1777,Y,L000210,Frequent,5646,Female,31,1994-11-08,Barista
T004247,sophia.lam209@yahoo.com,2025-10-06,57,14.78,Sophia Lam,1-437-392-1777,Y,L000210,Frequent,5646,Female,31,1994-11-08,Barista
T001697,sophia.nguyen104@outlook.com,2025-03-28,132,183.41,Sophia Nguyen,1-647-752-9957,N,,,,,,,
T001776,sophia.nguyen104@outlook.com,2025-04-04,111,84.46,Sophia Nguyen,1-647-752-9957,N,,,,,,,
T002779,sophia.nguyen104@outlook.com,2025-06-22,83,20.99,Sophia Nguyen,1-647-752-9957,N,,,,,,,
T003134,sophia.nguyen104@outlook.com,2025-07-19,49,122.41,Sophia Nguyen,1-647-752-9957,N,,,,,,,
T003319,sophia.nguyen104@outlook.com,2025-07-30,117,131.42,Sophia Nguyen,1-647-752-9957,N,,,,,,,
T004422,sophia.nguyen104@outlook.com,2025-10-22,95,38.46,Sophia Nguyen,1-647-752-9957,N,,,,,,,
T000330,sophia.nguyen424@yahoo.com,2024-11-26,87,111.92,Sophia Nguyen,1-647-837-1094,Y,L000425,Frequent,6461,Female,30,1995-01-08,Software Engineer
T001733,sophia.nguyen424@yahoo.com,2025-03-31,157,28.47,Sophia Nguyen,1-647-837-1094,Y,L000425,Frequent,6461,Female,30,1995-01-08,Software Engineer
T002862,sophia.nguyen424@yahoo.com,2025-06-28,154,18.98,Sophia Nguyen,1-647-837-1094,Y,L000425,Frequent,6461,Female,30,1995-01-08,Software Engineer
T003264,sophia.nguyen424@yahoo.com,2025-07-27,208,95.23,Sophia Nguyen,1-647-837-1094,Y,L000425,Frequent,6461,Female,30,1995-01-08,Software Engineer
T003660,sophia.nguyen424@yahoo.com,2025-08-23,89,104.71,Sophia Nguyen,1-647-837-1094,Y,L000425,Frequent,6461,Female,30,1995-01-08,Software Engineer
T004107,sophia.nguyen424@yahoo.com,2025-09-25,147,17.98,Sophia Nguyen,1-647-837-1094,Y,L000425,Frequent,6461,Female,30,1995-01-08,Software Engineer
T004306,sophia.nguyen424@yahoo.com,2025-10-11,61,107.4,Sophia Nguyen,1-647-837-1094,Y,L000425,Frequent,6461,Female,30,1995-01-08,Software Engineer
T004443,sophia.nguyen424@yahoo.com,2025-10-24,71,161.41,Sophia Nguyen,1-647-837-1094,Y,L000425,Frequent,6461,Female,30,1995-01-08,Software Engineer
T000082,sophia.park321@hotmail.com,2024-11-04,120,163.93,Sophia Park,1-289-885-1351,Y,L000322,Very Frequent,12551,Male,19,2006-03-15,Electrician
T000262,sophia.park321@hotmail.com,2024-11-20,67,86.49,Sophia Park,1-289-885-1351,Y,L000322,Very Frequent,12551,Male,19,2006-03-15,Electrician
T001396,sophia.park321@hotmail.com,2025-03-01,120,15.78,Sophia Park,1-289-885-1351,Y,L000322,Very Frequent,12551,Male,19,2006-03-15,Electrician
T001646,sophia.park321@hotmail.com,2025-03-23,180,288.63,Sophia Park,1-289-885-1351,Y,L000322,Very Frequent,12551,Male,19,2006-03-15,Electrician
T001779,sophia.park321@hotmail.com,2025-04-04,114,76.95,Sophia Park,1-289-885-1351,Y,L000322,Very Frequent,12551,Male,19,2006-03-15,Electrician
T002108,sophia.park321@hotmail.com,2025-05-02,105,50.96,Sophia Park,1-289-885-1351,Y,L000322,Very Frequent,12551,Male,19,2006-03-15,Electrician
T002151,sophia.park321@hotmail.com,2025-05-05,60,82.22,Sophia Park,1-289-885-1351,Y,L000322,Very Frequent,12551,Male,19,2006-03-15,Electrician
T002476,sophia.park321@hotmail.com,2025-06-02,129,134.43,Sophia Park,1-289-885-1351,Y,L000322,Very Frequent,12551,Male,19,2006-03-15,Electrician
T002730,sophia.park321@hotmail.com,2025-06-19,107,88.96,Sophia Park,1-289-885-1351,Y,L000322,Very Frequent,12551,Male,19,2006-03-15,Electrician
T003039,sophia.park321@hotmail.com,2025-07-12,131,64.96,Sophia Park,1-289-885-1351,Y,L000322,Very Frequent,12551,Male,19,2006-03-15,Electrician
T003373,sophia.park321@hotmail.com,2025-08-03,82,36.97,Sophia Park,1-289-885-1351,Y,L000322,Very Frequent,12551,Male,19,2006-03-15,Electrician
T004049,sophia.park321@hotmail.com,2025-09-20,163,108.42,Sophia Park,1-289-885-1351,Y,L000322,Very Frequent,12551,Male,19,2006-03-15,Electrician
T004073,sophia.park321@hotmail.com,2025-09-22,123,56.47,Sophia Park,1-289-885-1351,Y,L000322,Very Frequent,12551,Male,19,2006-03-15,Electrician
T000633,sophia.park387@icloud.com,2024-12-15,94,115.97,Sophia Park,1-647-128-1178,N,,,,,,,
T001333,sophia.park387@icloud.com,2025-02-23,94,6.98,Sophia Park,1-647-128-1178,N,,,,,,,
T002033,sophia.park387@icloud.com,2025-04-26,123,43.07,Sophia Park,1-647-128-1178,N,,,,,,,
T002210,sophia.park387@icloud.com,2025-05-10,50,10.07,Sophia Park,1-647-128-1178,N,,,,,,,
T002264,sophia.park387@icloud.com,2025-05-15,137,153.52,Sophia Park,1-647-128-1178,N,,,,,,,
T002452,sophia.park387@icloud.com,2025-06-01,160,73.97,Sophia Park,1-647-128-1178,N,,,,,,,
T002972,sophia.park387@icloud.com,2025-07-06,186,48.76,Sophia Park,1-647-128-1178,N,,,,,,,
T003463,sophia.park387@icloud.com,2025-08-10,141,220.37,Sophia Park,1-647-128-1178,N,,,,,,,
T003553,sophia.park387@icloud.com,2025-08-15,115,2.99,Sophia Park,1-647-128-1178,N,,,,,,,
T004026,sophia.park387@icloud.com,2025-09-19,121,88.43,Sophia Park,1-647-128-1178,N,,,,,,,
T004054,sophia.park387@icloud.com,2025-09-21,94,81.52,Sophia Park,1-647-128-1178,N,,,,,,,
T004284,sophia.park387@icloud.com,2025-10-09,150,285.33,Sophia Park,1-647-128-1178,N,,,,,,,
T000157,sophia.rodriguez29@yahoo.com,2024-11-10,69,129.24,Sophia Rodriguez,1-365-624-9804,N,,,,,,,
T001027,sophia.rodriguez29@yahoo.com,2025-01-19,110,209.95,Sophia Rodriguez,1-365-624-9804,N,,,,,,,
T002124,sophia.rodriguez29@yahoo.com,2025-05-03,136,20.48,Sophia Rodriguez,1-365-624-9804,N,,,,,,,
T003953,sophia.rodriguez29@yahoo.com,2025-09-10,108,41.46,Sophia Rodriguez,1-365-624-9804,N,,,,,,,
T004358,sophia.rodriguez29@yahoo.com,2025-10-17,137,51.46,Sophia Rodriguez,1-365-624-9804,N,,,,,,,
T000972,sophia.singh432@hotmail.com,2025-01-14,103,86.94,Sophia Singh,1-365-72-3583,N,,,,,,,
T001151,sophia.singh432@hotmail.com,2025-02-02,84,93.46,Sophia Singh,1-365-72-3583,N,,,,,,,
T001428,sophia.singh432@hotmail.com,2025-03-05,78,19.98,Sophia Singh,1-365-72-3583,N,,,,,,,
T001838,sophia.singh432@hotmail.com,2025-04-09,189,285.8,Sophia Singh,1-365-72-3583,N,,,,,,,
T002120,sophia.singh432@hotmail.com,2025-05-03,84,147.41,Sophia Singh,1-365-72-3583,N,,,,,,,
T002163,sophia.singh432@hotmail.com,2025-05-06,74,229.84,Sophia Singh,1-365-72-3583,N,,,,,,,
T002437,sophia.singh432@hotmail.com,2025-05-30,174,184.88,Sophia Singh,1-365-72-3583,N,,,,,,,
T002691,sophia.singh432@hotmail.com,2025-06-17,119,35.97,Sophia Singh,1-365-72-3583,N,,,,,,,
T002770,sophia.singh432@hotmail.com,2025-06-22,155,71.49,Sophia Singh,1-365-72-3583,N,,,,,,,
T003759,sophia.singh432@hotmail.com,2025-08-29,117,3.29,Sophia Singh,1-365-72-3583,N,,,,,,,
T004076,sophia.singh432@hotmail.com,2025-09-22,112,135.97,Sophia Singh,1-365-72-3583,N,,,,,,,
T000150,sophia.tremblay269@gmail.com,2024-11-10,151,6.98,Sophia Tremblay,1-905-565-4705,Y,L000270,Very Frequent,9008,Female,18,2007-03-12,Barista
T000177,sophia.tremblay269@gmail.com,2024-11-11,101,77.44,Sophia Tremblay,1-905-565-4705,Y,L000270,Very Frequent,9008,Female,18,2007-03-12,Barista
T000788,sophia.tremblay269@gmail.com,2024-12-27,125,143.94,Sophia Tremblay,1-905-565-4705,Y,L000270,Very Frequent,9008,Female,18,2007-03-12,Barista
T001732,sophia.tremblay269@gmail.com,2025-03-31,140,36.48,Sophia Tremblay,1-905-565-4705,Y,L000270,Very Frequent,9008,Female,18,2007-03-12,Barista
T001952,sophia.tremblay269@gmail.com,2025-04-19,59,67.95,Sophia Tremblay,1-905-565-4705,Y,L000270,Very Frequent,9008,Female,18,2007-03-12,Barista
T002204,sophia.tremblay269@gmail.com,2025-05-10,66,28.98,Sophia Tremblay,1-905-565-4705,Y,L000270,Very Frequent,9008,Female,18,2007-03-12,Barista
T003122,sophia.tremblay269@gmail.com,2025-07-18,69,197.74,Sophia Tremblay,1-905-565-4705,Y,L000270,Very Frequent,9008,Female,18,2007-03-12,Barista
T003337,sophia.tremblay269@gmail.com,2025-08-01,120,103.43,Sophia Tremblay,1-905-565-4705,Y,L000270,Very Frequent,9008,Female,18,2007-03-12,Barista
T003486,sophia.tremblay269@gmail.com,2025-08-11,60,153.37,Sophia Tremblay,1-905-565-4705,Y,L000270,Very Frequent,9008,Female,18,2007-03-12,Barista
T004121,sophia.tremblay269@gmail.com,2025-09-26,96,84.49,Sophia Tremblay,1-905-565-4705,Y,L000270,Very Frequent,9008,Female,18,2007-03-12,Barista
T000369,sophia.white264@hotmail.com,2024-11-30,128,25.48,Sophia White,1-289-680-1753,N,,,,,,,
T000794,sophia.white264@hotmail.com,2024-12-27,73,52.96,Sophia White,1-289-680-1753,N,,,,,,,
T002732,sophia.white264@hotmail.com,2025-06-20,119,94.43,Sophia White,1-289-680-1753,N,,,,,,,
T003047,sophia.white264@hotmail.com,2025-07-12,72,199.33,Sophia White,1-289-680-1753,N,,,,,,,
T003268,sophia.white264@hotmail.com,2025-07-27,79,74.46,Sophia White,1-289-680-1753,N,,,,,,,
T003921,sophia.white264@hotmail.com,2025-09-07,78,107.79,Sophia White,1-289-680-1753,N,,,,,,,
T003933,sophia.white264@hotmail.com,2025-09-09,68,15.98,Sophia White,1-289-680-1753,N,,,,,,,
T004096,sophia.white264@hotmail.com,2025-09-24,81,121.42,Sophia White,1-289-680-1753,N,,,,,,,
T000646,victoria.anderson348@gmail.com,2024-12-16,163,127.23,Victoria Anderson,1-437-364-1880,Y,L000349,Frequent,5077,Male,18,2007-07-08,Marketing Specialist
T001722,victoria.anderson348@gmail.com,2025-03-30,98,64.94,Victoria Anderson,1-437-364-1880,Y,L000349,Frequent,5077,Male,18,2007-07-08,Marketing Specialist
T003353,victoria.anderson348@gmail.com,2025-08-02,72,50.97,Victoria Anderson,1-437-364-1880,Y,L000349,Frequent,5077,Male,18,2007-07-08,Marketing Specialist
T003354,victoria.anderson348@gmail.com,2025-08-02,145,69.26,Victoria Anderson,1-437-364-1880,Y,L000349,Frequent,5077,Male,18,2007-07-08,Marketing Specialist
T003965,victoria.anderson348@gmail.com,2025-09-12,69,71.45,Victoria Anderson,1-437-364-1880,Y,L000349,Frequent,5077,Male,18,2007-07-08,Marketing Specialist
T004458,victoria.anderson348@gmail.com,2025-10-25,126,123.85,Victoria Anderson,1-437-364-1880,Y,L000349,Frequent,5077,Male,18,2007-07-08,Marketing Specialist
T000226,victoria.anderson404@icloud.com,2024-11-16,63,17.98,Victoria Anderson,1-365-516-9503,N,,,,,,,
T001537,victoria.anderson404@icloud.com,2025-03-14,71,76.96,Victoria Anderson,1-365-516-9503,N,,,,,,,
T001637,victoria.anderson404@icloud.com,2025-03-23,98,53.45,Victoria Anderson,1-365-516-9503,N,,,,,,,
T001827,victoria.anderson404@icloud.com,2025-04-08,109,195.49,Victoria Anderson,1-365-516-9503,N,,,,,,,
T001830,victoria.anderson404@icloud.com,2025-04-08,123,26.47,Victoria Anderson,1-365-516-9503,N,,,,,,,
T002453,victoria.anderson404@icloud.com,2025-06-01,131,123.19,Victoria Anderson,1-365-516-9503,N,,,,,,,
T002815,victoria.anderson404@icloud.com,2025-06-25,126,56.77,Victoria Anderson,1-365-516-9503,N,,,,,,,
T002988,victoria.anderson404@icloud.com,2025-07-07,153,44.99,Victoria Anderson,1-365-516-9503,N,,,,,,,
T003631,victoria.anderson404@icloud.com,2025-08-21,123,112.43,Victoria Anderson,1-365-516-9503,N,,,,,,,
T000682,victoria.huang183@outlook.com,2024-12-19,86,3.29,Victoria Huang,1-289-616-5265,Y,L000184,Frequent,4853,Female,24,2001-06-08,Customer Service Rep
T001170,victoria.huang183@outlook.com,2025-02-05,77,99.43,Victoria Huang,1-289-616-5265,Y,L000184,Frequent,4853,Female,24,2001-06-08,Customer Service Rep
T001207,victoria.huang183@outlook.com,2025-02-08,114,250.13,Victoria Huang,1-289-616-5265,Y,L000184,Frequent,4853,Female,24,2001-06-08,Customer Service Rep
T001512,victoria.huang183@outlook.com,2025-03-12,103,31.96,Victoria Huang,1-289-616-5265,Y,L000184,Frequent,4853,Female,24,2001-06-08,Customer Service Rep
T001611,victoria.huang183@outlook.com,2025-03-21,117,45.75,Victoria Huang,1-289-616-5265,Y,L000184,Frequent,4853,Female,24,2001-06-08,Customer Service Rep
T003446,victoria.huang183@outlook.com,2025-08-09,122,36.46,Victoria Huang,1-289-616-5265,Y,L000184,Frequent,4853,Female,24,2001-06-08,Customer Service Rep
T003786,victoria.huang183@outlook.com,2025-08-30,67,18.28,Victoria Huang,1-289-616-5265,Y,L000184,Frequent,4853,Female,24,2001-06-08,Customer Service Rep
T000251,victoria.ivanov472@hotmail.com,2024-11-19,106,42.56,Victoria Ivanov,1-416-826-6073,Y,L000473,Very Frequent,9605,Prefer not to say,30,1995-09-11,Product Manager
T000355,victoria.ivanov472@hotmail.com,2024-11-29,86,97.95,Victoria Ivanov,1-416-826-6073,Y,L000473,Very Frequent,9605,Prefer not to say,30,1995-09-11,Product Manager
T000486,victoria.ivanov472@hotmail.com,2024-12-06,86,42.95,Victoria Ivanov,1-416-826-6073,Y,L000473,Very Frequent,9605,Prefer not to say,30,1995-09-11,Product Manager
T000838,victoria.ivanov472@hotmail.com,2024-12-29,67,89.93,Victoria Ivanov,1-416-826-6073,Y,L000473,Very Frequent,9605,Prefer not to say,30,1995-09-11,Product Manager
T000940,victoria.ivanov472@hotmail.com,2025-01-11,102,110.42,Victoria Ivanov,1-416-826-6073,Y,L000473,Very Frequent,9605,Prefer not to say,30,1995-09-11,Product Manager
T001066,victoria.ivanov472@hotmail.com,2025-01-24,48,132.4,Victoria Ivanov,1-416-826-6073,Y,L000473,Very Frequent,9605,Prefer not to say,30,1995-09-11,Product Manager
T001436,victoria.ivanov472@hotmail.com,2025-03-05,73,33.98,Victoria Ivanov,1-416-826-6073,Y,L000473,Very Frequent,9605,Prefer not to say,30,1995-09-11,Product Manager
T001924,victoria.ivanov472@hotmail.com,2025-04-17,64,31.96,Victoria Ivanov,1-416-826-6073,Y,L000473,Very Frequent,9605,Prefer not to say,30,1995-09-11,Product Manager
T002220,victoria.ivanov472@hotmail.com,2025-05-11,125,134.92,Victoria Ivanov,1-416-826-6073,Y,L000473,Very Frequent,9605,Prefer not to say,30,1995-09-11,Product Manager
T003091,victoria.ivanov472@hotmail.com,2025-07-15,122,69.34,Victoria Ivanov,1-416-826-6073,Y,L000473,Very Frequent,9605,Prefer not to say,30,1995-09-11,Product Manager
T003281,victoria.ivanov472@hotmail.com,2025-07-27,121,46.96,Victoria Ivanov,1-416-826-6073,Y,L000473,Very Frequent,9605,Prefer not to say,30,1995-09-11,Product Manager
T003948,victoria.ivanov472@hotmail.com,2025-09-10,88,127.13,Victoria Ivanov,1-416-826-6073,Y,L000473,Very Frequent,9605,Prefer not to say,30,1995-09-11,Product Manager
T000434,victoria.lee138@icloud.com,2024-12-03,129,91.42,Victoria Lee,1-647-804-3975,N,,,,,,,
T000980,victoria.lee138@icloud.com,2025-01-15,140,121.89,Victoria Lee,1-647-804-3975,N,,,,,,,
T001379,victoria.lee138@icloud.com,2025-03-01,56,128.92,Victoria Lee,1-647-804-3975,N,,,,,,,
T001514,victoria.lee138@icloud.com,2025-03-12,106,113.0,Victoria Lee,1-647-804-3975,N,,,,,,,
T001657,victoria.lee138@icloud.com,2025-03-24,147,125.72,Victoria Lee,1-647-804-3975,N,,,,,,,
T002167,victoria.lee138@icloud.com,2025-05-06,93,83.03,Victoria Lee,1-647-804-3975,N,,,,,,,
T000722,victoria.lee331@outlook.com,2024-12-22,109,99.93,Victoria Lee,1-365-766-4933,Y,L000332,Very Frequent,13096,Male,18,2007-09-27,Graphic Designer
T001049,victoria.lee331@outlook.com,2025-01-23,126,124.92,Victoria Lee,1-365-766-4933,Y,L000332,Very Frequent,13096,Male,18,2007-09-27,Graphic Designer
T001178,victoria.lee331@outlook.com,2025-02-06,121,75.45,Victoria Lee,1-365-766-4933,Y,L000332,Very Frequent,13096,Male,18,2007-09-27,Graphic Designer
T001191,victoria.lee331@outlook.com,2025-02-07,55,103.47,Victoria Lee,1-365-766-4933,Y,L000332,Very Frequent,13096,Male,18,2007-09-27,Graphic Designer
T001614,victoria.lee331@outlook.com,2025-03-21,98,4.99,Victoria Lee,1-365-766-4933,Y,L000332,Very Frequent,13096,Male,18,2007-09-27,Graphic Designer
T001690,victoria.lee331@outlook.com,2025-03-27,65,24.77,Victoria Lee,1-365-766-4933,Y,L000332,Very Frequent,13096,Male,18,2007-09-27,Graphic Designer
T001908,victoria.lee331@outlook.com,2025-04-15,151,145.9,Victoria Lee,1-365-766-4933,Y,L000332,Very Frequent,13096,Male,18,2007-09-27,Graphic Designer
T002611,victoria.lee331@outlook.com,2025-06-12,71,36.96,Victoria Lee,1-365-766-4933,Y,L000332,Very Frequent,13096,Male,18,2007-09-27,Graphic Designer
T002806,victoria.lee331@outlook.com,2025-06-24,64,106.91,Victoria Lee,1-365-766-4933,Y,L000332,Very Frequent,13096,Male,18,2007-09-27,Graphic Designer
T003093,victoria.lee331@outlook.com,2025-07-15,106,108.94,Victoria Lee,1-365-766-4933,Y,L000332,Very Frequent,13096,Male,18,2007-09-27,Graphic Designer
T003173,victoria.lee331@outlook.com,2025-07-21,120,48.83,Victoria Lee,1-365-766-4933,Y,L000332,Very Frequent,13096,Male,18,2007-09-27,Graphic Designer
T003428,victoria.lee331@outlook.com,2025-08-07,58,32.46,Victoria Lee,1-365-766-4933,Y,L000332,Very Frequent,13096,Male,18,2007-09-27,Graphic Designer
T003480,victoria.lee331@outlook.com,2025-08-10,164,166.43,Victoria Lee,1-365-766-4933,Y,L000332,Very Frequent,13096,Male,18,2007-09-27,Graphic Designer
T003488,victoria.lee331@outlook.com,2025-08-11,73,32.55,Victoria Lee,1-365-766-4933,Y,L000332,Very Frequent,13096,Male,18,2007-09-27,Graphic Designer
T003706,victoria.lee331@outlook.com,2025-08-25,115,77.96,Victoria Lee,1-365-766-4933,Y,L000332,Very Frequent,13096,Male,18,2007-09-27,Graphic Designer
T003872,victoria.lee331@outlook.com,2025-09-05,122,119.22,Victoria Lee,1-365-766-4933,Y,L000332,Very Frequent,13096,Male,18,2007-09-27,Graphic Designer
T000167,victoria.liu309@hotmail.com,2024-11-10,34,24.77,Victoria Liu,1-647-26-9417,Y,L000310,Very Frequent,8496,Male,49,1976-04-23,Product Manager
T000541,victoria.liu309@hotmail.com,2024-12-10,126,70.45,Victoria Liu,1-647-26-9417,Y,L000310,Very Frequent,8496,Male,49,1976-04-23,Product Manager
T000742,victoria.liu309@hotmail.com,2024-12-24,133,154.9,Victoria Liu,1-647-26-9417,Y,L000310,Very Frequent,8496,Male,49,1976-04-23,Product Manager
T000758,victoria.liu309@hotmail.com,2024-12-25,116,60.46,Victoria Liu,1-647-26-9417,Y,L000310,Very Frequent,8496,Male,49,1976-04-23,Product Manager
T000878,victoria.liu309@hotmail.com,2025-01-02,80,11.99,Victoria Liu,1-647-26-9417,Y,L000310,Very Frequent,8496,Male,49,1976-04-23,Product Manager
T001043,victoria.liu309@hotmail.com,2025-01-22,88,76.23,Victoria Liu,1-647-26-9417,Y,L000310,Very Frequent,8496,Male,49,1976-04-23,Product Manager
T001535,victoria.liu309@hotmail.com,2025-03-14,110,40.49,Victoria Liu,1-647-26-9417,Y,L000310,Very Frequent,8496,Male,49,1976-04-23,Product Manager
T001975,victoria.liu309@hotmail.com,2025-04-21,115,80.28,Victoria Liu,1-647-26-9417,Y,L000310,Very Frequent,8496,Male,49,1976-04-23,Product Manager
T002491,victoria.liu309@hotmail.com,2025-06-03,93,28.48,Victoria Liu,1-647-26-9417,Y,L000310,Very Frequent,8496,Male,49,1976-04-23,Product Manager
T003569,victoria.liu309@hotmail.com,2025-08-16,111,118.71,Victoria Liu,1-647-26-9417,Y,L000310,Very Frequent,8496,Male,49,1976-04-23,Product Manager
T003825,victoria.liu309@hotmail.com,2025-09-01,118,182.85,Victoria Liu,1-647-26-9417,Y,L000310,Very Frequent,8496,Male,49,1976-04-23,Product Manager
T000098,victoria.martin295@yahoo.com,2024-11-06,110,76.98,Victoria Martin,1-289-873-8815,N,,,,,,,
T000287,victoria.martin295@yahoo.com,2024-11-22,75,9.99,Victoria Martin,1-289-873-8815,N,,,,,,,
T000401,victoria.martin295@yahoo.com,2024-12-01,149,98.9,Victoria Martin,1-289-873-8815,N,,,,,,,
T000642,victoria.martin295@yahoo.com,2024-12-16,77,66.25,Victoria Martin,1-289-873-8815,N,,,,,,,
T000760,victoria.martin295@yahoo.com,2024-12-25,147,153.89,Victoria Martin,1-289-873-8815,N,,,,,,,
T000771,victoria.martin295@yahoo.com,2024-12-26,148,40.96,Victoria Martin,1-289-873-8815,N,,,,,,,
T000920,victoria.martin295@yahoo.com,2025-01-07,159,61.45,Victoria Martin,1-289-873-8815,N,,,,,,,
T001544,victoria.martin295@yahoo.com,2025-03-15,48,46.48,Victoria Martin,1-289-873-8815,N,,,,,,,
T002735,victoria.martin295@yahoo.com,2025-06-20,111,12.49,Victoria Martin,1-289-873-8815,N,,,,,,,
T003700,victoria.martin295@yahoo.com,2025-08-25,147,267.31,Victoria Martin,1-289-873-8815,N,,,,,,,
T004283,victoria.martin295@yahoo.com,2025-10-09,151,13.49,Victoria Martin,1-289-873-8815,N,,,,,,,
T000198,victoria.nowak99@outlook.com,2024-11-14,108,18.28,Victoria Nowak,1-365-419-3408,N,,,,,,,
T000247,victoria.nowak99@outlook.com,2024-11-18,127,209.44,Victoria Nowak,1-365-419-3408,N,,,,,,,
T000997,victoria.nowak99@outlook.com,2025-01-17,64,69.97,Victoria Nowak,1-365-419-3408,N,,,,,,,
T001423,victoria.nowak99@outlook.com,2025-03-04,99,196.89,Victoria Nowak,1-365-419-3408,N,,,,,,,
T001510,victoria.nowak99@outlook.com,2025-03-12,127,83.24,Victoria Nowak,1-365-419-3408,N,,,,,,,
T001950,victoria.nowak99@outlook.com,2025-04-19,41,41.47,Victoria Nowak,1-365-419-3408,N,,,,,,,
T001971,victoria.nowak99@outlook.com,2025-04-20,80,21.29,Victoria Nowak,1-365-419-3408,N,,,,,,,
T002149,victoria.nowak99@outlook.com,2025-05-05,93,62.22,Victoria Nowak,1-365-419-3408,N,,,,,,,
T000023,victoria.roy289@gmail.com,2024-10-30,61,124.41,Victoria Roy,1-416-168-881,Y,L000290,Frequent,5704,Female,24,2001-12-22,Electrician
T000279,victoria.roy289@gmail.com,2024-11-21,110,15.98,Victoria Roy,1-416-168-881,Y,L000290,Frequent,5704,Female,24,2001-12-22,Electrician
T001050,victoria.roy289@gmail.com,2025-01-23,114,12.99,Victoria Roy,1-416-168-881,Y,L000290,Frequent,5704,Female,24,2001-12-22,Electrician
T001921,victoria.roy289@gmail.com,2025-04-17,129,75.74,Victoria Roy,1-416-168-881,Y,L000290,Frequent,5704,Female,24,2001-12-22,Electrician
T002104,victoria.roy289@gmail.com,2025-05-02,128,212.49,Victoria Roy,1-416-168-881,Y,L000290,Frequent,5704,Female,24,2001-12-22,Electrician
T002755,victoria.roy289@gmail.com,2025-06-21,114,89.93,Victoria Roy,1-416-168-881,Y,L000290,Frequent,5704,Female,24,2001-12-22,Electrician
T004069,victoria.roy289@gmail.com,2025-09-22,66,33.96,Victoria Roy,1-416-168-881,Y,L000290,Frequent,5704,Female,24,2001-12-22,Electrician
T004217,victoria.roy289@gmail.com,2025-10-04,91,4.99,Victoria Roy,1-416-168-881,Y,L000290,Frequent,5704,Female,24,2001-12-22,Electrician
T000047,victoria.roy67@hotmail.com,2024-11-01,118,168.85,Victoria Roy,1-905-60-1539,Y,L000068,Very Frequent,12842,Male,21,2004-03-16,Project Manager
T000371,victoria.roy67@hotmail.com,2024-11-30,77,42.47,Victoria Roy,1-905-60-1539,Y,L000068,Very Frequent,12842,Male,21,2004-03-16,Project Manager
T000491,victoria.roy67@hotmail.com,2024-12-07,91,42.95,Victoria Roy,1-905-60-1539,Y,L000068,Very Frequent,12842,Male,21,2004-03-16,Project Manager
T000869,victoria.roy67@hotmail.com,2025-01-01,91,15.57,Victoria Roy,1-905-60-1539,Y,L000068,Very Frequent,12842,Male,21,2004-03-16,Project Manager
T001610,victoria.roy67@hotmail.com,2025-03-21,101,75.43,Victoria Roy,1-905-60-1539,Y,L000068,Very Frequent,12842,Male,21,2004-03-16,Project Manager
T001787,victoria.roy67@hotmail.com,2025-04-05,93,188.66,Victoria Roy,1-905-60-1539,Y,L000068,Very Frequent,12842,Male,21,2004-03-16,Project Manager
T001825,victoria.roy67@hotmail.com,2025-04-07,77,13.48,Victoria Roy,1-905-60-1539,Y,L000068,Very Frequent,12842,Male,21,2004-03-16,Project Manager
T002219,victoria.roy67@hotmail.com,2025-05-11,74,133.42,Victoria Roy,1-905-60-1539,Y,L000068,Very Frequent,12842,Male,21,2004-03-16,Project Manager
T003223,victoria.roy67@hotmail.com,2025-07-24,76,161.41,Victoria Roy,1-905-60-1539,Y,L000068,Very Frequent,12842,Male,21,2004-03-16,Project Manager
T003238,victoria.roy67@hotmail.com,2025-07-25,110,167.15,Victoria Roy,1-905-60-1539,Y,L000068,Very Frequent,12842,Male,21,2004-03-16,Project Manager
T003445,victoria.roy67@hotmail.com,2025-08-08,150,37.47,Victoria Roy,1-905-60-1539,Y,L000068,Very Frequent,12842,Male,21,2004-03-16,Project Manager
T003741,victoria.roy67@hotmail.com,2025-08-28,125,162.93,Victoria Roy,1-905-60-1539,Y,L000068,Very Frequent,12842,Male,21,2004-03-16,Project Manager
T004228,victoria.roy67@hotmail.com,2025-10-04,66,74.45,Victoria Roy,1-905-60-1539,Y,L000068,Very Frequent,12842,Male,21,2004-03-16,Project Manager
T000109,victoria.smith82@outlook.com,2024-11-07,164,219.91,Victoria Smith,1-365-259-4153,N,,,,,,,
T001077,victoria.smith82@outlook.com,2025-01-25,122,84.94,Victoria Smith,1-365-259-4153,N,,,,,,,
T001620,victoria.smith82@outlook.com,2025-03-22,114,104.93,Victoria Smith,1-365-259-4153,N,,,,,,,
T001848,victoria.smith82@outlook.com,2025-04-10,100,29.48,Victoria Smith,1-365-259-4153,N,,,,,,,
T001862,victoria.smith82@outlook.com,2025-04-11,36,164.48,Victoria Smith,1-365-259-4153,N,,,,,,,
T002308,victoria.smith82@outlook.com,2025-05-18,88,138.93,Victoria Smith,1-365-259-4153,N,,,,,,,
T002786,victoria.smith82@outlook.com,2025-06-23,37,105.43,Victoria Smith,1-365-259-4153,N,,,,,,,
T002978,victoria.smith82@outlook.com,2025-07-07,87,65.42,Victoria Smith,1-365-259-4153,N,,,,,,,
T003010,victoria.smith82@outlook.com,2025-07-09,52,21.97,Victoria Smith,1-365-259-4153,N,,,,,,,
T003720,victoria.smith82@outlook.com,2025-08-26,66,22.48,Victoria Smith,1-365-259-4153,N,,,,,,,
T003760,victoria.smith82@outlook.com,2025-08-29,96,111.88,Victoria Smith,1-365-259-4153,N,,,,,,,
T004469,victoria.smith82@outlook.com,2025-10-26,124,98.02,Victoria Smith,1-365-259-4153,N,,,,,,,
T000263,william.ivanov235@hotmail.com,2024-11-20,30,29.05,William Ivanov,1-416-455-5984,N,,,,,,,
T000375,william.ivanov235@hotmail.com,2024-11-30,95,35.97,William Ivanov,1-416-455-5984,N,,,,,,,
T001187,william.ivanov235@hotmail.com,2025-02-07,95,33.47,William Ivanov,1-416-455-5984,N,,,,,,,
T001622,william.ivanov235@hotmail.com,2025-03-22,92,76.43,William Ivanov,1-416-455-5984,N,,,,,,,
T002214,william.ivanov235@hotmail.com,2025-05-10,143,47.48,William Ivanov,1-416-455-5984,N,,,,,,,
T002535,william.ivanov235@hotmail.com,2025-06-07,97,108.93,William Ivanov,1-416-455-5984,N,,,,,,,
T002627,william.ivanov235@hotmail.com,2025-06-13,122,93.48,William Ivanov,1-416-455-5984,N,,,,,,,
T003367,william.ivanov235@hotmail.com,2025-08-03,190,32.97,William Ivanov,1-416-455-5984,N,,,,,,,
T003584,william.ivanov235@hotmail.com,2025-08-17,101,68.95,William Ivanov,1-416-455-5984,N,,,,,,,
T004233,william.ivanov235@hotmail.com,2025-10-04,64,28.48,William Ivanov,1-416-455-5984,N,,,,,,,
T000667,william.khan206@hotmail.com,2024-12-18,102,32.99,William Khan,1-647-748-3789,Y,L000207,Frequent,4639,Female,35,1990-12-26,Marketing Specialist
T001150,william.khan206@hotmail.com,2025-02-02,52,58.96,William Khan,1-647-748-3789,Y,L000207,Frequent,4639,Female,35,1990-12-26,Marketing Specialist
T002438,william.khan206@hotmail.com,2025-05-30,59,93.4,William Khan,1-647-748-3789,Y,L000207,Frequent,4639,Female,35,1990-12-26,Marketing Specialist
T003426,william.khan206@hotmail.com,2025-08-07,39,140.17,William Khan,1-647-748-3789,Y,L000207,Frequent,4639,Female,35,1990-12-26,Marketing Specialist
T003984,william.khan206@hotmail.com,2025-09-14,129,75.95,William Khan,1-647-748-3789,Y,L000207,Frequent,4639,Female,35,1990-12-26,Marketing Specialist
T004122,william.khan206@hotmail.com,2025-09-26,93,62.45,William Khan,1-647-748-3789,Y,L000207,Frequent,4639,Female,35,1990-12-26,Marketing Specialist
T001566,william.kowalski126@gmail.com,2025-03-16,136,81.85,William Kowalski,1-905-432-534,Y,L000127,Frequent,5234,Male,35,1990-06-18,Student
T001567,william.kowalski126@gmail.com,2025-03-16,129,142.44,William Kowalski,1-905-432-534,Y,L000127,Frequent,5234,Male,35,1990-06-18,Student
T002609,william.kowalski126@gmail.com,2025-06-12,128,37.54,William Kowalski,1-905-432-534,Y,L000127,Frequent,5234,Male,35,1990-06-18,Student
T002913,william.kowalski126@gmail.com,2025-07-02,58,72.25,William Kowalski,1-905-432-534,Y,L000127,Frequent,5234,Male,35,1990-06-18,Student
T003344,william.kowalski126@gmail.com,2025-08-02,83,120.42,William Kowalski,1-905-432-534,Y,L000127,Frequent,5234,Male,35,1990-06-18,Student
T004093,william.kowalski126@gmail.com,2025-09-23,110,37.48,William Kowalski,1-905-432-534,Y,L000127,Frequent,5234,Male,35,1990-06-18,Student
T004408,william.kowalski126@gmail.com,2025-10-21,112,31.49,William Kowalski,1-905-432-534,Y,L000127,Frequent,5234,Male,35,1990-06-18,Student
T000066,william.lam111@gmail.com,2024-11-03,102,31.56,William Lam,1-416-800-7855,Y,L000112,Frequent,7459,Male,24,2001-10-06,Product Manager
T000623,william.lam111@gmail.com,2024-12-15,113,87.41,William Lam,1-416-800-7855,Y,L000112,Frequent,7459,Male,24,2001-10-06,Product Manager
T001033,william.lam111@gmail.com,2025-01-21,30,82.43,William Lam,1-416-800-7855,Y,L000112,Frequent,7459,Male,24,2001-10-06,Product Manager
T001107,william.lam111@gmail.com,2025-01-30,145,135.85,William Lam,1-416-800-7855,Y,L000112,Frequent,7459,Male,24,2001-10-06,Product Manager
T001609,william.lam111@gmail.com,2025-03-20,117,115.26,William Lam,1-416-800-7855,Y,L000112,Frequent,7459,Male,24,2001-10-06,Product Manager
T002191,william.lam111@gmail.com,2025-05-09,163,117.42,William Lam,1-416-800-7855,Y,L000112,Frequent,7459,Male,24,2001-10-06,Product Manager
T002324,william.lam111@gmail.com,2025-05-19,84,66.77,William Lam,1-416-800-7855,Y,L000112,Frequent,7459,Male,24,2001-10-06,Product Manager
T002889,william.lam111@gmail.com,2025-06-30,121,109.25,William Lam,1-416-800-7855,Y,L000112,Frequent,7459,Male,24,2001-10-06,Product Manager
T000487,william.macdonald386@gmail.com,2024-12-06,89,72.96,William MacDonald,1-416-535-277,N,,,,,,,
T000629,william.macdonald386@gmail.com,2024-12-15,130,103.42,William MacDonald,1-416-535-277,N,,,,,,,
T000927,william.macdonald386@gmail.com,2025-01-08,137,229.19,William MacDonald,1-416-535-277,N,,,,,,,
T001916,william.macdonald386@gmail.com,2025-04-16,79,90.93,William MacDonald,1-416-535-277,N,,,,,,,
T002047,william.macdonald386@gmail.com,2025-04-27,103,50.46,William MacDonald,1-416-535-277,N,,,,,,,
T002284,william.macdonald386@gmail.com,2025-05-16,76,81.43,William MacDonald,1-416-535-277,N,,,,,,,
T002331,william.macdonald386@gmail.com,2025-05-19,82,37.47,William MacDonald,1-416-535-277,N,,,,,,,
T003837,william.macdonald386@gmail.com,2025-09-02,76,28.97,William MacDonald,1-416-535-277,N,,,,,,,
T003898,william.macdonald386@gmail.com,2025-09-06,93,93.44,William MacDonald,1-416-535-277,N,,,,,,,
T000120,william.nguyen90@hotmail.com,2024-11-08,113,75.94,William Nguyen,1-365-220-8961,Y,L000091,Very Frequent,8363,Male,29,1996-09-08,Consultant
T000604,william.nguyen90@hotmail.com,2024-12-14,109,93.46,William Nguyen,1-365-220-8961,Y,L000091,Very Frequent,8363,Male,29,1996-09-08,Consultant
T001193,william.nguyen90@hotmail.com,2025-02-07,124,223.62,William Nguyen,1-365-220-8961,Y,L000091,Very Frequent,8363,Male,29,1996-09-08,Consultant
T001433,william.nguyen90@hotmail.com,2025-03-05,50,112.47,William Nguyen,1-365-220-8961,Y,L000091,Very Frequent,8363,Male,29,1996-09-08,Consultant
T001457,william.nguyen90@hotmail.com,2025-03-08,54,66.94,William Nguyen,1-365-220-8961,Y,L000091,Very Frequent,8363,Male,29,1996-09-08,Consultant
T002538,william.nguyen90@hotmail.com,2025-06-07,125,155.46,William Nguyen,1-365-220-8961,Y,L000091,Very Frequent,8363,Male,29,1996-09-08,Consultant
T002820,william.nguyen90@hotmail.com,2025-06-26,114,108.42,William Nguyen,1-365-220-8961,Y,L000091,Very Frequent,8363,Male,29,1996-09-08,Consultant
T000079,william.smith280@hotmail.com,2024-11-04,74,73.97,William Smith,1-416-238-8906,Y,L000281,Frequent,6685,Male,18,2007-12-01,Accountant
T000565,william.smith280@hotmail.com,2024-12-12,64,25.97,William Smith,1-416-238-8906,Y,L000281,Frequent,6685,Male,18,2007-12-01,Accountant
T001004,william.smith280@hotmail.com,2025-01-18,122,28.45,William Smith,1-416-238-8906,Y,L000281,Frequent,6685,Male,18,2007-12-01,Accountant
T001820,william.smith280@hotmail.com,2025-04-07,96,103.44,William Smith,1-416-238-8906,Y,L000281,Frequent,6685,Male,18,2007-12-01,Accountant
T002726,william.smith280@hotmail.com,2025-06-19,111,94.95,William Smith,1-416-238-8906,Y,L000281,Frequent,6685,Male,18,2007-12-01,Accountant
T003020,william.smith280@hotmail.com,2025-07-10,109,95.45,William Smith,1-416-238-8906,Y,L000281,Frequent,6685,Male,18,2007-12-01,Accountant
T003406,william.smith280@hotmail.com,2025-08-05,74,111.43,William Smith,1-416-238-8906,Y,L000281,Frequent,6685,Male,18,2007-12-01,Accountant
T004208,william.smith280@hotmail.com,2025-10-03,110,134.93,William Smith,1-416-238-8906,Y,L000281,Frequent,6685,Male,18,2007-12-01,Accountant
T000410,wyatt.brown146@outlook.com,2024-12-02,72,116.91,Wyatt Brown,1-416-376-7730,Y,L000147,Frequent,5810,Male,30,1995-07-22,Student
T000859,wyatt.brown146@outlook.com,2024-12-31,87,11.29,Wyatt Brown,1-416-376-7730,Y,L000147,Frequent,5810,Male,30,1995-07-22,Student
T001851,wyatt.brown146@outlook.com,2025-04-10,52,109.94,Wyatt Brown,1-416-376-7730,Y,L000147,Frequent,5810,Male,30,1995-07-22,Student
T002784,wyatt.brown146@outlook.com,2025-06-23,77,58.44,Wyatt Brown,1-416-376-7730,Y,L000147,Frequent,5810,Male,30,1995-07-22,Student
T003891,wyatt.brown146@outlook.com,2025-09-06,74,160.71,Wyatt Brown,1-416-376-7730,Y,L000147,Frequent,5810,Male,30,1995-07-22,Student
T004339,wyatt.brown146@outlook.com,2025-10-14,61,123.71,Wyatt Brown,1-416-376-7730,Y,L000147,Frequent,5810,Male,30,1995-07-22,Student
T000496,wyatt.brown357@gmail.com,2024-12-07,140,139.41,Wyatt Brown,1-905-450-663,N,,,,,,,
T001658,wyatt.brown357@gmail.com,2025-03-24,129,66.46,Wyatt Brown,1-905-450-663,N,,,,,,,
T002169,wyatt.brown357@gmail.com,2025-05-06,178,24.98,Wyatt Brown,1-905-450-663,N,,,,,,,
T002345,wyatt.brown357@gmail.com,2025-05-22,90,88.52,Wyatt Brown,1-905-450-663,N,,,,,,,
T003011,wyatt.brown357@gmail.com,2025-07-09,61,52.47,Wyatt Brown,1-905-450-663,N,,,,,,,
T003717,wyatt.brown357@gmail.com,2025-08-26,37,31.96,Wyatt Brown,1-905-450-663,N,,,,,,,
T003995,wyatt.brown357@gmail.com,2025-09-15,112,39.97,Wyatt Brown,1-905-450-663,N,,,,,,,
T004477,wyatt.brown357@gmail.com,2025-10-27,46,157.75,Wyatt Brown,1-905-450-663,N,,,,,,,
T000283,wyatt.garcia284@outlook.com,2024-11-22,117,13.56,Wyatt Garcia,1-905-202-7511,Y,L000285,Frequent,7058,Male,47,1978-05-19,Graphic Designer
T000552,wyatt.garcia284@outlook.com,2024-12-11,77,76.45,Wyatt Garcia,1-905-202-7511,Y,L000285,Frequent,7058,Male,47,1978-05-19,Graphic Designer
T000600,wyatt.garcia284@outlook.com,2024-12-14,123,131.89,Wyatt Garcia,1-905-202-7511,Y,L000285,Frequent,7058,Male,47,1978-05-19,Graphic Designer
T000707,wyatt.garcia284@outlook.com,2024-12-21,107,2.99,Wyatt Garcia,1-905-202-7511,Y,L000285,Frequent,7058,Male,47,1978-05-19,Graphic Designer
T002043,wyatt.garcia284@outlook.com,2025-04-27,55,127.96,Wyatt Garcia,1-905-202-7511,Y,L000285,Frequent,7058,Male,47,1978-05-19,Graphic Designer
T003279,wyatt.garcia284@outlook.com,2025-07-27,32,85.9,Wyatt Garcia,1-905-202-7511,Y,L000285,Frequent,7058,Male,47,1978-05-19,Graphic Designer
T004410,wyatt.garcia284@outlook.com,2025-10-21,119,183.65,Wyatt Garcia,1-905-202-7511,Y,L000285,Frequent,7058,Male,47,1978-05-19,Graphic Designer
T004436,wyatt.garcia284@outlook.com,2025-10-24,34,26.97,Wyatt Garcia,1-905-202-7511,Y,L000285,Frequent,7058,Male,47,1978-05-19,Graphic Designer
T004482,wyatt.garcia284@outlook.com,2025-10-27,103,56.46,Wyatt Garcia,1-905-202-7511,Y,L000285,Frequent,7058,Male,47,1978-05-19,Graphic Designer
T000700,wyatt.li279@yahoo.com,2024-12-21,66,64.49,Wyatt Li,1-905-399-7757,N,,,,,,,
T000770,wyatt.li279@yahoo.com,2024-12-25,128,104.9,Wyatt Li,1-905-399-7757,N,,,,,,,
T001317,wyatt.li279@yahoo.com,2025-02-22,101,115.46,Wyatt Li,1-905-399-7757,N,,,,,,,
T001904,wyatt.li279@yahoo.com,2025-04-15,141,102.22,Wyatt Li,1-905-399-7757,N,,,,,,,
T002520,wyatt.li279@yahoo.com,2025-06-06,138,25.48,Wyatt Li,1-905-399-7757,N,,,,,,,
T002909,wyatt.li279@yahoo.com,2025-07-01,92,360.32,Wyatt Li,1-905-399-7757,N,,,,,,,
T000657,wyatt.martin479@yahoo.com,2024-12-17,110,141.45,Wyatt Martin,1-289-988-614,Y,L000480,Very Frequent,8654,Non-binary,34,1991-02-04,Marketing Specialist
T001062,wyatt.martin479@yahoo.com,2025-01-24,126,218.47,Wyatt Martin,1-289-988-614,Y,L000480,Very Frequent,8654,Non-binary,34,1991-02-04,Marketing Specialist
T001955,wyatt.martin479@yahoo.com,2025-04-19,61,25.48,Wyatt Martin,1-289-988-614,Y,L000480,Very Frequent,8654,Non-binary,34,1991-02-04,Marketing Specialist
T002146,wyatt.martin479@yahoo.com,2025-05-04,164,93.43,Wyatt Martin,1-289-988-614,Y,L000480,Very Frequent,8654,Non-binary,34,1991-02-04,Marketing Specialist
T002745,wyatt.martin479@yahoo.com,2025-06-21,74,28.27,Wyatt Martin,1-289-988-614,Y,L000480,Very Frequent,8654,Non-binary,34,1991-02-04,Marketing Specialist
T002918,wyatt.martin479@yahoo.com,2025-07-02,30,75.95,Wyatt Martin,1-289-988-614,Y,L000480,Very Frequent,8654,Non-binary,34,1991-02-04,Marketing Specialist
T002970,wyatt.martin479@yahoo.com,2025-07-06,39,38.97,Wyatt Martin,1-289-988-614,Y,L000480,Very Frequent,8654,Non-binary,34,1991-02-04,Marketing Specialist
T004196,wyatt.martin479@yahoo.com,2025-10-02,108,54.46,Wyatt Martin,1-289-988-614,Y,L000480,Very Frequent,8654,Non-binary,34,1991-02-04,Marketing Specialist
T004297,wyatt.martin479@yahoo.com,2025-10-10,56,188.97,Wyatt Martin,1-289-988-614,Y,L000480,Very Frequent,8654,Non-binary,34,1991-02-04,Marketing Specialist
T000676,wyatt.su495@icloud.com,2024-12-19,113,135.91,Wyatt Su,1-289-587-5480,Y,L000496,Very Frequent,13498,Non-binary,21,2004-04-04,Research Assistant
T000901,wyatt.su495@icloud.com,2025-01-05,50,161.39,Wyatt Su,1-289-587-5480,Y,L000496,Very Frequent,13498,Non-binary,21,2004-04-04,Research Assistant
T001052,wyatt.su495@icloud.com,2025-01-23,139,123.94,Wyatt Su,1-289-587-5480,Y,L000496,Very Frequent,13498,Non-binary,21,2004-04-04,Research Assistant
T001196,wyatt.su495@icloud.com,2025-02-08,139,80.77,Wyatt Su,1-289-587-5480,Y,L000496,Very Frequent,13498,Non-binary,21,2004-04-04,Research Assistant
T001429,wyatt.su495@icloud.com,2025-03-05,131,173.14,Wyatt Su,1-289-587-5480,Y,L000496,Very Frequent,13498,Non-binary,21,2004-04-04,Research Assistant
T002928,wyatt.su495@icloud.com,2025-07-03,133,71.94,Wyatt Su,1-289-587-5480,Y,L000496,Very Frequent,13498,Non-binary,21,2004-04-04,Research Assistant
T003207,wyatt.su495@icloud.com,2025-07-23,119,58.47,Wyatt Su,1-289-587-5480,Y,L000496,Very Frequent,13498,Non-binary,21,2004-04-04,Research Assistant
T003224,wyatt.su495@icloud.com,2025-07-24,122,304.85,Wyatt Su,1-289-587-5480,Y,L000496,Very Frequent,13498,Non-binary,21,2004-04-04,Research Assistant
T004151,wyatt.su495@icloud.com,2025-09-28,53,122.47,Wyatt Su,1-289-587-5480,Y,L000496,Very Frequent,13498,Non-binary,21,2004-04-04,Research Assistant
T004424,wyatt.su495@icloud.com,2025-10-23,177,116.94,Wyatt Su,1-289-587-5480,Y,L000496,Very Frequent,13498,Non-binary,21,2004-04-04,Research Assistant
T001021,wyatt.tremblay128@hotmail.com,2025-01-19,96,180.66,Wyatt Tremblay,1-289-634-1018,Y,L000129,Frequent,6982,Female,42,1983-01-22,Truck Driver
T001121,wyatt.tremblay128@hotmail.com,2025-02-01,149,185.95,Wyatt Tremblay,1-289-634-1018,Y,L000129,Frequent,6982,Female,42,1983-01-22,Truck Driver
T001444,wyatt.tremblay128@hotmail.com,2025-03-06,93,19.47,Wyatt Tremblay,1-289-634-1018,Y,L000129,Frequent,6982,Female,42,1983-01-22,Truck Driver
T002472,wyatt.tremblay128@hotmail.com,2025-06-01,90,191.72,Wyatt Tremblay,1-289-634-1018,Y,L000129,Frequent,6982,Female,42,1983-01-22,Truck Driver
T002720,wyatt.tremblay128@hotmail.com,2025-06-18,74,47.76,Wyatt Tremblay,1-289-634-1018,Y,L000129,Frequent,6982,Female,42,1983-01-22,Truck Driver
T002868,wyatt.tremblay128@hotmail.com,2025-06-28,113,59.45,Wyatt Tremblay,1-289-634-1018,Y,L000129,Frequent,6982,Female,42,1983-01-22,Truck Driver
T004456,wyatt.tremblay128@hotmail.com,2025-10-25,103,13.28,Wyatt Tremblay,1-289-634-1018,Y,L000129,Frequent,6982,Female,42,1983-01-22,Truck Driver
T001355,wyatt.tremblay450@yahoo.com,2025-02-25,122,83.94,Wyatt Tremblay,1-905-706-2399,Y,L000451,Frequent,4353,Female,25,2000-12-08,Nurse
T001669,wyatt.tremblay450@yahoo.com,2025-03-25,99,54.96,Wyatt Tremblay,1-905-706-2399,Y,L000451,Frequent,4353,Female,25,2000-12-08,Nurse
T002526,wyatt.tremblay450@yahoo.com,2025-06-06,30,32.77,Wyatt Tremblay,1-905-706-2399,Y,L000451,Frequent,4353,Female,25,2000-12-08,Nurse
T002916,wyatt.tremblay450@yahoo.com,2025-07-02,69,109.47,Wyatt Tremblay,1-905-706-2399,Y,L000451,Frequent,4353,Female,25,2000-12-08,Nurse
T002983,wyatt.tremblay450@yahoo.com,2025-07-07,46,96.93,Wyatt Tremblay,1-905-706-2399,Y,L000451,Frequent,4353,Female,25,2000-12-08,Nurse
T004014,wyatt.tremblay450@yahoo.com,2025-09-17,106,57.26,Wyatt Tremblay,1-905-706-2399,Y,L000451,Frequent,4353,Female,25,2000-12-08,Nurse
T001219,zoey.huang368@outlook.com,2025-02-09,115,116.94,Zoey Huang,1-905-850-1617,Y,L000369,Frequent,5911,Male,43,1982-07-27,HR Coordinator
T001509,zoey.huang368@outlook.com,2025-03-12,47,77.94,Zoey Huang,1-905-850-1617,Y,L000369,Frequent,5911,Male,43,1982-07-27,HR Coordinator
T003313,zoey.huang368@outlook.com,2025-07-29,134,88.04,Zoey Huang,1-905-850-1617,Y,L000369,Frequent,5911,Male,43,1982-07-27,HR Coordinator
T003523,zoey.huang368@outlook.com,2025-08-13,192,217.21,Zoey Huang,1-905-850-1617,Y,L000369,Frequent,5911,Male,43,1982-07-27,HR Coordinator
T004012,zoey.huang368@outlook.com,2025-09-17,82,62.77,Zoey Huang,1-905-850-1617,Y,L000369,Frequent,5911,Male,43,1982-07-27,HR Coordinator
T004225,zoey.huang368@outlook.com,2025-10-04,124,28.28,Zoey Huang,1-905-850-1617,Y,L000369,Frequent,5911,Male,43,1982-07-27,HR Coordinator
T000164,zoey.kowalski247@icloud.com,2024-11-10,83,4.99,Zoey Kowalski,1-416-894-1356,Y,L000248,Frequent,5097,Male,24,2001-03-10,Operations Manager
T000349,zoey.kowalski247@icloud.com,2024-11-28,30,30.48,Zoey Kowalski,1-416-894-1356,Y,L000248,Frequent,5097,Male,24,2001-03-10,Operations Manager
T000356,zoey.kowalski247@icloud.com,2024-11-29,103,68.97,Zoey Kowalski,1-416-894-1356,Y,L000248,Frequent,5097,Male,24,2001-03-10,Operations Manager
T000776,zoey.kowalski247@icloud.com,2024-12-26,146,132.72,Zoey Kowalski,1-416-894-1356,Y,L000248,Frequent,5097,Male,24,2001-03-10,Operations Manager
T001833,zoey.kowalski247@icloud.com,2025-04-08,118,151.42,Zoey Kowalski,1-416-894-1356,Y,L000248,Frequent,5097,Male,24,2001-03-10,Operations Manager
T002263,zoey.kowalski247@icloud.com,2025-05-15,32,24.98,Zoey Kowalski,1-416-894-1356,Y,L000248,Frequent,5097,Male,24,2001-03-10,Operations Manager
T003768,zoey.kowalski247@icloud.com,2025-08-29,73,77.23,Zoey Kowalski,1-416-894-1356,Y,L000248,Frequent,5097,Male,24,2001-03-10,Operations Manager
T004394,zoey.kowalski247@icloud.com,2025-10-19,58,18.98,Zoey Kowalski,1-416-894-1356,Y,L000248,Frequent,5097,Male,24,2001-03-10,Operations Manager
T000008,zoey.nguyen372@outlook.com,2024-10-28,81,90.43,Zoey Nguyen,1-289-567-9216,Y,L000373,Frequent,6819,Male,25,2000-06-22,Nurse
T000842,zoey.nguyen372@outlook.com,2024-12-29,94,76.23,Zoey Nguyen,1-289-567-9216,Y,L000373,Frequent,6819,Male,25,2000-06-22,Nurse
T001120,zoey.nguyen372@outlook.com,2025-02-01,93,14.48,Zoey Nguyen,1-289-567-9216,Y,L000373,Frequent,6819,Male,25,2000-06-22,Nurse
T001152,zoey.nguyen372@outlook.com,2025-02-03,107,242.69,Zoey Nguyen,1-289-567-9216,Y,L000373,Frequent,6819,Male,25,2000-06-22,Nurse
T002000,zoey.nguyen372@outlook.com,2025-04-23,176,63.26,Zoey Nguyen,1-289-567-9216,Y,L000373,Frequent,6819,Male,25,2000-06-22,Nurse
T002010,zoey.nguyen372@outlook.com,2025-04-24,123,26.47,Zoey Nguyen,1-289-567-9216,Y,L000373,Frequent,6819,Male,25,2000-06-22,Nurse
T002756,zoey.nguyen372@outlook.com,2025-06-21,142,62.47,Zoey Nguyen,1-289-567-9216,Y,L000373,Frequent,6819,Male,25,2000-06-22,Nurse
T003153,zoey.nguyen372@outlook.com,2025-07-20,107,48.48,Zoey Nguyen,1-289-567-9216,Y,L000373,Frequent,6819,Male,25,2000-06-22,Nurse
T003861,zoey.nguyen372@outlook.com,2025-09-04,134,14.96,Zoey Nguyen,1-289-567-9216,Y,L000373,Frequent,6819,Male,25,2000-06-22,Nurse
T004240,zoey.nguyen372@outlook.com,2025-10-05,30,42.47,Zoey Nguyen,1-289-567-9216,Y,L000373,Frequent,6819,Male,25,2000-06-22,Nurse
T000829,zoey.roy215@gmail.com,2024-12-29,106,130.44,Zoey Roy,1-416-482-7053,N,,,,,,,
T001790,zoey.roy215@gmail.com,2025-04-05,109,24.97,Zoey Roy,1-416-482-7053,N,,,,,,,
T002634,zoey.roy215@gmail.com,2025-06-14,105,39.96,Zoey Roy,1-416-482-7053,N,,,,,,,
T003016,zoey.roy215@gmail.com,2025-07-10,147,61.48,Zoey Roy,1-416-482-7053,N,,,,,,,
T003908,zoey.roy215@gmail.com,2025-09-07,37,41.76,Zoey Roy,1-416-482-7053,N,,,,,,,
T004194,zoey.roy215@gmail.com,2025-10-02,109,177.91,Zoey Roy,1-416-482-7053,N,,,,,,,
T000950,zoey.roy271@outlook.com,2025-01-12,101,118.44,Zoey Roy,1-365-492-2916,Y,L000272,Frequent,7257,Male,25,2000-06-29,Graphic Designer
T000962,zoey.roy271@outlook.com,2025-01-14,54,136.7,Zoey Roy,1-365-492-2916,Y,L000272,Frequent,7257,Male,25,2000-06-29,Graphic Designer
T001407,zoey.roy271@outlook.com,2025-03-02,101,64.93,Zoey Roy,1-365-492-2916,Y,L000272,Frequent,7257,Male,25,2000-06-29,Graphic Designer
T001590,zoey.roy271@outlook.com,2025-03-19,83,40.48,Zoey Roy,1-365-492-2916,Y,L000272,Frequent,7257,Male,25,2000-06-29,Graphic Designer
T001652,zoey.roy271@outlook.com,2025-03-24,81,16.97,Zoey Roy,1-365-492-2916,Y,L000272,Frequent,7257,Male,25,2000-06-29,Graphic Designer
T001818,zoey.roy271@outlook.com,2025-04-06,98,105.43,Zoey Roy,1-365-492-2916,Y,L000272,Frequent,7257,Male,25,2000-06-29,Graphic Designer
T002144,zoey.roy271@outlook.com,2025-05-04,75,48.48,Zoey Roy,1-365-492-2916,Y,L000272,Frequent,7257,Male,25,2000-06-29,Graphic Designer
T002700,zoey.roy271@outlook.com,2025-06-17,60,56.44,Zoey Roy,1-365-492-2916,Y,L000272,Frequent,7257,Male,25,2000-06-29,Graphic Designer
T003242,zoey.roy271@outlook.com,2025-07-25,127,88.93,Zoey Roy,1-365-492-2916,Y,L000272,Frequent,7257,Male,25,2000-06-29,Graphic Designer
T003907,zoey.roy271@outlook.com,2025-09-07,134,48.97,Zoey Roy,1-365-492-2916,Y,L000272,Frequent,7257,Male,25,2000-06-29,Graphic Designer
T000005,zoey.su268@hotmail.com,2024-10-28,101,160.41,Zoey Su,1-437-514-9050,Y,L000269,Frequent,5455,Female,22,2003-11-03,Accountant
T000152,zoey.su268@hotmail.com,2024-11-10,80,80.92,Zoey Su,1-437-514-9050,Y,L000269,Frequent,5455,Female,22,2003-11-03,Accountant
T000334,zoey.su268@hotmail.com,2024-11-27,73,91.43,Zoey Su,1-437-514-9050,Y,L000269,Frequent,5455,Female,22,2003-11-03,Accountant
T000359,zoey.su268@hotmail.com,2024-11-29,83,4.99,Zoey Su,1-437-514-9050,Y,L000269,Frequent,5455,Female,22,2003-11-03,Accountant
T001013,zoey.su268@hotmail.com,2025-01-18,57,22.47,Zoey Su,1-437-514-9050,Y,L000269,Frequent,5455,Female,22,2003-11-03,Accountant
T002027,zoey.su268@hotmail.com,2025-04-26,107,91.92,Zoey Su,1-437-514-9050,Y,L000269,Frequent,5455,Female,22,2003-11-03,Accountant
T002867,zoey.su268@hotmail.com,2025-06-28,101,19.48,Zoey Su,1-437-514-9050,Y,L000269,Frequent,5455,Female,22,2003-11-03,Accountant
T003489,zoey.su268@hotmail.com,2025-08-11,58,73.94,Zoey Su,1-437-514-9050,Y,L000269,Frequent,5455,Female,22,2003-11-03,Accountant
T000420,zoey.white80@hotmail.com,2024-12-02,114,74.35,Zoey White,1-365-274-4441,N,,,,,,,
T001353,zoey.white80@hotmail.com,2025-02-25,109,46.74,Zoey White,1-365-274-4441,N,,,,,,,
T001458,zoey.white80@hotmail.com,2025-03-08,79,63.97,Zoey White,1-365-274-4441,N,,,,,,,
T001536,zoey.white80@hotmail.com,2025-03-14,94,41.47,Zoey White,1-365-274-4441,N,,,,,,,
T002568,zoey.white80@hotmail.com,2025-06-08,126,39.45,Zoey White,1-365-274-4441,N,,,,,,,
T003045,zoey.white80@hotmail.com,2025-07-12,149,36.06,Zoey White,1-365-274-4441,N,,,,,,,
T003772,zoey.white80@hotmail.com,2025-08-30,124,188.43,Zoey White,1-365-274-4441,N,,,,,,,
T003860,zoey.white80@hotmail.com,2025-09-04,30,57.44,Zoey White,1-365-274-4441,N,,,,,,,
T004163,zoey.white80@hotmail.com,2025-09-29,94,51.76,Zoey White,1-365-274-4441,N,,,,,,,
